Report ID,Report Version,Reporting Entity,Report Type,Report Month,Report Year,Report Submission Date,VIN,VIN - Unknown,Serial Number,Make,Model,Model - Unknown,Model Year,Model Year - Unknown,Same Vehicle ID,Mileage,Mileage - Unknown,Driver / Operator Type,ADAS/ADS System Version,ADAS/ADS System Version - Unk,ADAS/ADS System Version CBI,ADAS/ADS Hardware Version,ADAS/ADS Hardware Version - Unk,ADAS/ADS Hardware Version CBI,ADAS/ADS Software Version,ADAS/ADS Software Version - Unk,ADAS/ADS Software Version CBI,Other Reporting Entities?,Other Reporting Entities? - Unk,Other Reporting Entities? - NA,Federal Regulatory Exemption?,Other Federal Reg. Exemption,Federal Reg. Exemption - Unk,Federal Reg. Exemption - No,State or Local Permit?,State or Local Permit,ADS Equipped?,Automation System Engaged?,Operating Entity,Operating Entity - Unknown,Source - Complaint/Claim,Source - Telematics,Source - Law Enforcement,Source - Field Report,Source - Testing,Source - Media,Source - Other,Source - Other Text,Incident Date,Incident Date - Unknown,Notice Received Date,Incident Time (24:00),Incident Time - Unknown,Same Incident ID,Latitude,Latitude - Unknown,Longitude,Longitude - Unknown,Address,Address - Unknown,City,City - Unknown,State,Zip Code,Zip Code - Unknown,Roadway Type,Roadway Surface,Roadway Description,Posted Speed Limit (MPH),Posted Speed Limit - Unknown,Lighting,Weather - Clear,Weather - Snow,Weather - Cloudy,Weather - Fog/Smoke,Weather - Rain,Weather - Severe Wind,Weather - Unknown,Weather - Other,Weather - Other Text,Crash With,Highest Injury Severity Alleged,Property Damage?,CP Pre-Crash Movement,CP Any Air Bags Deployed?,CP Was Vehicle Towed?,CP Contact Area - Rear Left,CP Contact Area - Left,CP Contact Area - Front Left,CP Contact Area - Rear,CP Contact Area - Top,CP Contact Area - Front,CP Contact Area - Rear Right,CP Contact Area - Right,CP Contact Area - Front Right,CP Contact Area - Bottom,CP Contact Area - Unknown,SV Pre-Crash Movement,SV Any Air Bags Deployed?,SV Was Vehicle Towed?,SV Were All Passengers Belted?,SV Precrash Speed (MPH),SV Pre-crash Speed - Unknown,SV Contact Area - Rear Left,SV Contact Area - Left,SV Contact Area - Front Left,SV Contact Area - Rear,SV Contact Area - Top,SV Contact Area - Front,SV Contact Area - Rear Right,SV Contact Area - Right,SV Contact Area - Front Right,SV Contact Area - Bottom,SV Contact Area - Unknown,Data Availability - EDR,Data Availability - Police Rpt,Data Availability - Telematics,Data Availability - Complaints,Data Availability - Video,Data Availability - Other,Data Availability - No Data,Data Availability - Unknown,Law Enforcement Investigating?,Investigating Agency,Investigating Agency - Unknown,Rep Ent Or Mfr Investigating?,Investigating Officer Name,Inv. Officer Name - Unknown,Investigating Officer Phone,Inv. Officer Phone - Unknown,Investigating Officer Email,Inv. Officer Email - Unknown,Within ODD?,Within ODD? - CBI,Narrative,Narrative - CBI?
30270-10557,1,Waymo LLC,5-Day,,,APR-2025,SADHW2S16R1, ,N/A,Jaguar,I-Pace, ,2024, ,a4a290ec3edccd1,20872, ,None,5th Generation ADS, , ,5th Generation, , ,Version 9, , ,, ,Y,,, ,Y,No,,Yes,ADS,Waymo LLC, , ,Y, , , , , ,,APR-2025, ,APR-2025,13:09, ,338a4cb5b1c8f1c,[MAY CONTAIN PERSONALLY IDENTIFIABLE INFORMATION], ,[MAY CONTAIN PERSONALLY IDENTIFIABLE INFORMATION], ,[MAY CONTAIN PERSONALLY IDENTIFIABLE INFORMATION], ,Austin, ,TX ,[MAY CONTAIN PERSONALLY IDENTIFIABLE INFORMATION], ,Intersection,Dry,No Unusual Conditions,45, ,Daylight,Y, , , , , , , ,,Passenger Car,No Injuries Reported,Yes,Proceeding Straight,No,No, , , , , , , , ,Y, , ,Stopped,No,Yes,No Passengers in Vehicle,0, ,Y, , ,Y, , , , , , , , , ,Y, ,Y,Y, , ,No,, ,Yes,, ,, ,, ,Yes, ,"On April [XXX], 2025 at 1:09 PM CT a Waymo Autonomous Vehicle (""Waymo AV"") operating in Austin, Texas was in a collision involving a passenger car near [XXX] and [XXX]. 
The Waymo AV was preparing to make a right turn and merge into [XXX] from a roadway that was located south of [XXX]. While the Waymo AV remained stopped at a stop sign yielding to traffic, a passenger car traveling directly behind the Waymo AV made contact with the rear of the Waymo AV. At the time of the impact, the Waymo AV's Level 4 ADS was engaged in autonomous mode. Both vehicles sustained damage.
Waymo is reporting this crash under Request No. 1 of Standing General Order 2021-01 because a vehicle involved was towed away. Waymo may supplement or correct its reporting with additional information as it may become available.",
30610-10516,1,"Zoox, Inc.",Monthly,3,2025,APR-2025,5TDDGRFH1HS, ,N/A,Toyota,Highlander, ,2017, ,18e0636c317f80e,86339, ,In-Vehicle (Commercial / Test),203.25.03.28, , ,203.25.03.28, , ,203.25.03.28, , ,, ,Y,,, ,Y,Yes (specify below),NV DMV AVT Permit,Yes,ADS,Zoox, , , , ,Y,Y, , ,,MAR-2025, ,MAR-2025,21:31, ,82ab32ab92788c5,[MAY CONTAIN PERSONALLY IDENTIFIABLE INFORMATION], ,[MAY CONTAIN PERSONALLY IDENTIFIABLE INFORMATION], ,[MAY CONTAIN PERSONALLY IDENTIFIABLE INFORMATION], ,Las Vegas, ,NV ,[MAY CONTAIN PERSONALLY IDENTIFIABLE INFORMATION], ,Street,Dry,No Unusual Conditions,30, ,Dark - Lighted,Y, , , , , , , ,,Passenger Car,No Injuries Reported,Yes,Changing Lanes,No,No, , ,Y, , , , , , , , ,Stopped,No,No,Yes,0, , , , ,Y, , , , , , , , , ,Y, ,Y, , , ,Yes,Las Vegas Metro Police Department, ,No,,Y,,Y,,Y,Yes, ,"A Zoox vehicle (Vehicle 1), operating in autonomous mode, was stopped behind traffic in the right through-lane for a red traffic light on southbound [XXX] at [XXX] in Las Vegas. A passenger car (Vehicle 2) was also stopped for the same traffic light, directly behind the Zoox vehicle. After a few seconds, the Vehicle 2 driver, attempting to change lanes to the right, tapped the rear bumper of the Zoox vehicle with their front bumper. The Zoox operator then disengaged from autonomy. The Vehicle 2 driver then reversed and reattempted their lane change maneuver and tapped the stationary Zoox vehicle another time before merging into the right-turn-only lane. The Vehicle 2 driver did not stop to exchange information. The Zoox vehicle sustained minor damage to the rear bumper. There were no reported injuries. The police were notified by the Zoox vehicle operator but were not dispatched to the scene.",
30610-10511,1,"Zoox, Inc.",Monthly,3,2025,APR-2025,5TDDGRFH5KS, ,N/A,Toyota,Highlander, ,2019, ,11cf7f140115c4a,61172, ,In-Vehicle (Commercial / Test),346.25.03.16, , ,346.25.03.16, , ,346.25.03.16, , ,, ,Y,,, ,Y,Yes (specify below),NV DMV AVT Permit,Yes,ADS,Zoox, , , , ,Y,Y, , ,,MAR-2025, ,MAR-2025,12:22, ,a930be0f965eab9,[MAY CONTAIN PERSONALLY IDENTIFIABLE INFORMATION], ,[MAY CONTAIN PERSONALLY IDENTIFIABLE INFORMATION], ,[MAY CONTAIN PERSONALLY IDENTIFIABLE INFORMATION], ,Las Vegas, ,NV ,[MAY CONTAIN PERSONALLY IDENTIFIABLE INFORMATION], ,Intersection,Dry,No Unusual Conditions,35, ,Daylight,Y, , , , , , , ,,Passenger Car,No Injuries Reported,Yes,Making Right Turn,No,No, , , , , , , , ,Y, , ,Making Right Turn,No,No,Yes,1, ,Y, , , , , , , , , , , , ,Y, ,Y, , , ,No,, ,No,, ,, ,, ,Yes, ,"A Zoox vehicle (Vehicle 1) operating in autonomous mode was stopped in the right turn lane on eastbound [XXX], attempting a right turn at a traffic light onto [XXX] in Las Vegas. The Zoox vehicle began to move forward and then slowed gradually to yield to cross traffic with right of way when it was rear ended by a passenger car (Vehicle 2) behind. The Zoox vehicle operator then disengaged and pulled over. Both vehicles sustained minor damage. There were no reported injuries and the police were not called.",
30270-10435,1,Waymo LLC,Monthly,3,2025,APR-2025,SADHW2S18R1, ,N/A,Jaguar,I-Pace, ,2024, ,98deb204146ceda,20728, ,None,5th Generation ADS, , ,5th Generation, , ,Version 9, , ,, ,Y,,, ,Y,Yes (specify below),ADOT,Yes,ADS,Waymo LLC, , ,Y, , , , , ,,MAR-2025, ,MAR-2025,06:49, ,8cadeeb4404ec67,[MAY CONTAIN PERSONALLY IDENTIFIABLE INFORMATION], ,[MAY CONTAIN PERSONALLY IDENTIFIABLE INFORMATION], ,[MAY CONTAIN PERSONALLY IDENTIFIABLE INFORMATION], ,Phoenix, ,AZ ,[MAY CONTAIN PERSONALLY IDENTIFIABLE INFORMATION], ,Street,Dry,No Unusual Conditions,25, ,Daylight,Y, , , , , , , ,,Passenger Car,No Injuries Reported,Yes,Backing,No,No, , , ,Y, , , , , , , ,Parked,No,No,No Passengers in Vehicle,0, , , , , , ,Y, , , , , , , ,Y, ,Y,Y, , ,No,, ,Yes,, ,, ,, ,Yes, ,"On March [XXX], 2025 at 6:49 AM MT a Waymo Autonomous Vehicle (""Waymo AV"") operating in Phoenix, Arizona was in a collision involving a passenger car on [XXX] near [XXX]. 
The Waymo AV was parked at the curb facing south on [XXX] when a passenger car attempting to parallel park directly in front of the Waymo AV reversed, and the rear of the passenger car made contact with the front of the stationary Waymo AV. At the time of the impact, the Waymo AV's Level 4 ADS was engaged in autonomous mode. Both vehicles sustained damage.
Waymo is reporting this crash under Request No. 2 of Standing General Order 2021-01. Waymo may supplement or correct its reporting with additional information as it may become available.",
30270-10427,1,Waymo LLC,Monthly,3,2024,APR-2025,SADHW2S12R1, ,N/A,Jaguar,I-PACE, ,2024, ,1022c75a9f37dda,16868, ,None,5th Generation ADS, , ,5th Generation, , ,Version 9, , ,, ,Y,,, ,Y,Yes (specify below),ADOT,Yes,ADS,Waymo LLC, , ,Y, , , , , ,,MAR-2025, ,MAR-2025,16:10, ,3196dae38a5f098,[MAY CONTAIN PERSONALLY IDENTIFIABLE INFORMATION], ,[MAY CONTAIN PERSONALLY IDENTIFIABLE INFORMATION], ,[MAY CONTAIN PERSONALLY IDENTIFIABLE INFORMATION], ,Phoenix, ,AZ ,[MAY CONTAIN PERSONALLY IDENTIFIABLE INFORMATION], ,Intersection,Dry,No Unusual Conditions,35, ,Daylight,Y, , , , , , , ,,Passenger Car,No Injuries Reported,Yes,Proceeding Straight,No,No, , , , , ,Y, , , , , ,Stopped,No,No,Yes,0, , , , ,Y, , , , , , , , , ,Y, ,Y,Y, , ,No,, ,Yes,, ,, ,, ,Yes, ,"On March [XXX], 2025 at 4:10 PM MST a Waymo Autonomous Vehicle (""Waymo AV"") operating in Phoenix, Arizona was in a collision involving a passenger car on [XXX] at [XXX]. 
The Waymo AV was traveling northbound on [XXX] in the rightmost lane and came to a stop for a red light at the intersection at [XXX]. As the light remained red, a passenger car that was stopped directly behind the Waymo AV proceeded forward and the front of the passenger car made contact with the rear of the stationary Waymo AV. At the time of the impact, the Waymo AV's Level 4 ADS was engaged in autonomous mode. The Waymo AV sustained damage.
Waymo is reporting this crash under Request No. 2 of Standing General Order 2021-01. Waymo may supplement or correct its reporting with additional information as it may become available.",
30270-10340,1,Waymo LLC,Monthly,3,2025,APR-2025,SADHW2S17M1, ,N/A,Jaguar,I-Pace, ,2021, ,71d729512aa2a47,190039, ,None,5th Generation ADS, , ,5th Generation, , ,Version 9, , ,, ,Y,,, ,Y,Yes (specify below),ADOT,Yes,ADS,Waymo LLC, , ,Y, , , , , ,,MAR-2025, ,MAR-2025,15:42, ,efd2f737fa169f8,[MAY CONTAIN PERSONALLY IDENTIFIABLE INFORMATION], ,[MAY CONTAIN PERSONALLY IDENTIFIABLE INFORMATION], ,[MAY CONTAIN PERSONALLY IDENTIFIABLE INFORMATION], ,Phoenix, ,AZ ,[MAY CONTAIN PERSONALLY IDENTIFIABLE INFORMATION], ,Street,Dry,No Unusual Conditions,35, ,Daylight,Y, , , , , , , ,,Passenger Car,No Injuries Reported,Yes,Crossing into Opposing Lane,No,No, , , , , , , , ,Y, , ,Proceeding Straight,No,No,Yes,12, , , , , , , , ,Y, , , , , ,Y, ,Y,Y, , ,No,, ,Yes,, ,, ,, ,Yes, ,"On March [XXX], 2025 at 3:42 PM MT a Waymo Autonomous Vehicle (""Waymo AV"") operating in Phoenix, Arizona was in a collision involving a passenger car on [XXX] near [XXX]. 
The Waymo AV was traveling northbound in the leftmost lane of three lanes on [XXX], entering the dedicated left turn lane for the intersection with [XXX]. As the Waymo AV entered the left turn lane, a passenger car leaving a parking lot on the east side of the roadway began turning through the stopped queue of traffic in the three northbound lanes to enter the southbound lanes of [XXX]. As the passenger car crossed into the left dedicated turn lane the front passenger side of the passenger car made contact with the passenger side of the Waymo AV. At the time of the impact, the Waymo AV's Level 4 ADS was engaged in autonomous mode. Both vehicles sustained damage.
Waymo is reporting this crash under Request No. 2 of Standing General Order 2021-01. Waymo may supplement or correct its reporting with additional information as it may become available.",
30270-10328,1,Waymo LLC,Monthly,3,2025,APR-2025,SADHW2S1XR1, ,N/A,Jaguar,I-Pace, ,2024, ,f90c81fac5a1f26,21349, ,None,5th Generation ADS, , ,5th Generation, , ,Version 9, , ,, ,Y,,, ,Y,No,,Yes,ADS,Waymo LLC, , ,Y, , , , , ,,MAR-2025, ,MAR-2025,17:06, ,3c2713a1f402941,[MAY CONTAIN PERSONALLY IDENTIFIABLE INFORMATION], ,[MAY CONTAIN PERSONALLY IDENTIFIABLE INFORMATION], ,[MAY CONTAIN PERSONALLY IDENTIFIABLE INFORMATION], ,Austin, ,TX ,[MAY CONTAIN PERSONALLY IDENTIFIABLE INFORMATION], ,Parking Lot,Dry,No Unusual Conditions,30, ,Daylight,Y, , , , , , , ,,Passenger Car,No Injuries Reported,Yes,Backing,No,No, ,Y, , , , , , , , , ,Parked,No,No,"No, see Narrative",0, , , , ,Y, , , , , , , , , ,Y, ,Y,Y, , ,No,, ,Yes,, ,, ,, ,Yes, ,"On March [XXX], 2025 at 5:06 PM CT a Waymo Autonomous Vehicle (""Waymo AV"") operating in Austin, Texas was in a collision involving a passenger car in a parking lot off of [XXX] near [XXX].
The Waymo AV was parked in a parking lot driveway facing northwest for a passenger drop-off. A passenger car parked in a parking stall to the right of the Waymo AV reversed out of the parking stall, and the driver side of the passenger car made contact with the rear passenger side of the Waymo AV. The passenger, who was seated in the rear of the Waymo AV, was not belted at the time of the collision as they were preparing to exit the Waymo AV. At the time of the impact, the Waymo AV's Level 4 ADS was engaged in autonomous mode. Both vehicles sustained damage.
Waymo is reporting this crash under Request No. 2 of Standing General Order 2021-01. Waymo may supplement or correct its reporting with additional information as it may become available.",
30610-10473,1,"Zoox, Inc.",5-Day,,,APR-2025,7Z00XVHX2RK, ,N/A,Zoox,sedan, ,2024, ,5c7e51304f13f60,16018, ,None,B412.25.04.08, , ,B412.25.04.08, , ,B412.25.04.08, , ,, ,Y,,, ,Y,Yes (specify below),NV DMV AVT Permit,Yes,ADS,Zoox, , , , ,Y,Y, , ,,APR-2025, ,APR-2025,16:24, ,f0252c0264b68ef,[MAY CONTAIN PERSONALLY IDENTIFIABLE INFORMATION], ,[MAY CONTAIN PERSONALLY IDENTIFIABLE INFORMATION], ,[MAY CONTAIN PERSONALLY IDENTIFIABLE INFORMATION], ,Las Vegas, ,NV ,[MAY CONTAIN PERSONALLY IDENTIFIABLE INFORMATION], ,Street,Dry,No Unusual Conditions,45, ,Daylight,Y, , , , , , , ,,Passenger Car,No Injuries Reported,Yes,Stopped,No,No, , ,Y, , , , , , , , ,Lane / Road Departure,No,Yes,No Passengers in Vehicle,11, , , , , , , , , ,Y, , , , ,Y, ,Y, , , ,Yes,Las Vegas Metropolitan Police Department, ,Yes,,Y,,Y,,Y,Yes, ,"An unoccupied Zoox vehicle (Vehicle 1) was traveling in the right lane of eastbound [XXX] near [XXX] in Las Vegas when a passenger car (Vehicle 2) initiated an apparent attempt to make a left turn to cross the eastbound lanes in front of the Zoox vehicle to head west on [XXX]. Anticipating that vehicle 2 would continue onto westbound [XXX], the Zoox vehicle slowed and steered to the right. Instead, Vehicle 2 came to an abrupt stop fully yielding to the Zoox vehicle, and remained in the shoulder lane. The Zoox vehicle braked hard but contact was unavoidable. The front bumper and wheel of the Zoox vehicle made contact with the front bumper, fender, and headlight on the left side of Vehicle 2. The Zoox vehicle then came to a complete stop. The driver of Vehicle 2 reversed off of the roadway and stayed on-site to exchange information with the Zoox operations team. The Zoox vehicle was towed from the scene for inspection. It sustained minor damage to the fender and suspension. There were no reported injuries. The police were notified by the Zoox remote operations team but were not dispatched to the scene.",
31101-10433,1,Avride Inc. (Yandex),Monthly,3,2025,APR-2025,KM8KN4AE5PU, ,[MAY CONTAIN PERSONALLY IDENTIFIABLE INFORMATION],Hyundai,Ioniq 5, ,2023, ,fda534917253b30,8273, ,In-Vehicle (Commercial / Test),,Y, ,,Y, ,,Y, ,, ,Y,,, ,Y,No,,Yes,"Unknown, see Narrative",Avride INC, ,Y, , , , , , ,,MAR-2025, ,MAR-2025,11:56, ,9f7dced891ca3f9,[MAY CONTAIN PERSONALLY IDENTIFIABLE INFORMATION], ,[MAY CONTAIN PERSONALLY IDENTIFIABLE INFORMATION], ,[MAY CONTAIN PERSONALLY IDENTIFIABLE INFORMATION], ,Austin, ,TX ,[MAY CONTAIN PERSONALLY IDENTIFIABLE INFORMATION], ,Street,Dry,No Unusual Conditions,30, ,Daylight,Y, , , , , , , ,,Passenger Car,No Injuries Reported,Yes,Entering Traffic,No,Unknown, , ,Y, , ,Y, , ,Y, , ,Proceeding Straight,No,No,Yes,30, ,Y, , , , , , , , , , , ,Y,Y, ,Y, , , ,Yes,Austin Police Department, ,No,,Y,,Y,,Y,Yes, ,"Our car was driving straight with a safety driver in control. Another vehicle, entering traffic from a parking lot through the opposite lane, struck the rear side of our car. Our vehicle sustained minor damage.",
30270-10384,1,Waymo LLC,5-Day,,,APR-2025,SADHW2S10R1, ,N/A,Jaguar,I-PACE, ,2024, ,81f7e30bd97ce7d,24109, ,None,5th Generation ADS, , ,5th Generation, , ,Version 9, , ,, ,Y,,, ,Y,Yes (specify below),ADOT,Yes,ADS,Waymo LLC, , ,Y, , , , , ,,APR-2025, ,APR-2025,15:42, ,f1aff313f9385a8,[MAY CONTAIN PERSONALLY IDENTIFIABLE INFORMATION], ,[MAY CONTAIN PERSONALLY IDENTIFIABLE INFORMATION], ,[MAY CONTAIN PERSONALLY IDENTIFIABLE INFORMATION], ,Scottsdale, ,AZ ,[MAY CONTAIN PERSONALLY IDENTIFIABLE INFORMATION], ,Intersection,Dry,No Unusual Conditions,40, ,Daylight,Y, , , , , , , ,,Passenger Car,No Injuries Reported,Yes,Making Left Turn,No,No, , , , , , , , ,Y, , ,Stopped,No,Yes,Yes,0, ,Y, , , , , , , , , , , , ,Y, ,Y,Y, , ,No,, ,Yes,, ,, ,, ,Yes, ,"On April [XXX], 2025 at 3:42 PM MST a Waymo Autonomous Vehicle (""Waymo AV"") operating in Scottsdale, Arizona was in a collision involving a passenger car on [XXX] at [XXX]. 
The Waymo AV was traveling westbound on [XXX] and preparing to make a protected left turn onto [XXX] from the rightmost of two left turn lanes, when the traffic light changed to yellow as the Waymo AV approached the entrance of the intersection. The Waymo AV entered the intersection to make the left turn, but came to a stop when the traffic light turned red, yielding to oncoming traffic in the eastbound direction that now had a green light. While the Waymo AV remained stopped, a passenger car that was turning directly behind the Waymo AV maneuvered around the left side of the Waymo AV and the front passenger side of the passenger car made contact with the rear driver side of the Waymo AV. At the time of the impact, the Waymo AV's Level 4 ADS was engaged in autonomous mode. The Waymo AV sustained damage.
Waymo is reporting this crash under Request No. 1 of Standing General Order 2021-01 because a vehicle involved was towed away. Waymo may supplement or correct its reporting with additional information as it may become available.",
30270-10184,2,Waymo LLC,10-Day Update,,,MAR-2025,SADHW2S13R1, ,N/A,Jaguar,I-Pace, ,2024, ,9c1e8659033f681,4980, ,None,5th Generation ADS, , ,5th Generation, , ,Version 9, , ,, ,Y,,, ,Y,Yes (specify below),ADOT,Yes,ADS,Waymo LLC, , ,Y, , , , , ,,MAR-2025, ,MAR-2025,23:52, ,3f64f6051e66deb,[MAY CONTAIN PERSONALLY IDENTIFIABLE INFORMATION], ,[MAY CONTAIN PERSONALLY IDENTIFIABLE INFORMATION], ,[MAY CONTAIN PERSONALLY IDENTIFIABLE INFORMATION], ,Tempe, ,AZ ,[MAY CONTAIN PERSONALLY IDENTIFIABLE INFORMATION], ,Parking Lot,Dry,No Unusual Conditions,15, ,Dark - Lighted,Y, , , , , , , ,,Passenger Car,No Injuries Reported,Yes,Proceeding Straight,No,No, , , , , ,Y, , , , , ,Stopped,No,No,No Passengers in Vehicle,0, , , , ,Y, , , , , , , , , ,Y, ,Y,Y, , ,Yes,Tempe Police Department, ,Yes,[MAY CONTAIN PERSONALLY IDENTIFIABLE INFORMATION], ,,Y,,Y,Yes, ,"The content of this report is unchanged from the initial report submitted on March [XXX], 2025 [REDACTED, MAY CONTAIN CONFIDENTIAL BUSINESS INFORMATION]. 
On March [XXX], 2025 at 11:52 PM MT a Waymo Autonomous Vehicle (""Waymo AV"") operating in Tempe, Arizona was in a collision involving a passenger car in a parking lot at [XXX].
The Waymo AV was exiting a parking lot at [XXX] when it slowed to a stop to yield for pedestrians entering the crosswalk ahead. As the Waymo AV remained stopped, a passenger car directly behind the Waymo AV approached the Waymo AV from behind, and the front of the passenger car made contact with the rear of the Waymo AV. The passenger car continued to proceed straight, nudging the Waymo AV forward as the front of the passenger car continued to make contact with the rear of the Waymo AV. The passenger car then passed the Waymo AV on the left and proceeded to exit the parking lot just after the pedestrians had finished crossing. At the time of the impact, the Waymo AV's Level 4 ADS was engaged in autonomous mode. Both vehicles sustained damage. 
Waymo is reporting this crash under Request No. 1 of Standing General Order 2021-01 because a vulnerable road user influenced the driving task of a vehicle involved. Waymo may supplement or correct its reporting with additional information as it may become available.",
30270-10138,1,Waymo LLC,Monthly,2,2025,MAR-2025,SADHW2S11M1, ,N/A,Jaguar,I-PACE, ,2021, ,376c8139f54419f,142763, ,None,5th Generation ADS, , ,5th Generation, , ,Version 9, , ,, ,Y,,, ,Y,Yes (specify below),ADOT,Yes,ADS,Waymo LLC, , ,Y, , , , , ,,FEB-2025, ,FEB-2025,18:34, ,5313d36258c04e8,[MAY CONTAIN PERSONALLY IDENTIFIABLE INFORMATION], ,[MAY CONTAIN PERSONALLY IDENTIFIABLE INFORMATION], ,[MAY CONTAIN PERSONALLY IDENTIFIABLE INFORMATION], ,Phoenix, ,AZ ,[MAY CONTAIN PERSONALLY IDENTIFIABLE INFORMATION], ,Street,Dry,No Unusual Conditions,40, ,Daylight, , ,Y, , , , , ,,Passenger Car,No Injuries Reported,Yes,Changing Lanes,No,No, , , , , , , , ,Y, , ,Proceeding Straight,No,No,No Passengers in Vehicle,40, ,Y, , , , , , , , , , , , ,Y, ,Y,Y, , ,No,, ,Yes,, ,, ,, ,Yes, ,"On February [XXX], 2025 at 6:34 PM MT a Waymo Autonomous Vehicle (""Waymo AV"") operating in Phoenix, Arizona was in a collision involving a passenger car on [XXX]. 
The Waymo AV was traveling northwest in the leftmost lane on [XXX] when a passenger car approached the Waymo AV from behind. The passenger car began maneuvering around the Waymo AV and into the bi-directional center turn lane, and the front passenger side of the passenger car made contact with the rear driver side of the Waymo AV. At the time of the impact, the Waymo AV's Level 4 ADS was engaged in autonomous mode. The Waymo AV sustained damage.
Waymo is reporting this crash under Request No. 2 of Standing General Order 2021-01. Waymo may supplement or correct its reporting with additional information as it may become available.",
30270-10085,1,Waymo LLC,Monthly,2,2025,MAR-2025,SADHW2S10M1, ,N/A,Jaguar,I-PACE, ,2021, ,eb8a0c2bd48a564,198129, ,None,5th Generation ADS, , ,5th Generation, , ,Version 9, , ,, ,Y,,, ,Y,Yes (specify below),ADOT,Yes,ADS,Waymo LLC, , ,Y, , , , , ,,FEB-2025, ,FEB-2025,21:02, ,be3d629bd7d432c,[MAY CONTAIN PERSONALLY IDENTIFIABLE INFORMATION], ,[MAY CONTAIN PERSONALLY IDENTIFIABLE INFORMATION], ,[MAY CONTAIN PERSONALLY IDENTIFIABLE INFORMATION], ,Phoenix, ,AZ ,[MAY CONTAIN PERSONALLY IDENTIFIABLE INFORMATION], ,Street,Dry,No Unusual Conditions,35, ,Dark - Lighted,Y, , , , , , , ,,Passenger Car,No Injuries Reported,Yes,Proceeding Straight,No,No, , , , , ,Y, , , , , ,Proceeding Straight,No,No,Yes,12, , , , ,Y, , , , , , , , , ,Y, ,Y,Y, , ,Yes,Phoenix Police Department, ,Yes,[MAY CONTAIN PERSONALLY IDENTIFIABLE INFORMATION], ,[MAY CONTAIN PERSONALLY IDENTIFIABLE INFORMATION], ,,Y,Yes, ,"On February [XXX], 2025 at 9:02 PM MT a Waymo Autonomous Vehicle (""Waymo AV"") operating in Phoenix, Arizona was in a collision involving a passenger car on[XXX]. 
The Waymo AV was traveling northbound on [XXX] in the dedicated left turn lane, slowing for a queue of traffic stopped at the intersection at [XXX]. A passenger car approached the Waymo AV from behind, and the front of the passenger car made contact with the rear of the Waymo AV. At the time of the impact, the Waymo AV's Level 4 ADS was engaged in autonomous mode. The Waymo AV sustained damage.
Waymo is reporting this crash under Request No. 2 of Standing General Order 2021-01. Waymo may supplement or correct its reporting with additional information as it may become available.",
669-10259,1,Hyundai Motor America,Monthly,2,2025,MAR-2025,PFDKB4AE4RF, ,N/A,Hyundai,IONIQ 5, ,2024, ,2d388d4948c1138,,Y,In-Vehicle (Commercial / Test),"[REDACTED, MAY CONTAIN CONFIDENTIAL BUSINESS INFORMATION]", ,Y,"[REDACTED, MAY CONTAIN CONFIDENTIAL BUSINESS INFORMATION]", ,Y,"[REDACTED, MAY CONTAIN CONFIDENTIAL BUSINESS INFORMATION]", ,Y,Hyundai Motor America, , ,,, ,Y,Yes (specify below),Nevada,Yes,ADS,Motional, , , , ,Y, , , ,,FEB-2025, ,FEB-2025,15:38, ,4ce5e32b26da9ff,[MAY CONTAIN PERSONALLY IDENTIFIABLE INFORMATION], ,[MAY CONTAIN PERSONALLY IDENTIFIABLE INFORMATION], ,[MAY CONTAIN PERSONALLY IDENTIFIABLE INFORMATION], ,Las Vegas, ,NV ,[MAY CONTAIN PERSONALLY IDENTIFIABLE INFORMATION], ,Intersection,Dry,No Unusual Conditions,35, ,Unknown,Y, , , , , , , ,,Passenger Car,No Injuries Reported,Yes,"Other, see Narrative",No,No, , , , , ,Y, , , , , ,"Other, see Narrative",No,No,Yes,0, , , , ,Y, , , , , , , , , , , ,Y, , , ,No,, ,Yes,, ,, ,, ,Yes, ,"In cooperation with Motional, the following is their summary of the incident:
On February [XXX], 2025, at 3:38 PM PT, a Motional AV with VIN PFDKB4AE4RF[XXX] was operating in autonomous mode in Las Vegas, Nevada. A safety driver was in the driver's seat, and two Motional employees were in the backseat.
The AV was traveling [REDACTED, MAY CONTAIN CONFIDENTIAL BUSINESS INFORMATION], preparing to make a right turn onto [REDACTED, MAY CONTAIN CONFIDENTIAL BUSINESS INFORMATION]. While in the right-turn lane, the AV came to a complete stop at a yield sign and a Mazda vehicle rear-ended the AV at approximately 5-10 MPH. Following the impact, the safety driver assumed control of the vehicle and pulled safety over to exchange information.
No injuries were reported by any of the vehicle occupants, and no airbags deployed. The AV sustained damage to the trunk. All vehicles remained drivable and left the scene
under their own power without needing a tow truck. Law enforcement was not contacted at the time of the incident however, if a police report becomes available, a copy will be
provided.",Y