Report ID,Report Version,Reporting Entity,Report Type,Report Month,Report Year,Report Submission Date,VIN,VIN - Unknown,Serial Number,Make,Model,Model - Unknown,Model Year,Model Year - Unknown,Same Vehicle ID,Mileage,Mileage - Unknown,Driver / Operator Type,ADAS/ADS System Version,ADAS/ADS System Version - Unk,ADAS/ADS System Version CBI,ADAS/ADS Hardware Version,ADAS/ADS Hardware Version - Unk,ADAS/ADS Hardware Version CBI,ADAS/ADS Software Version,ADAS/ADS Software Version - Unk,ADAS/ADS Software Version CBI,Other Reporting Entities?,Other Reporting Entities? - Unk,Other Reporting Entities? - NA,Federal Regulatory Exemption?,Other Federal Reg. Exemption,Federal Reg. Exemption - Unk,Federal Reg. Exemption - No,State or Local Permit?,State or Local Permit,ADS Equipped?,Automation System Engaged?,Operating Entity,Operating Entity - Unknown,Source - Complaint/Claim,Source - Telematics,Source - Law Enforcement,Source - Field Report,Source - Testing,Source - Media,Source - Other,Source - Other Text,Incident Date,Incident Date - Unknown,Notice Received Date,Incident Time (24:00),Incident Time - Unknown,Same Incident ID,Latitude,Latitude - Unknown,Longitude,Longitude - Unknown,Address,Address - Unknown,City,City - Unknown,State,Zip Code,Zip Code - Unknown,Roadway Type,Roadway Surface,Roadway Description,Posted Speed Limit (MPH),Posted Speed Limit - Unknown,Lighting,Weather - Clear,Weather - Snow,Weather - Cloudy,Weather - Fog/Smoke,Weather - Rain,Weather - Severe Wind,Weather - Unknown,Weather - Other,Weather - Other Text,Crash With,Highest Injury Severity Alleged,Property Damage?,CP Pre-Crash Movement,CP Any Air Bags Deployed?,CP Was Vehicle Towed?,CP Contact Area - Rear Left,CP Contact Area - Left,CP Contact Area - Front Left,CP Contact Area - Rear,CP Contact Area - Top,CP Contact Area - Front,CP Contact Area - Rear Right,CP Contact Area - Right,CP Contact Area - Front Right,CP Contact Area - Bottom,CP Contact Area - Unknown,SV Pre-Crash Movement,SV Any Air Bags Deployed?,SV Was Vehicle Towed?,SV Were All Passengers Belted?,SV Precrash Speed (MPH),SV Pre-crash Speed - Unknown,SV Contact Area - Rear Left,SV Contact Area - Left,SV Contact Area - Front Left,SV Contact Area - Rear,SV Contact Area - Top,SV Contact Area - Front,SV Contact Area - Rear Right,SV Contact Area - Right,SV Contact Area - Front Right,SV Contact Area - Bottom,SV Contact Area - Unknown,Data Availability - EDR,Data Availability - Police Rpt,Data Availability - Telematics,Data Availability - Complaints,Data Availability - Video,Data Availability - Other,Data Availability - No Data,Data Availability - Unknown,Law Enforcement Investigating?,Investigating Agency,Investigating Agency - Unknown,Rep Ent Or Mfr Investigating?,Investigating Officer Name,Inv. Officer Name - Unknown,Investigating Officer Phone,Inv. Officer Phone - Unknown,Investigating Officer Email,Inv. Officer Email - Unknown,Within ODD?,Within ODD? - CBI,Narrative,Narrative - CBI?
31101-9685,1,Avride Inc. (Yandex),Monthly,12,2024,JAN-2025,KM8KN4AE5NU, ,N/A,Huyndai,Ioniq 5, ,2022, ,86b345faf7012a2,30000, ,In-Vehicle (Commercial / Test),,Y, ,,Y, ,,Y, ,, ,Y,,, ,Y,No,,Yes,"Unknown, see Narrative",Avride, ,Y, , , , , , ,,DEC-2024, ,DEC-2024,14:52, ,cc641826176439e,[MAY CONTAIN PERSONALLY IDENTIFIABLE INFORMATION], ,[MAY CONTAIN PERSONALLY IDENTIFIABLE INFORMATION], ,[MAY CONTAIN PERSONALLY IDENTIFIABLE INFORMATION], ,Austin, ,TX ,[MAY CONTAIN PERSONALLY IDENTIFIABLE INFORMATION], ,Intersection,Dry,No Unusual Conditions,35, ,Daylight,Y, , , , , , , ,,Passenger Car,No Injuries Reported,Yes,Proceeding Straight,Unknown,No, , , , , ,Y, , , , , ,Stopped,No,No,Yes,0, , , , ,Y, , , , , , , , ,Y,Y, ,Y, , , ,Yes,Austin Police Department, ,No,,Y,,Y,,Y,Yes, ,"The Avride vehicle stopped at the intersection, yielding to oncoming traffic. A car hit the Avride vehicle from behind. Immediately after the collision, the other car left without providing contact information. The damage to our vehicle was minor, and a police report has been filed.",
30270-9567,1,Waymo LLC,Monthly,12,2024,JAN-2025,SADHW2S14M1, ,N/A,JLR,I-PACE, ,2021, ,09f6e9bd642f040,186186, ,None,5th Generation ADS, , ,5th Generation, , ,Version 9, , ,, ,Y,,, ,Y,Yes (specify below),ADOT,Yes,ADS,Waymo LLC, , ,Y, , , , , ,,DEC-2024, ,DEC-2024,00:29, ,30a9b677a07aa9d,[MAY CONTAIN PERSONALLY IDENTIFIABLE INFORMATION], ,[MAY CONTAIN PERSONALLY IDENTIFIABLE INFORMATION], ,[MAY CONTAIN PERSONALLY IDENTIFIABLE INFORMATION], ,Phoenix, ,AZ ,[MAY CONTAIN PERSONALLY IDENTIFIABLE INFORMATION], ,Street,Dry,No Unusual Conditions,25, ,Dark - Lighted,Y, , , , , , , ,,Passenger Car,No Injuries Reported,Yes,Backing,No,No, , , ,Y, , , , , , , ,Parked,No,No,No Passengers in Vehicle,0, , , , , , ,Y, , , , , , , ,Y, ,Y,Y, , ,No,, ,Yes,, ,, ,, ,Yes, ,"On December [XXX], 2024 at 12:29 AM MT a Waymo Autonomous Vehicle (""Waymo AV"") operating in Phoenix, Arizona was in a collision involving a passenger car on [XXX] near [XXX]. 
The Waymo AV was parked at the curb facing eastbound on [XXX] when a passenger vehicle began to parallel park in front of the Waymo AV. As the passenger vehicle was reversing, the rear of the passenger car made contact with the front of the stationary Waymo AV. At the time of the impact, the Waymo AV's Level 4 ADS was engaged in autonomous mode. The Waymo AV sustained damage.
Waymo is reporting this crash under Request No. 2 of Standing General Order 2021-01. Waymo may supplement or correct its reporting with additional information as it may become available.",
30270-9555,1,Waymo LLC,Monthly,12,2024,JAN-2025,SADHW2S11R1, ,N/A,JLR,I-PACE, ,2024, ,08dad0c4fb2f8a7,20610, ,None,5th Generation ADS, , ,5th Generation, , ,Version 9, , ,, ,Y,,, ,Y,Yes (specify below),ADOT,Yes,ADS,Waymo LLC, , ,Y, , , , , ,,DEC-2024, ,DEC-2024,09:02, ,ac3019be0839ada,[MAY CONTAIN PERSONALLY IDENTIFIABLE INFORMATION], ,[MAY CONTAIN PERSONALLY IDENTIFIABLE INFORMATION], ,[MAY CONTAIN PERSONALLY IDENTIFIABLE INFORMATION], ,Phoenix, ,AZ ,[MAY CONTAIN PERSONALLY IDENTIFIABLE INFORMATION], ,Street,Dry,No Unusual Conditions,25, ,Daylight,Y, , , , , , , ,,Passenger Car,No Injuries Reported,Yes,Backing,No,No, , , ,Y, , , , , , , ,Parked,No,No,No Passengers in Vehicle,0, , , , , , ,Y, , , , , , , ,Y, ,Y,Y, , ,No,, ,Yes,, ,, ,, ,Yes, ,"On December [XXX], 2024 at 9:02 AM MT a Waymo Autonomous Vehicle (""Waymo AV"") operating in Phoenix, Arizona was in a collision involving a passenger car on [XXX] at [XXX]. 
The Waymo AV was parked at the curb facing north on [XXX]. A passenger car on [XXX] stopped and began to parallel park into the space directly in front of the Waymo AV. As the passenger car began reversing the rear of the passenger car made contact with the front of the stationary Waymo AV. At the time of the impact, the Waymo AV's Level 4 ADS was engaged in autonomous mode.  The Waymo AV sustained damage.
Waymo is reporting this crash under Request No. 2 of Standing General Order 2021-01.  Waymo may supplement or correct its reporting with additional information as it may become available.",
30270-9596,1,Waymo LLC,Monthly,12,2024,JAN-2025,SADHW2S13R1, ,N/A,JLR,I-PACE, ,2024, ,baa4f8e1d9ca86a,21654, ,None,5th Generation ADS, , ,5th Generation, , ,Version 9, , ,, ,Y,,, ,Y,Yes (specify below),ADOT,Yes,ADS,Waymo LLC, , ,Y, , , , , ,,DEC-2024, ,DEC-2024,11:37, ,9e782aa378c2cf8,[MAY CONTAIN PERSONALLY IDENTIFIABLE INFORMATION], ,[MAY CONTAIN PERSONALLY IDENTIFIABLE INFORMATION], ,[MAY CONTAIN PERSONALLY IDENTIFIABLE INFORMATION], ,Phoenix, ,AZ ,[MAY CONTAIN PERSONALLY IDENTIFIABLE INFORMATION], ,Parking Lot,Dry,No Unusual Conditions,15, ,Daylight,Y, , , , , , , ,,Passenger Car,No Injuries Reported,Yes,Passing,No,No, , , , , , , ,Y, , , ,Parked,No,No,No Passengers in Vehicle,0, ,Y, , , , , , , , , , , , ,Y, ,Y,Y, , ,No,, ,Yes,, ,, ,, ,Yes, ,"On December [XXX], 2024 at  11:37 AM MT a Waymo Autonomous Vehicle (""Waymo AV"") operating in Phoenix, Arizona was in a collision involving a passenger car in a shopping center parking lot near [XXX].
The Waymo AV was stopped in a shopping center parking lot for a passenger pickup when a passenger car that had been behind the Waymo AV began to maneuver around the Waymo AV on its left. As the passenger car was passing the stopped Waymo AV, the passenger side of the passenger car made contact with the rear driver side of the Waymo AV. At the time of the impact, the Waymo AV's Level 4 ADS was engaged in autonomous mode. Both vehicles sustained damage.
Waymo is reporting this crash under Request No. 2 of Standing General Order 2021-01. Waymo may supplement or correct its reporting with additional information as it may become available.",
30270-9634,1,Waymo LLC,5-Day,,,JAN-2025,SADHW2S12R1, ,N/A,JLR,I-PACE, ,2024, ,e6cb042e7b5d447,34340, ,None,5th Generation ADS, , ,5th Generation, , ,Version 9, , ,, ,Y,,, ,Y,Yes (specify below),ADOT,Yes,ADS,Waymo LLC, , ,Y, , , , , ,,JAN-2025, ,JAN-2025,16:04, ,0b3397956e35406,[MAY CONTAIN PERSONALLY IDENTIFIABLE INFORMATION], ,[MAY CONTAIN PERSONALLY IDENTIFIABLE INFORMATION], ,[MAY CONTAIN PERSONALLY IDENTIFIABLE INFORMATION], ,Phoenix, ,AZ ,[MAY CONTAIN PERSONALLY IDENTIFIABLE INFORMATION], ,Intersection,Dry,No Unusual Conditions,40, ,Daylight,Y, , , , , , , ,,Passenger Car,Moderate,Yes,Proceeding Straight,No,No, , , , , , , , ,Y, , ,Making Right Turn,No,Yes,Yes,2, ,Y, , , , , , , , , , , , ,Y, ,Y,Y, , ,Yes,Phoenix Police Department, ,Yes,[MAY CONTAIN PERSONALLY IDENTIFIABLE INFORMATION], ,,Y,,Y,Yes, ,"On January [XXX], 2025 at 4:04 PM MT a Waymo Autonomous Vehicle (Waymo AV) operating in Phoenix, Arizona was in a collision involving a passenger car on [XXX] at [XXX]. 
The Waymo AV was traveling in the rightmost lane of northbound [XXX] when it entered the dedicated right turn lane as it approached the intersection with [XXX]. The Waymo AV slowed to a stop to yield to traffic traveling east on [XXX] as it prepared to make a right turn onto [XXX]. As the Waymo AV initiated a right turn onto eastbound [XXX], a passenger car traveling directly behind the Waymo AV approached the Waymo AV from behind. The front passenger side of the passenger car made contact with the rear driver side of the Waymo AV. At the time of the impact, the Waymo AVs Level 4 ADS was engaged in autonomous mode. The passenger in the Waymo AV reported a moderate injury. Both vehicles sustained damage.
Waymo is reporting this crash under Request No. 1 of Standing General Order 2021-0 because a vehicle involved was towed away. Waymo may supplement or correct its reporting with additional information as it may become available.",
30270-9571,1,Waymo LLC,Monthly,12,2024,JAN-2025,SADHW2S1XM1, ,N/A,JLR,I-PACE, ,2021, ,d85a90fe284d29a,136959, ,None,5th Generation ADS, , ,5th Generation, , ,Version 9, , ,, ,Y,,, ,Y,Yes (specify below),ADOT,Yes,ADS,Waymo LLC, , ,Y, , , , , ,,DEC-2024, ,DEC-2024,22:22, ,6685affb334da4f,[MAY CONTAIN PERSONALLY IDENTIFIABLE INFORMATION], ,[MAY CONTAIN PERSONALLY IDENTIFIABLE INFORMATION], ,[MAY CONTAIN PERSONALLY IDENTIFIABLE INFORMATION], ,Phoenix, ,AZ ,[MAY CONTAIN PERSONALLY IDENTIFIABLE INFORMATION], ,Street,Dry,No Unusual Conditions,25, ,Dark - Lighted,Y, , , , , , , ,,Passenger Car,No Injuries Reported,Yes,Proceeding Straight,No,No, , , , , , , ,Y, , , ,Parked,No,No,No Passengers in Vehicle,0, ,Y, , , , , , , , , , , , ,Y, ,Y,Y, , ,No,, ,Yes,, ,, ,, ,Yes, ,"On December [XXX], 2024 at 10:22 PM MT a Waymo Autonomous Vehicle (""Waymo AV"") operating in Phoenix, Arizona was in a collision involving a passenger car on [XXX] near [XXX]. 
The Waymo AV was parked at the curb facing east on [XXX] when a passenger car traveling east on [XXX] passed the Waymo AV, and the passenger side of the passenger car made contact with the rear driver side of the stationary Waymo AV. At the time of the impact, the Waymo AV's Level 4 ADS was engaged in autonomous mode. The Waymo AV sustained damage.
Waymo is reporting this crash under Request No. 2 of Standing General Order 2021-01. Waymo may supplement or correct its reporting with additional information as it may become available.",
30270-9631,1,Waymo LLC,1-Day,,,JAN-2025,SADHW2S15R1, ,N/A,Jaguar,I-Pace, ,2024, ,018ea5add201d72,5985, ,None,5th Generation ADS, , ,5th Generation, , ,Version 9, , ,, ,Y,,, ,Y,Yes (specify below),ADOT            ,Yes,ADS,Waymo LLC, , ,Y, , , , , ,,JAN-2025, ,JAN-2025,14:55, ,214d903572ad811,[MAY CONTAIN PERSONALLY IDENTIFIABLE INFORMATION], ,[MAY CONTAIN PERSONALLY IDENTIFIABLE INFORMATION], ,[MAY CONTAIN PERSONALLY IDENTIFIABLE INFORMATION], ,Phoenix, ,AZ ,[MAY CONTAIN PERSONALLY IDENTIFIABLE INFORMATION], ,Intersection,Dry,No Unusual Conditions,35, ,Daylight, , ,Y, , , , , ,,Passenger Car,Minor,Yes,Proceeding Straight,No,Yes, , ,Y, , ,Y, , ,Y, , ,"Other, see Narrative",No,Yes,Yes,15, ,Y, , ,Y, , , , , , , , , ,Y, ,Y,Y, , ,No,, ,Yes,, ,, ,, ,Yes, ,"On January [XXX], 2025 at 2:55 PM MT a Waymo Autonomous Vehicle (Waymo AV) operating in Phoenix, Arizona was in a collision involving a passenger car on [XXX] at [XXX]. 
The Waymo AV was traveling north on [XXX] when it approached the intersection with [XXX]. As the Waymo AV approached the intersection, it slowed to yield to a pedestrian who was traveling south on the sidewalk of [XXX] and had just entered the intersection to cross [XXX]. As the Waymo AV continued to slow, a passenger car traveling directly behind the Waymo AV approached the Waymo AV from behind. The front of the passenger car made contact with the rear of the Waymo AV. At the time of the impact, the Waymo AVs Level 4 ADS was engaged in autonomous mode. Both vehicles sustained damage. The passenger in the Waymo AV reported a minor injury.
Waymo is reporting this crash under Request No. 1 of Standing General Order 2021-01 because a vulnerable road user influenced the driving task of a vehicle involved and because vehicles involved were towed away. Waymo may supplement or correct its reporting with additional information as it may become available.",
30270-9552,1,Waymo LLC,5-Day,,,JAN-2025,SADHW2S14R1, ,N/A,Jaguar,I-Pace, ,2024, ,2596eed63060ca8,6523, ,None,5th Generation ADS, , ,5th Generation, , ,Version 9, , ,, ,Y,,, ,Y,No,,Yes,ADS,Waymo LLC, , ,Y, , , , , ,,JAN-2025, ,JAN-2025,20:34, ,81725dfd46ae367,[MAY CONTAIN PERSONALLY IDENTIFIABLE INFORMATION], ,[MAY CONTAIN PERSONALLY IDENTIFIABLE INFORMATION], ,[MAY CONTAIN PERSONALLY IDENTIFIABLE INFORMATION], ,Austin, ,TX ,[MAY CONTAIN PERSONALLY IDENTIFIABLE INFORMATION], ,Street,Dry,No Unusual Conditions,30, ,Dark - Lighted,Y, , , , , , , ,,Passenger Car,No Injuries Reported,Yes,Backing,No,No, , , ,Y, , , , , , , ,Stopped,No,Yes,No Passengers in Vehicle,0, , , , , , ,Y, , , , , , , ,Y, ,Y,Y, , ,Yes,Austin Police Department, ,Yes,,Y,,Y,,Y,Yes, ,"On January [XXX], 2025 at 8:34 PM CT a Waymo Autonomous Vehicle (""Waymo AV"") operating in Austin, Texas was in a collision involving a passenger car on [XXX] at [XXX]. 
The Waymo AV was traveling southbound in the left hand turn lane on [XXX] and stopped in a queue of traffic at a red light. A passenger car traveling directly in front of the Waymo AV started to reverse backwards towards the Waymo AV. The Waymo AV began to reverse to avoid the passenger car, then slowed to a stop.  The passenger car continued to reverse and the rear of the passenger car made contact with the front of the Waymo AV.  At the time of the impact, the Waymo AV's Level 4 ADS was engaged in autonomous mode. The Waymo AV sustained damage
Waymo is reporting this crash under Request No. 1 of Standing General Order 2021-01 because a vehicle involved was towed away. Waymo may supplement or correct its reporting with additional information as it may become available.",
30270-9430,1,Waymo LLC,Monthly,11,2024,DEC-2024,SADHW2S15M1, ,N/A,Jaguar,I-Pace, ,2021, ,18759114accd4fb,117674, ,None,5th Generation ADS, , ,5th Generation, , ,Version 9, , ,, ,Y,,, ,Y,Yes (specify below),ADOT   ,Yes,ADS,Waymo LLC, , ,Y, , , , , ,,NOV-2024, ,NOV-2024,16:52, ,326c05decff6b90,[MAY CONTAIN PERSONALLY IDENTIFIABLE INFORMATION], ,[MAY CONTAIN PERSONALLY IDENTIFIABLE INFORMATION], ,[MAY CONTAIN PERSONALLY IDENTIFIABLE INFORMATION], ,Phoenix, ,AZ ,[MAY CONTAIN PERSONALLY IDENTIFIABLE INFORMATION], ,Intersection,Dry,No Unusual Conditions,25, ,Daylight, , ,Y, , , , , ,,Passenger Car,No Injuries Reported,Yes,Proceeding Straight,No,No, , ,Y, , ,Y, , , , , ,Stopped,No,No,No Passengers in Vehicle,0, , , , ,Y, , ,Y, , , , , , ,Y, ,Y,Y, , ,No,, ,Yes,, ,, ,, ,Yes, ,"On November [XXX], 2024 at 4:52 PM MT a Waymo Autonomous Vehicle (Waymo AV) operating in Phoenix, Arizona was in a collision involving a passenger car on [XXX] at [XXX].
The Waymo AV was stopped in traffic for a red light on eastbound [XXX] when a passenger car approached the Waymo AV from behind. The front of the passenger car made contact with the rear of the Waymo AV. At the time of the impact, the Waymo AVs Level 4 ADS was engaged in autonomous mode. Both vehicles sustained damage.
Waymo is reporting this crash under Request No. 2 of Standing General Order 2021-01. Waymo may supplement or correct its reporting with additional information as it may become available.",
30270-9409,1,Waymo LLC,Monthly,11,2024,DEC-2024,SADHW2S15M1, ,N/A,Jaguar,I-Pace, ,2021, ,18759114accd4fb,115716, ,None,5th Generation ADS, , ,5th Generation, , ,Version 9, , ,, ,Y,,, ,Y,Yes (specify below),ADOT,Yes,ADS,Waymo LLC, , ,Y, , , , , ,,NOV-2024, ,NOV-2024,01:27, ,5f48e9152ed0078,[MAY CONTAIN PERSONALLY IDENTIFIABLE INFORMATION], ,[MAY CONTAIN PERSONALLY IDENTIFIABLE INFORMATION], ,[MAY CONTAIN PERSONALLY IDENTIFIABLE INFORMATION], ,Scottsdale, ,AZ ,[MAY CONTAIN PERSONALLY IDENTIFIABLE INFORMATION], ,Street,Dry,No Unusual Conditions,25, ,Dark - Lighted,Y, , , , , , , ,,Passenger Car,No Injuries Reported,Yes,Traveling Wrong Way,No,No, , , , , , , ,Y, , , ,Stopped,No,No,"No, see Narrative",0, , , , , , , ,Y, , , , , , ,Y, ,Y,Y, , ,No,, ,Yes,, ,, ,, ,Yes, ,"On Saturday, November [XXX], 2024 at 1:27 AM MST, a Waymo Autonomous Vehicle (""Waymo AV"") operating in Scottsdale, Arizona was in a collision involving a passenger car on [XXX] at [XXX].
The Waymo AV was traveling north on [XXX] when it encountered a queue of double-parked vehicles in the northbound lane. The Waymo AV began passing the double-parked vehicles on the left, but as it did so the queue of double-parked vehicles began to proceed. The Waymo AV began to merge back into the northbound lane, but a vehicle in the queue then double-parked again before the Waymo AV could fully merge back into the northbound lane. The Waymo AV then began reversing to make space for southbound traffic but came to a stop before completing its reversing maneuver to yield to traffic approaching the Waymo AV from the rear.  A passenger car traveling south on [XXX] then crossed the double yellow line to pass the Waymo AV in the northbound lane. As it did so, the rear passenger side of the passenger car made contact with the rear driver side of the Waymo AV. The passenger was not belted at the time, likely because the AV had just departed its pickup location. At the time of the impact, the Waymo AV's Level 4 ADS was engaged in autonomous mode. The passenger car sustained damage.
Waymo is reporting this crash under Request No. 2 of Standing General Order 2021-01. Waymo may supplement or correct its reporting with additional information as it may become available.",
33175-9304,1,Mobileye Vision Technologies,Monthly,11,2024,DEC-2024,,Y,,Volkswagen,ID.Buzz, ,2023, , ,,Y,In-Vehicle (Commercial / Test),,Y, ,,Y, ,,Y, ,"Volkswagen Group of America, Inc.", , ,,,Y, ,Unknown,,Yes,ADS,ADMT - VWGoA, , , , , , , ,Y,Volkswagen,MAY-2024, ,NOV-2024,14:23, , ,,Y,,Y,[MAY CONTAIN PERSONALLY IDENTIFIABLE INFORMATION], ,Austin, ,TX ,,Y,Parking Lot,Dry,No Unusual Conditions,,Y,Daylight, , , , , , ,Y, ,,Passenger Car,No Injuries Reported,Yes,Passing,No,No, , , , , , , , , , ,Y,Stopped,No,No,Yes,0, ,Y, , , , , , , , , , , , , , , , , ,Y,Unknown,,Y,Unknown,,Y,,Y,,Y,"Unknown, see Narrative", ,"On JUN-2024, Volkswagen Group of America, Inc. (""VW"") filed an Incident Report (NHTSA-provided Report ID-1420-7914- the ""Report"") under the Second Amended Standing General Order 2021-01, dated April 5, 2023 (the ""SGO""). The subject vehicle referred to in the Report contains the Reporter's  software and hardware. Since the Reporter is also a Reporting Entity under the SGO, the Reporter hereby submits this report. In order to avoid duplications and additional CBI requests, this submission includes the publicly available information of the Report and incorporates the Report by reference. This submission is based on the information provided to the Reporter by VW. The Reporter currently believes that it has no independent knowledge of the information in this report.
From Volkswagen:
The subject vehicle (autonomous vehicle - AV) was proceeding through a parking garage while engaged in autonomous driving (AD) mode.  The AV detected an oncoming passenger vehicle (PV), made adjustments to its route by moving to the right, and slowed to a stop to provide additional space for the PV.  As the PV passed, it attempted to make a left-hand turn behind the AV, but the PV's driver side mirror scraped the rear driver's side LiDAR housing of the AV.  The passenger vehicle continued driving without stopping. After noticing the contact, the safety driver of the subject vehicle manually disengaged AD mode to assess the incident.  There were no reported injuries, airbag deployments, or tow-aways.  The damage to the subject vehicle was a scuff to the driver's side Short Range LiDAR trim cover.  VWGoA does not plan to investigate the incident any further as the facts and circumstances do not indicate any issue with the vehicle's performance.",
33175-9305,1,Mobileye Vision Technologies,Monthly,11,2024,DEC-2024,,Y,,Volkswagen,ID.Buzz, ,2023, , ,,Y,In-Vehicle (Commercial / Test),,Y, ,,Y, ,,Y, ,"Volkswagen Group of America, Inc.", , ,,,Y, ,Unknown,,Yes,ADS,ADMT- VWGoA, , , , , , , ,Y,Volkswagen,APR-2024, ,NOV-2024,10:20, , ,,Y,,Y,[MAY CONTAIN PERSONALLY IDENTIFIABLE INFORMATION], ,Austin, ,TX ,,Y,Street,Wet,No Unusual Conditions,35, ,Daylight, , , , , , ,Y, ,,Passenger Car,No Injuries Reported,Yes,Stopped,No,No, , , , , ,Y, , , , , ,Stopped,No,No,Yes,0, , , , ,Y, , , , , , , , , , , , , , ,Y,Unknown,,Y,Unknown,,Y,,Y,,Y,"Unknown, see Narrative", ,"On MAY-2024, Volkswagen Group of America, Inc. (""VW"") filed an Incident Report (NHTSA-provided Report ID-1420-7671 - the ""Report"") under the Second Amended Standing General Order 2021-01, dated April 5, 2023 (the ""SGO""). The subject vehicle referred to in the Report contains the Reporter's  software and hardware. Since the Reporter is also a Reporting Entity under the SGO, the Reporter hereby submits this report. In order to avoid duplications and additional CBI requests, this submission includes the publicly available information of the Report and incorporates the Report by reference. This submission is based on the information provided to the Reporter by VW. The Reporter currently believes that it has no independent knowledge of the information in this report.
From Volkswagen:
The subject vehicle (autonomous vehicle- AV) was stopped, in the far right turn lane on westbound [REDACTED, MAY CONTAIN CONFIDENTIAL BUSINESS INFORMATION], waiting to turn right onto northbound [REDACTED, MAY CONTAIN CONFIDENTIAL BUSINESS INFORMATION]. The other vehicle was a 2021 Mercedes Benz GLE (MB) that was noted as being stopped prior to making contact with the rear right bumper of the subject vehicle.  The AV, while remaining stationary, was struck from the rear by the MB. The driver of the AV signaled to the other vehicle to pull over safely in the adjacent parking lot. The driver's of both vehicles exchanged information and assessed the damage. Both vehicles had one occupant and there were no reported injuries, airbag deployments, or tow-aways. The damage to the subject vehicle is stated as scratches/markings of the right rear bumper, and the damage to the other vehicle is a bent frontal license plate. Both vehicles were able to safely leave the scene.  VWGoA does not plan to investigate the incident any further as the AV was within its ODD at the time of the incident and was struck from behind while waiting for traffic to clear to safely complete a turn.",
33175-9306,1,Mobileye Vision Technologies,Monthly,11,2024,DEC-2024,,Y,,Volkswagen,ID.Buzz, ,2023, , ,,Y,In-Vehicle (Commercial / Test),,Y, ,,Y, ,,Y, ,"Volkswagen Group of America, Inc.", , ,,,Y, ,Unknown,,Yes,ADS,ADMT- VWGoA, , , , , , , ,Y,Volkswagen,FEB-2024, ,NOV-2024,11:20, , ,,Y,,Y,[MAY CONTAIN PERSONALLY IDENTIFIABLE INFORMATION], ,Austin, ,TX ,,Y,Intersection,Dry,No Unusual Conditions,40, ,Daylight, , , , , , ,Y, ,,Passenger Car,No Injuries Reported,Unknown,Proceeding Straight,Unknown,Unknown, , , , , ,Y, , , , , ,Stopped,No,No,Yes,0, , , , , , , ,Y, , , , , , , , , , , ,Y,Unknown,,Y,Unknown,,Y,,Y,,Y,"Unknown, see Narrative", ,"On MAR-2024, Volkswagen Group of America, Inc. (""VW"") filed an Incident Report (NHTSA-provided Report ID-1420-7244 - the ""Report"") under the Second Amended Standing General Order 2021-01, dated April 5, 2023 (the ""SGO""). The subject vehicle referred to in the Report contains the Reporter's  software and hardware. Since the Reporter is also a Reporting Entity under the SGO, the Reporter hereby submits this report. In order to avoid duplications and additional CBI requests, this submission includes the publicly available information of the Report and incorporates the Report by reference. This submission is based on the information provided to the Reporter by VW. The Reporter currently believes that it has no independent knowledge of the information in this report.
From Volkswagen:
The subject vehicle was stopped at the intersection of [REDACTED, MAY CONTAIN CONFIDENTIAL BUSINESS INFORMATION] and [REDACTED, MAY CONTAIN CONFIDENTIAL BUSINESS INFORMATION] with the ADS system engaged, waiting for the traffic light to turn green. The passenger car (Toyota Tacoma, equipped with front grille/brush guard) approached from behind, honked the horn, and struck the stationary subject vehicle. The driver of the subject vehicle proceed through the intersection and pulled over into an empty parking lot to safely assess the incident. The passenger car is noted as remaining at the light for an additional cycle of the traffic light before driving off and not pulling over with the vehicle it just struck. The subject vehicle's 3 occupants reported feeling the impact but report no injuries, airbag deployments, or tow-aways. The subject vehicle's damage was to the right rear bumper, including the right rear sensor and mounting bracket.",