Report ID,Report Version,Reporting Entity,Report Type,Report Month,Report Year,Report Submission Date,VIN,VIN - Unknown,Serial Number,Make,Model,Model - Unknown,Model Year,Model Year - Unknown,Same Vehicle ID,Mileage,Mileage - Unknown,Driver / Operator Type,ADAS/ADS System Version,ADAS/ADS System Version - Unk,ADAS/ADS System Version CBI,ADAS/ADS Hardware Version,ADAS/ADS Hardware Version - Unk,ADAS/ADS Hardware Version CBI,ADAS/ADS Software Version,ADAS/ADS Software Version - Unk,ADAS/ADS Software Version CBI,Other Reporting Entities?,Other Reporting Entities? - Unk,Other Reporting Entities? - NA,Federal Regulatory Exemption?,Other Federal Reg. Exemption,Federal Reg. Exemption - Unk,Federal Reg. Exemption - No,State or Local Permit?,State or Local Permit,ADS Equipped?,Automation System Engaged?,Operating Entity,Operating Entity - Unknown,Source - Complaint/Claim,Source - Telematics,Source - Law Enforcement,Source - Field Report,Source - Testing,Source - Media,Source - Other,Source - Other Text,Incident Date,Incident Date - Unknown,Notice Received Date,Incident Time (24:00),Incident Time - Unknown,Same Incident ID,Latitude,Latitude - Unknown,Longitude,Longitude - Unknown,Address,Address - Unknown,City,City - Unknown,State,Zip Code,Zip Code - Unknown,Roadway Type,Roadway Surface,Roadway Description,Posted Speed Limit (MPH),Posted Speed Limit - Unknown,Lighting,Weather - Clear,Weather - Snow,Weather - Cloudy,Weather - Fog/Smoke,Weather - Rain,Weather - Severe Wind,Weather - Unknown,Weather - Other,Weather - Other Text,Crash With,Highest Injury Severity Alleged,Property Damage?,CP Pre-Crash Movement,CP Any Air Bags Deployed?,CP Was Vehicle Towed?,CP Contact Area - Rear Left,CP Contact Area - Left,CP Contact Area - Front Left,CP Contact Area - Rear,CP Contact Area - Top,CP Contact Area - Front,CP Contact Area - Rear Right,CP Contact Area - Right,CP Contact Area - Front Right,CP Contact Area - Bottom,CP Contact Area - Unknown,SV Pre-Crash Movement,SV Any Air Bags Deployed?,SV Was Vehicle Towed?,SV Were All Passengers Belted?,SV Precrash Speed (MPH),SV Pre-crash Speed - Unknown,SV Contact Area - Rear Left,SV Contact Area - Left,SV Contact Area - Front Left,SV Contact Area - Rear,SV Contact Area - Top,SV Contact Area - Front,SV Contact Area - Rear Right,SV Contact Area - Right,SV Contact Area - Front Right,SV Contact Area - Bottom,SV Contact Area - Unknown,Data Availability - EDR,Data Availability - Police Rpt,Data Availability - Telematics,Data Availability - Complaints,Data Availability - Video,Data Availability - Other,Data Availability - No Data,Data Availability - Unknown,Law Enforcement Investigating?,Investigating Agency,Investigating Agency - Unknown,Rep Ent Or Mfr Investigating?,Investigating Officer Name,Inv. Officer Name - Unknown,Investigating Officer Phone,Inv. Officer Phone - Unknown,Investigating Officer Email,Inv. Officer Email - Unknown,Within ODD?,Within ODD? - CBI,Narrative,Narrative - CBI?
30270-8673,1,Waymo LLC,1-Day,,,SEP-2024,SADHW2S1XM1, ,N/A,Jaguar,I-Pace, ,2021, ,91d45c9bac07dec,1685445, ,None,5th Generation ADS, , ,5th Generation, , ,Version 9, , ,, ,Y,,, ,Y,Yes (specify below),AZ DOT,Yes,ADS,Waymo LLC, , ,Y, , , , , ,,SEP-2024, ,SEP-2024,01:34, ,607fae3e1f8ca19,[MAY CONTAIN PERSONALLY IDENTIFIABLE INFORMATION], ,[MAY CONTAIN PERSONALLY IDENTIFIABLE INFORMATION], ,[MAY CONTAIN PERSONALLY IDENTIFIABLE INFORMATION], ,Phoenix, ,AZ ,[MAY CONTAIN PERSONALLY IDENTIFIABLE INFORMATION], ,Intersection,Dry,No Unusual Conditions,35, ,Dark - Lighted,Y, , , , , , , ,,Passenger Car,No Injuries Reported,Yes,Proceeding Straight,No,No, , , , , ,Y, , ,Y, , ,Making Right Turn,No,Yes,No Passengers in Vehicle,6, , , , ,Y, , ,Y, , , , , , ,Y, ,Y,Y, , ,Yes,Phoenix Police Department, ,Yes,[MAY CONTAIN PERSONALLY IDENTIFIABLE INFORMATION], ,,Y,,Y,Yes, ,"On September [XXX], 2024 at 1:34 AM MT a Waymo Autonomous Vehicle (""Waymo AV"") operating in Phoenix, Arizona was in a collision involving a passenger car on [XXX] at an alleyway just south of [XXX]. 
The Waymo AV was traveling southbound in the rightmost lane of [XXX] and began to slow in preparation for a right turn into the upcoming alleyway. As the Waymo AV approached the turn, two pedestrians located on the west sidewalk of [XXX] began to approach the intersection with the alleyway. The Waymo AV continued slowing to yield to the pedestrians when the front of a sedan following the Waymo AV made contact with the rear of the Waymo AV. At the time of the impact, the Waymo AV's Level 4 ADS was engaged in autonomous mode. Both vehicles sustained damage.
Waymo is reporting this crash under Request No. 1 of Standing General Order 2021-01 because a vulnerable road user influenced the driving task of a vehicle involved. Waymo may supplement or correct its reporting with additional information as it may become available.",
669-8496,2,Hyundai Motor America,10-Day Update,,,SEP-2024,PFDKB4AE6RF, ,N/A,Hyundai,IONIQ 5, ,2024, ,8baac7f59ef4f0c,6527, ,In-Vehicle (Commercial / Test),"[REDACTED, MAY CONTAIN CONFIDENTIAL BUSINESS INFORMATION]", ,Y,"[REDACTED, MAY CONTAIN CONFIDENTIAL BUSINESS INFORMATION]", ,Y,"[REDACTED, MAY CONTAIN CONFIDENTIAL BUSINESS INFORMATION]", ,Y,Motional, , ,,, ,Y,Yes (specify below),Nevada,Yes,ADS,Motional, , , , ,Y, , , ,,SEP-2024, ,SEP-2024,13:00, ,0c7e3f0ce19fb32,[MAY CONTAIN PERSONALLY IDENTIFIABLE INFORMATION], ,[MAY CONTAIN PERSONALLY IDENTIFIABLE INFORMATION], ,[MAY CONTAIN PERSONALLY IDENTIFIABLE INFORMATION], ,Las Vegas, ,NV ,[MAY CONTAIN PERSONALLY IDENTIFIABLE INFORMATION], ,Intersection,Dry,No Unusual Conditions,45, ,Daylight,Y, , , , , , , ,,Passenger Car,Moderate,Yes,Proceeding Straight,No,Yes, , ,Y, , ,Y, , ,Y, , ,Stopped,No,Yes,Yes,0, ,Y, , ,Y, , ,Y, , , , , , , , ,Y, , , ,Yes,Las Vegas Metro PD, ,Yes,,Y,,Y,,Y,Yes, ,"In conjunction with Motional's filing of the subject incident, and according to statement(s) provided in Motional's incident report:
A Motional AV with VIN PFDKB4AE6RF[XXX] was operating in autonomous mode in Las Vegas, Nevada at approximately 1PM PT, with a safety driver at the wheel, an engineer in the front passenger seat, and two other employees in the rear seats.
The AV was in a right-turn lane, turning onto [XXX] from [XXX].  The AV stopped at a yield sign in the right-turn only lane before merging onto [XXX] and a silver Toyota rear-ended the AV at approximately 15 MPH.
There were three occupants of the silver Toyota, one in the front seat and two in the back, with one verbally reporting an injury to the face area.  An ambulance was traveling on [XXX]. at the time of the incident and stopped at the scene.  The ambulance transported the complaining occupant of the silver Toyota and another occupant (believed to the individual's sister) rode in the ambulance.  It is unknown where these individuals were taken.  No injuries were reported from the occupants in the AV.  Both vehicles were damaged and required towing from the scene.  No airbags were deployed in either vehicle.
Las Vegas Metro Police were called to the scene.  It is unknown if the other driver was cited.  A police report will be supplied when available.
9/16/2024 Update: No new information available at this time.",
30270-8631,1,Waymo LLC,Monthly,8,2024,SEP-2024,SADHW2S15R1, ,N/A,Jaguar,I-Pace, ,2024, ,9c5230044402de2,34092, ,None,5th Generation ADS, , ,5th Generation, , ,Version 9, , ,, ,Y,,, ,Y,Yes (specify below),ADOT,Yes,ADS,Waymo LLC, , ,Y, , , , , ,,AUG-2024, ,AUG-2024,22:59, ,3351cd9a8406d4b,[MAY CONTAIN PERSONALLY IDENTIFIABLE INFORMATION], ,[MAY CONTAIN PERSONALLY IDENTIFIABLE INFORMATION], ,[MAY CONTAIN PERSONALLY IDENTIFIABLE INFORMATION], ,Tempe, ,AZ ,[MAY CONTAIN PERSONALLY IDENTIFIABLE INFORMATION], ,Street,Dry,No Unusual Conditions,25, ,Dark - Lighted,Y, , , , , , , ,,Passenger Car,No Injuries Reported,Yes,Making U-Turn,No,No, , ,Y, , , , , , , , ,Stopped,No,No,No Passengers in Vehicle,0, ,Y, , , , , , , , , , , , ,Y, ,Y,Y, , ,Yes,Tempe Police Department, ,Yes,[MAY CONTAIN PERSONALLY IDENTIFIABLE INFORMATION], ,[MAY CONTAIN PERSONALLY IDENTIFIABLE INFORMATION], ,[MAY CONTAIN PERSONALLY IDENTIFIABLE INFORMATION], ,Yes, ,"On August [XXX], 2024 at 10:59 PM PT a Waymo Autonomous Vehicle (""Waymo AV"") operating in Tempe, Arizona was in a collision involving a passenger car on [XXX] at [XXX]. 
The Waymo AV was traveling northwestbound on [XXX] and slowed to a stop in anticipation of turning right into a driveway immediately after the intersection with [XXX]. A passenger car traveling southeastbound on [XXX] made a U-turn in the near-side crosswalk just behind and to the left of the Waymo AV as the AV was slowing, and the front passenger side of the passenger car made contact with the rear driver side of the Waymo AV. At the time of the impact, the Waymo AV's Level 4 ADS was engaged in autonomous mode. Both vehicles sustained damage.
Waymo is reporting this crash under Request No. 2 of Standing General Order 2021-01. Waymo may supplement or correct its reporting with additional information as it may become available.",
30270-8617,1,Waymo LLC,Monthly,8,2024,SEP-2024,SADHW2S15R1, ,N/A,Jaguar,I-Pace, ,2024, ,60b46384090eadf,37010, ,None,5th Generation ADS, , ,5th Generation, , ,Version 9, , ,, ,Y,,, ,Y,Yes (specify below),ADOT,Yes,ADS,Waymo LLC, , ,Y, , , , , ,,AUG-2024, ,AUG-2024,06:59, ,92e6a0c70eadf8b,[MAY CONTAIN PERSONALLY IDENTIFIABLE INFORMATION], ,[MAY CONTAIN PERSONALLY IDENTIFIABLE INFORMATION], ,[MAY CONTAIN PERSONALLY IDENTIFIABLE INFORMATION], ,Phoenix, ,AZ ,[MAY CONTAIN PERSONALLY IDENTIFIABLE INFORMATION], ,Intersection,Dry,No Unusual Conditions,40, ,Daylight,Y, , , , , , , ,,Passenger Car,No Injuries Reported,Yes,Proceeding Straight,No,No, , , , , ,Y, , , , , ,Stopped,No,No,No Passengers in Vehicle,0, , , , ,Y, , , , , , , , , ,Y, ,Y,Y, , ,No,, ,Yes,, ,, ,, ,Yes, ,"On August [XXX], 2024 at 6:59 AM MT a Waymo Autonomous Vehicle (""Waymo AV"") operating in Phoenix, Arizona was in a collision involving a passenger car on [XXX] at [XXX].
The Waymo AV was traveling eastbound on [XXX] and approached the intersection with [XXX] in the singular dedicated left turn lane to make an unprotected left turn. The Waymo AV pulled forward into the intersection at a slow rate of speed and came to a stop, yielding to high speed traffic in the oncoming lane. The passenger car that was following closely behind the Waymo AV then entered the intersection while the Waymo AV continued to yield and the front of the passenger car made contact with the rear of the Waymo AV. At the time of the impact, the Waymo AV's Level 4 ADS was engaged in autonomous mode. Both vehicles sustained damage.
Waymo is reporting this crash under Request No. 2 of Standing General Order 2021-01. Waymo may supplement or correct its reporting with additional information as it may become available.",
30270-8606,1,Waymo LLC,Monthly,8,2024,SEP-2024,SADHW2S18M1, ,N/A,Jaguar,I-Pace, ,2021, ,3fa13431ff0349d,169580, ,None,5th Generation ADS, , ,5th Generation, , ,Version 9, , ,, ,Y,,, ,Y,Yes (specify below),ADOT,Yes,ADS,Waymo LLC, , ,Y, , , , , ,,AUG-2024, ,AUG-2024,23:42, ,05400f054639ab4,[MAY CONTAIN PERSONALLY IDENTIFIABLE INFORMATION], ,[MAY CONTAIN PERSONALLY IDENTIFIABLE INFORMATION], ,[MAY CONTAIN PERSONALLY IDENTIFIABLE INFORMATION], ,Phoenix, ,AZ ,[MAY CONTAIN PERSONALLY IDENTIFIABLE INFORMATION], ,Intersection,Dry,No Unusual Conditions,40, ,Dark - Lighted,Y, , , , , , , ,,Passenger Car,No Injuries Reported,Yes,Proceeding Straight,No,No, , , , , , , , ,Y, , ,Stopped,No,No,No Passengers in Vehicle,0, ,Y, , , , , , , , , , , , ,Y, ,Y,Y, , ,No,, ,Yes,, ,, ,, ,Yes, ,"On August [XXX], 2024 at 11:42 PM MT a Waymo Autonomous Vehicle (""Waymo AV"") operating in Phoenix, Arizona was in a collision involving a passenger car on [XXX] at [XXX]. 
The Waymo AV was stopped in traffic for a red light in the rightmost lane of eastbound [XXX] when a passenger car traveling directly behind the Waymo AV made contact with the rear of the Waymo AV. At the time of the impact, the Waymo AV's Level 4 ADS was engaged in autonomous mode. The Waymo AV sustained damage. 
Waymo is reporting this crash under Request No. 2 of Standing General Order 2021-01.  Waymo may supplement or correct its reporting with additional information as it may become available.",
30410-8493,2,Motional,10-Day Update,,,SEP-2024,PFDKB4AE6RF, ,n/a,Hyundai,Ioniq 5, ,2024, ,8baac7f59ef4f0c,6527, ,In-Vehicle (Commercial / Test),"[REDACTED, MAY CONTAIN CONFIDENTIAL BUSINESS INFORMATION]", ,Y,"[REDACTED, MAY CONTAIN CONFIDENTIAL BUSINESS INFORMATION]", ,Y,"[REDACTED, MAY CONTAIN CONFIDENTIAL BUSINESS INFORMATION]", ,Y,Hyundai Motor America, , ,,, ,Y,Yes (specify below),Nevada,Yes,ADS,Motional, , , , ,Y, , , ,,SEP-2024, ,SEP-2024,13:00, ,0c7e3f0ce19fb32,[MAY CONTAIN PERSONALLY IDENTIFIABLE INFORMATION], ,[MAY CONTAIN PERSONALLY IDENTIFIABLE INFORMATION], ,[MAY CONTAIN PERSONALLY IDENTIFIABLE INFORMATION], ,Las Vegas, ,NV ,[MAY CONTAIN PERSONALLY IDENTIFIABLE INFORMATION], ,Intersection,Dry,No Unusual Conditions,45, ,Daylight,Y, , , , , , , ,,Passenger Car,Moderate,Yes,Proceeding Straight,No,Yes, , ,Y, , ,Y, , ,Y, , ,Stopped,No,Yes,Yes,0, ,Y, , ,Y, , ,Y, , , , , , , , ,Y, , , ,Yes,Las Vegas Metro PD, ,Yes,,Y,,Y,,Y,Yes, ,"A Motional AV with VIN PFDKB4AE6RF[XXX] was operating in autonomous mode in Las Vegas, Nevada at approximately 1 PM PT, with a safety driver at the wheel, an engineer in the front passenger seat, and two other employees in the rear seats. 
The AV was in a right-turn only lane, turning onto [XXX] from [XXX]. The AV stopped at a yield sign in the right-turn only lane before merging onto [XXX], and a silver Toyota rear-ended the stopped AV at approximately 15 MPH. 
There were three occupants of the silver Toyota, one in the front seat and two in the back, with one verbally reporting an injury to the face area. An ambulance was traveling on [XXX] at the time of the incident and stopped at the scene. The ambulance transported the affected occupant of the silver Toyota, and another occupant (believed to be the individuals sister) rode in the ambulance. It is unknown where these individuals were taken. Two minor injuries were later reported from the occupants in the AV, and both have returned to work. . Both vehicles were damaged and required towing from the scene. No airbags were deployed in either vehicle.   
Las Vegas Metro Police were called to the scene. It is unknown if the other driver was cited. A police report will be supplied when available.",
669-8496,1,Hyundai Motor America,5-Day,,,SEP-2024,PFDKB4AE6RF, ,N/A,Hyundai,IONIQ 5, ,2024, ,8baac7f59ef4f0c,6527, ,In-Vehicle (Commercial / Test),"[REDACTED, MAY CONTAIN CONFIDENTIAL BUSINESS INFORMATION]", ,Y,"[REDACTED, MAY CONTAIN CONFIDENTIAL BUSINESS INFORMATION]", ,Y,"[REDACTED, MAY CONTAIN CONFIDENTIAL BUSINESS INFORMATION]", ,Y,Motional, , ,,, ,Y,Yes (specify below),Nevada,Yes,ADS,Motional, , , , ,Y, , , ,,SEP-2024, ,SEP-2024,13:00, ,0c7e3f0ce19fb32,[MAY CONTAIN PERSONALLY IDENTIFIABLE INFORMATION], ,[MAY CONTAIN PERSONALLY IDENTIFIABLE INFORMATION], ,[MAY CONTAIN PERSONALLY IDENTIFIABLE INFORMATION], ,Las Vegas, ,NV ,[MAY CONTAIN PERSONALLY IDENTIFIABLE INFORMATION], ,Intersection,Dry,No Unusual Conditions,45, ,Daylight,Y, , , , , , , ,,Passenger Car,Moderate,Yes,Proceeding Straight,No,Yes, , ,Y, , ,Y, , ,Y, , ,Stopped,No,Yes,Yes,0, ,Y, , ,Y, , ,Y, , , , , , , , ,Y, , , ,Yes,Las Vegas Metro PD, ,Yes,,Y,,Y,,Y,Yes, ,"In conjunction with Motional's filing of the subject incident, and according to statement(s) provided in Motional's incident report:
A Motional AV with VIN PFDKB4AE6RF[XXX] was operating in autonomous mode in Las Vegas, Nevada at approximately 1PM PT, with a safety driver at the wheel, an engineer in the front passenger seat, and two other employees in the rear seats.
The AV was in a right-turn lane, turning onto [XXX] from [XXX].  The AV stopped at a yield sign in the right-turn only lane before merging onto [XXX] and a silver Toyota rear-ended the AV at approximately 15 MPH.
There were three occupants of the silver Toyota, one in the front seat and two in the back, with one verbally reporting an injury to the face area.  An ambulance was traveling on [XXX]. at the time of the incident and stopped at the scene.  The ambulance transported the complaining occupant of the silver Toyota and another occupant (believed to the individual's sister) rode in the ambulance.  It is unknown where these individuals were taken.  No injuries were reported from the occupants in the AV.  Both vehicles were damaged and required towing from the scene.  No airbags were deployed in either vehicle.
Las Vegas Metro Police were called to the scene.  It is unknown if the other driver was cited.  A police report will be supplied when available.",
30410-8493,1,Motional,1-Day,,,SEP-2024,PFDKB4AE6RF, ,n/a,Hyundai,Ioniq 5, ,2024, ,8baac7f59ef4f0c,6527, ,In-Vehicle (Commercial / Test),"[REDACTED, MAY CONTAIN CONFIDENTIAL BUSINESS INFORMATION]", ,Y,"[REDACTED, MAY CONTAIN CONFIDENTIAL BUSINESS INFORMATION]", ,Y,"[REDACTED, MAY CONTAIN CONFIDENTIAL BUSINESS INFORMATION]", ,Y,Hyundai Motor America, , ,,, ,Y,Yes (specify below),Nevada,Yes,ADS,Motional, , , , ,Y, , , ,,SEP-2024, ,SEP-2024,13:00, ,0c7e3f0ce19fb32,[MAY CONTAIN PERSONALLY IDENTIFIABLE INFORMATION], ,[MAY CONTAIN PERSONALLY IDENTIFIABLE INFORMATION], ,[MAY CONTAIN PERSONALLY IDENTIFIABLE INFORMATION], ,Las Vegas, ,NV ,[MAY CONTAIN PERSONALLY IDENTIFIABLE INFORMATION], ,Intersection,Dry,No Unusual Conditions,45, ,Daylight,Y, , , , , , , ,,Passenger Car,Moderate,Yes,Proceeding Straight,No,Yes, , ,Y, , ,Y, , ,Y, , ,Stopped,No,Yes,Yes,0, ,Y, , ,Y, , ,Y, , , , , , , , ,Y, , , ,Yes,Las Vegas Metro PD, ,Yes,,Y,,Y,,Y,Yes, ,"A Motional AV with VIN PFDKB4AE6RF[XXX] was operating in autonomous mode in Las Vegas, Nevada at approximately 1 PM PT, with a safety driver at the wheel, an engineer in the front passenger seat, and two other employees in the rear seats. 
The AV was in a right-turn only lane, turning onto [XXX] from [XXX]. The AV stopped at a yield sign in the right-turn only lane before merging onto [XXX], and a silver Toyota rear-ended the stopped AV at approximately 15 MPH. 
There were three occupants of the silver Toyota, one in the front seat and two in the back, with one verbally reporting an injury to the face area. An ambulance was traveling on [XXX] at the time of the incident and stopped at the scene. The ambulance transported the affected occupant of the silver Toyota, and another occupant (believed to be the individuals sister) rode in the ambulance. It is unknown where these individuals were taken. No injuries were reported from the occupants in the AV. Both vehicles were damaged and required towing from the scene. No airbags were deployed in either vehicle.   
Las Vegas Metro Police were called to the scene. It is unknown if the other driver was cited. A police report will be supplied when available.",
30270-8405,1,Waymo LLC,Monthly,7,2024,AUG-2024,SADHW2S17R1, ,N/A,Jaguar,I-Pace, ,2024, ,1012efd894423fa,25984, ,None,5th Generation ADS, , ,5th Generation, , ,Version 9, , ,, ,Y,,, ,Y,Yes (specify below),ADOT,Yes,ADS,Waymo LLC, , ,Y, , , , , ,,JUL-2024, ,JUL-2024,11:29, ,3478d8925ecd2fe,[MAY CONTAIN PERSONALLY IDENTIFIABLE INFORMATION], ,[MAY CONTAIN PERSONALLY IDENTIFIABLE INFORMATION], ,[MAY CONTAIN PERSONALLY IDENTIFIABLE INFORMATION], ,Phoenix, ,AZ ,[MAY CONTAIN PERSONALLY IDENTIFIABLE INFORMATION], ,Parking Lot,Dry,No Unusual Conditions,5, ,Daylight,Y, , , , , , , ,,Passenger Car,No Injuries Reported,Yes,Proceeding Straight,No,No, ,Y, , , , , , , , , ,Stopped,No,No,Yes,0, ,Y, , , , , , , , , , , , ,Y, ,Y,Y, , ,No,, ,Yes,, ,, ,, ,Yes, ,"On July [XXX], 2024 at 11:29 AM MT a Waymo Autonomous Vehicle (""Waymo AV"") operating in Phoenix, Arizona was in a collision involving a passenger car in a parking lot near [XXX] and [XXX]. 
The Waymo AV was stopped parallel to the curb in a parking lot when the front driver side corner of a passenger car traveling in the oncoming direction to the left of the Waymo AV made contact with the front driver side corner of the Waymo AV. At the time of the impact, the Waymo AV's Level 4 ADS was engaged in autonomous mode. The Waymo AV sustained damage.
Waymo is reporting this crash under Request No. 2 of Standing General Order 2021-01. Waymo may supplement or correct its reporting with additional information as it may become available.",
30270-8398,1,Waymo LLC,Monthly,7,2024,AUG-2024,SADHW2S17R1, ,N/A,Jaguar,I-Pace, ,2024, ,4a932994e4ed580,26111, ,None,5th Generation ADS, , ,5th Generation, , ,Version 9, , ,, ,Y,,, ,Y,Yes (specify below),ADOT,Yes,ADS,Waymo LLC, , ,Y, , , , , ,,JUL-2024, ,JUL-2024,11:36, ,a0ba721d51c0207,[MAY CONTAIN PERSONALLY IDENTIFIABLE INFORMATION], ,[MAY CONTAIN PERSONALLY IDENTIFIABLE INFORMATION], ,[MAY CONTAIN PERSONALLY IDENTIFIABLE INFORMATION], ,Tempe, ,AZ ,[MAY CONTAIN PERSONALLY IDENTIFIABLE INFORMATION], ,Parking Lot,Dry,No Unusual Conditions,15, ,Daylight,Y, , , , , , , ,,Passenger Car,No Injuries Reported,Yes,Parking Maneuver,No,No,Y, , , , , , , , , , ,Parked,No,No,No Passengers in Vehicle,0, , ,Y, , , , , , , , , , , ,Y, ,Y,Y, , ,Yes,Tempe Police Department, ,Yes,[MAY CONTAIN PERSONALLY IDENTIFIABLE INFORMATION], ,,Y,,Y,Yes, ,"On July [XXX], 2024 at 11:36 AM MT a Waymo Autonomous Vehicle (""Waymo AV"") operating in Tempe, Arizona was in a collision involving a passenger car in a parking lot near [XXX]. 
The Waymo AV was stopped in a parking lot of an apartment complex for a passenger pick-up when a passenger car on the right side of the Waymo AV reversed out of a parking stall. The driver's side rear of the passenger car then made contact with the passenger side of the stopped Waymo AV. At the time of the impact, the Waymo AV's Level 4 ADS was engaged in autonomous mode. Both vehicles sustained damage. 
Waymo is reporting this crash under Request No. 2 of Standing General Order 2021-01.  Waymo may supplement or correct its reporting with additional information as it may become available.",
30270-8383,1,Waymo LLC,Monthly,7,2024,AUG-2024,SADHW2S15R1, ,N/A,Jaguar,I-Pace, ,2024, ,9c5230044402de2,18992, ,None,5th Generation ADS, , ,5th Generation, , ,Version 9, , ,, ,Y,,, ,Y,Yes (specify below),ADOT,Yes,ADS,Waymo LLC, , ,Y, , , , , ,,JUL-2024, ,JUL-2024,08:18, ,d822c663bab3dd9,[MAY CONTAIN PERSONALLY IDENTIFIABLE INFORMATION], ,[MAY CONTAIN PERSONALLY IDENTIFIABLE INFORMATION], ,[MAY CONTAIN PERSONALLY IDENTIFIABLE INFORMATION], ,Phoenix, ,AZ ,[MAY CONTAIN PERSONALLY IDENTIFIABLE INFORMATION], ,Street,Dry,No Unusual Conditions,40, ,Daylight,Y, , , , , , , ,,Passenger Car,No Injuries Reported,Yes,Changing Lanes,No,No, ,Y, , , , , , , , , ,Proceeding Straight,No,No,No Passengers in Vehicle,2, , , , , , , ,Y, , , , , , ,Y, ,Y,Y, , ,Yes,Phoenix Police Department, ,Yes,[MAY CONTAIN PERSONALLY IDENTIFIABLE INFORMATION], ,[MAY CONTAIN PERSONALLY IDENTIFIABLE INFORMATION], ,,Y,Yes, ,"On July [XXX], 2024 at 8:18 AM MT a Waymo Autonomous Vehicle (""Waymo AV"") operating in Phoenix, Arizona was in a collision involving a passenger car on [XXX] near [XXX]. 
The Waymo AV was traveling west on [XXX] in the leftmost through lane when it began to slow as it approached a cue of traffic that was stopped for a red light. A passenger car traveling behind the Waymo AV then began to change lanes into the right adjacent lane. As the passenger car was passing the Waymo AV, the driver side of the passenger car made contact with the rear passenger side of the Waymo AV. At the time of the impact, the Waymo AV's Level 4 ADS was engaged in autonomous mode. Both vehicles sustained damage.
Waymo is reporting this crash under Request No. 2 of Standing General Order 2021-01. Waymo may supplement or correct its reporting with additional information as it may become available.",
30270-8378,1,Waymo LLC,Monthly,7,2024,AUG-2024,SADHW2S1XM1, ,N/A,Jaguar,I-Pace, ,2021, ,d85a90fe284d29a,91896, ,None,5th Generation ADS, , ,5th Generation, , ,Version 9, , ,, ,Y,,, ,Y,Yes (specify below),ADOT,Yes,ADS,Waymo LLC, , ,Y, , , , , ,,JUL-2024, ,JUL-2024,20:27, ,0647db76b221377,[MAY CONTAIN PERSONALLY IDENTIFIABLE INFORMATION], ,[MAY CONTAIN PERSONALLY IDENTIFIABLE INFORMATION], ,[MAY CONTAIN PERSONALLY IDENTIFIABLE INFORMATION], ,Phoenix, ,AZ ,[MAY CONTAIN PERSONALLY IDENTIFIABLE INFORMATION], ,Parking Lot,Dry,No Unusual Conditions,5, ,Dark - Lighted,Y, , , , , , , ,,Passenger Car,Minor,Yes,Passing,No,No, , , , , , ,Y,Y, , , ,Parked,No,No,Yes,0, ,Y, , , , , , , , , , , , ,Y, ,Y,Y, , ,Yes,Phoenix Police Department, ,Yes,[MAY CONTAIN PERSONALLY IDENTIFIABLE INFORMATION], ,[MAY CONTAIN PERSONALLY IDENTIFIABLE INFORMATION], ,,Y,Yes, ,"On July [XXX], 2024 at 8:27 PM MT a Waymo Autonomous Vehicle (""Waymo AV"") operating in Phoenix, Arizona was in a collision involving a passenger car in a parking lot near [XXX].  
The Waymo AV was stopped in a parking lot of a condominium complex for a passenger drop off when a passenger car immediately behind the Waymo AV reversed briefly and then drove around the Waymo AV on the left. As the passenger car was passing the stopped Waymo AV, the passenger side of the passenger car made contact with the rear driver side corner of the Waymo AV. At the time of the impact, the Waymo AV's Level 4 ADS was engaged in autonomous mode. Both vehicles sustained damage. One of the passengers in the passenger car reported a minor injury.
Waymo is reporting this crash under Request No. 2 of Standing General Order 2021-01. Waymo may supplement or correct its reporting with additional information as it may become available.",