Report ID,Report Version,Reporting Entity,Report Type,Report Month,Report Year,Report Submission Date,VIN,VIN - Unknown,Serial Number,Make,Model,Model - Unknown,Model Year,Model Year - Unknown,Same Vehicle ID,Mileage,Mileage - Unknown,Driver / Operator Type,ADAS/ADS System Version,ADAS/ADS System Version - Unk,ADAS/ADS System Version CBI,ADAS/ADS Hardware Version,ADAS/ADS Hardware Version - Unk,ADAS/ADS Hardware Version CBI,ADAS/ADS Software Version,ADAS/ADS Software Version - Unk,ADAS/ADS Software Version CBI,Other Reporting Entities?,Other Reporting Entities? - Unk,Other Reporting Entities? - NA,Federal Regulatory Exemption?,Other Federal Reg. Exemption,Federal Reg. Exemption - Unk,Federal Reg. Exemption - No,State or Local Permit?,State or Local Permit,ADS Equipped?,Automation System Engaged?,Operating Entity,Operating Entity - Unknown,Source - Complaint/Claim,Source - Telematics,Source - Law Enforcement,Source - Field Report,Source - Testing,Source - Media,Source - Other,Source - Other Text,Incident Date,Incident Date - Unknown,Notice Received Date,Incident Time (24:00),Incident Time - Unknown,Same Incident ID,Latitude,Latitude - Unknown,Longitude,Longitude - Unknown,Address,Address - Unknown,City,City - Unknown,State,Zip Code,Zip Code - Unknown,Roadway Type,Roadway Surface,Roadway Description,Posted Speed Limit (MPH),Posted Speed Limit - Unknown,Lighting,Weather - Clear,Weather - Snow,Weather - Cloudy,Weather - Fog/Smoke,Weather - Rain,Weather - Severe Wind,Weather - Unknown,Weather - Other,Weather - Other Text,Crash With,Highest Injury Severity Alleged,Property Damage?,CP Pre-Crash Movement,CP Any Air Bags Deployed?,CP Was Vehicle Towed?,CP Contact Area - Rear Left,CP Contact Area - Left,CP Contact Area - Front Left,CP Contact Area - Rear,CP Contact Area - Top,CP Contact Area - Front,CP Contact Area - Rear Right,CP Contact Area - Right,CP Contact Area - Front Right,CP Contact Area - Bottom,CP Contact Area - Unknown,SV Pre-Crash Movement,SV Any Air Bags Deployed?,SV Was Vehicle Towed?,SV Were All Passengers Belted?,SV Precrash Speed (MPH),SV Pre-crash Speed - Unknown,SV Contact Area - Rear Left,SV Contact Area - Left,SV Contact Area - Front Left,SV Contact Area - Rear,SV Contact Area - Top,SV Contact Area - Front,SV Contact Area - Rear Right,SV Contact Area - Right,SV Contact Area - Front Right,SV Contact Area - Bottom,SV Contact Area - Unknown,Data Availability - EDR,Data Availability - Police Rpt,Data Availability - Telematics,Data Availability - Complaints,Data Availability - Video,Data Availability - Other,Data Availability - No Data,Data Availability - Unknown,Law Enforcement Investigating?,Investigating Agency,Investigating Agency - Unknown,Rep Ent Or Mfr Investigating?,Investigating Officer Name,Inv. Officer Name - Unknown,Investigating Officer Phone,Inv. Officer Phone - Unknown,Investigating Officer Email,Inv. Officer Email - Unknown,Within ODD?,Within ODD? - CBI,Narrative,Narrative - CBI?
30270-8243,2,Waymo LLC,10-Day Update,,,AUG-2024,SADHW2S13M1, ,N/A,Jaguar,I-Pace, ,2021, ,53fef4f331be529,127153, ,None,5th Generation ADS, , ,5th Generation, , ,Version 9, , ,, ,Y,,, ,Y,Yes (specify below),ADOT,Yes,ADS,Waymo LLC, , ,Y, , , , , ,,JUL-2024, ,JUL-2024,03:07, ,45c8cddbfd6f959,[MAY CONTAIN PERSONALLY IDENTIFIABLE INFORMATION], ,[MAY CONTAIN PERSONALLY IDENTIFIABLE INFORMATION], ,[MAY CONTAIN PERSONALLY IDENTIFIABLE INFORMATION], ,Scottsdale, ,AZ ,[MAY CONTAIN PERSONALLY IDENTIFIABLE INFORMATION], ,Intersection,Dry,No Unusual Conditions,45, ,Dark - Lighted,Y, , , , , , , ,,Passenger Car,Unknown,Yes,Proceeding Straight,Yes,Yes, , ,Y, , ,Y, , ,Y, , ,Proceeding Straight,No,Yes,Yes,44, ,Y, , ,Y, , ,Y, , , , , , ,Y, ,Y,Y, , ,No,, ,Yes,, ,, ,, ,Yes, ,"The content of this report is unchanged from the initial report submitted on July 29, 2024 [REDACTED, MAY CONTAIN CONFIDENTIAL BUSINESS INFORMATION]. 
On July [XXX], 2024 at 3:07 AM PT a Waymo Autonomous Vehicle (Waymo AV) operating in Scottsdale, Arizona was in a collision involving a passenger car on [XXX] near [XXX]. 
The Waymo AV was traveling westbound straight in the left lane of [XXX] at constant speed when a passenger car approached from directly behind the Waymo AV at a high rate of speed and made contact with the rear of the Waymo AV. At the time of the impact, the Waymo AVs Level 4 ADS was engaged in autonomous mode. Both vehicles sustained damage. 
Waymo is reporting this crash under Request No. 1 of Standing General Order 2021-01 because an individual involved was transported from the scene to a hospital for medical treatment, both vehicles involved were towed away, and airbag deployment. Waymo may supplement or correct its reporting with additional information as it may become available.",
30270-8243,1,Waymo LLC,1-Day,,,JUL-2024,SADHW2S13M1, ,N/A,Jaguar,I-Pace, ,2021, ,53fef4f331be529,127153, ,None,5th Generation ADS, , ,5th Generation, , ,Version 9, , ,, ,Y,,, ,Y,Yes (specify below),ADOT,Yes,ADS,Waymo LLC, , ,Y, , , , , ,,JUL-2024, ,JUL-2024,03:07, ,45c8cddbfd6f959,[MAY CONTAIN PERSONALLY IDENTIFIABLE INFORMATION], ,[MAY CONTAIN PERSONALLY IDENTIFIABLE INFORMATION], ,[MAY CONTAIN PERSONALLY IDENTIFIABLE INFORMATION], ,Scottsdale, ,AZ ,[MAY CONTAIN PERSONALLY IDENTIFIABLE INFORMATION], ,Intersection,Dry,No Unusual Conditions,45, ,Dark - Lighted,Y, , , , , , , ,,Passenger Car,Unknown,Yes,Proceeding Straight,Yes,Yes, , ,Y, , ,Y, , ,Y, , ,Proceeding Straight,No,Yes,Yes,44, ,Y, , ,Y, , ,Y, , , , , , ,Y, ,Y,Y, , ,No,, ,Yes,, ,, ,, ,Yes, ,"On July [XXX], 2024 at 3:07 AM PT a Waymo Autonomous Vehicle (Waymo AV) operating in Scottsdale, Arizona was in a collision involving a passenger car on [XXX] near [XXX]. 
The Waymo AV was traveling westbound straight in the left lane of [XXX] at constant speed when a passenger car approached from directly behind the Waymo AV at a high rate of speed and made contact with the rear of the Waymo AV. At the time of the impact, the Waymo AVs Level 4 ADS was engaged in autonomous mode. Both vehicles sustained damage. 
Waymo is reporting this crash under Request No. 1 of Standing General Order 2021-01 because an individual involved was transported from the scene to a hospital for medical treatment, both vehicles involved were towed away, and airbag deployment. Waymo may supplement or correct its reporting with additional information as it may become available.",
30270-8199,1,Waymo LLC,5-Day,,,JUL-2024,SADHW2S15M1, ,N/A,Jaguar,I-Pace, ,2021, ,a716fa442f09994,134631, ,None,5th Generation ADS, , ,5th Generation, , ,Version 9, , ,, ,Y,,, ,Y,Yes (specify below),ADOT                                                                                           						,Yes,ADS,Waymo LLC, , ,Y, , , , , ,,JUL-2024, ,JUL-2024,00:16, ,e8f9632ff89eabc,[MAY CONTAIN PERSONALLY IDENTIFIABLE INFORMATION], ,[MAY CONTAIN PERSONALLY IDENTIFIABLE INFORMATION], ,[MAY CONTAIN PERSONALLY IDENTIFIABLE INFORMATION], ,Scottsdale, ,AZ ,[MAY CONTAIN PERSONALLY IDENTIFIABLE INFORMATION], ,Street,Dry,No Unusual Conditions,40, ,Dark - Lighted,Y, , , , , , , ,,Passenger Car,Minor,Yes,Proceeding Straight,No,No, , ,Y, , ,Y, , ,Y, , ,Proceeding Straight,No,Yes,Yes,24, ,Y, , ,Y, , ,Y, , , , , , ,Y, ,Y,Y, , ,Yes,Scottsdale Police Dept, ,Yes,[MAY CONTAIN PERSONALLY IDENTIFIABLE INFORMATION], ,,Y,,Y,Yes, ,"On July [XXX], 2024 at 12:16 AM MT a Waymo Autonomous Vehicle (Waymo AV) operating in [XXX], Arizona was in a collision involving a passenger car on [XXX] near [XXX]. 
The Waymo AV was traveling north on [XXX] in the rightmost lane when it activated its right turn signal and began to slow as it approached the driveway of [XXX]. As the Waymo AV continued to slow, a passenger car traveling directly behind the Waymo AV at a high rate of speed made contact with the rear of the Waymo AV. At the time of the impact, the Waymo AVs Level 4 ADS was engaged in autonomous mode. Both vehicles sustained damage, and the passenger car left the scene. One of the passengers in the Waymo AV reported a minor injury. 
Waymo is reporting this crash under Request No. 1 of Standing General Order 2021-01 because a vehicle involved was towed away. Waymo may supplement or correct its reporting with additional information as it may become available.",
30270-8157,1,Waymo LLC,Monthly,6,2024,JUL-2024,SADHW2S18R1, ,N/A,Jaguar,I-Pace, ,2024, ,1a775515c7d2801,25710, ,None,5th Generation ADS, , ,5th Generation, , ,Version 9, , ,, ,Y,,, ,Y,Yes (specify below),ADOT						,Yes,ADS,Waymo LLC, ,Y, , , , , , ,,JUN-2024, ,JUN-2024,13:24, ,edd7e50363a5b35,[MAY CONTAIN PERSONALLY IDENTIFIABLE INFORMATION], ,[MAY CONTAIN PERSONALLY IDENTIFIABLE INFORMATION], ,[MAY CONTAIN PERSONALLY IDENTIFIABLE INFORMATION], ,Phoenix, ,AZ ,[MAY CONTAIN PERSONALLY IDENTIFIABLE INFORMATION], ,Parking Lot,Dry,No Unusual Conditions,15, ,Daylight,Y, , , , , , , ,,Passenger Car,No Injuries Reported,Yes,Backing,No,No, ,Y, , , , , , , , , ,Stopped,No,No,"No, see Narrative",0, , ,Y, , , , , , , , , , , ,Y, ,Y,Y, , ,No,, ,Yes,, ,, ,, ,Yes, ,"On June [XXX], 2024 at 1:24 PM MT a Waymo Autonomous Vehicle (Waymo AV) operating in [XXX], Arizona was in a collision involving a passenger car at [XXX]. 
The Waymo AV was stopped for a drop-off facing south in a parking lot at [XXX]. A rider in the Waymo AV opened the driver side rear door of the Waymo AV. At the same time, a passenger car that was facing north was reversing south through the parking lot and the mirror of the passenger car made contact with the driver side passenger door of the Waymo AV. One of the passengers in the Waymo AV unbuckled their seatbelt shortly before the moment of impact, likely because the AV was at its dropoff location and the passenger was preparing to exit. At the time of the impact, the Waymo AVs Level 4 ADS was engaged in autonomous mode. Waymo has received notice of a claim of damage to the passenger car.
Waymo is reporting this crash under Request No. 2 of Standing General Order 2021-01. Waymo may supplement or correct its reporting with additional information as it may become available.",
30270-7945,2,Waymo LLC,Update,,,JUL-2024,SADHW2S15M1, ,N/A,Jaguar,I-Pace, ,2021, ,0c7b648d5dfb9f3,81873, ,None,5th Generation ADS, , ,5th Generation, , ,Version 9, , ,, ,Y,,, ,Y,Yes (specify below),ADOT,Yes,ADS,Waymo LLC, , ,Y, , , , , ,,MAY-2024, ,MAY-2024,11:18, ,acc8936090bcd7f,[MAY CONTAIN PERSONALLY IDENTIFIABLE INFORMATION], ,[MAY CONTAIN PERSONALLY IDENTIFIABLE INFORMATION], ,[MAY CONTAIN PERSONALLY IDENTIFIABLE INFORMATION], ,Tempe, ,AZ ,[MAY CONTAIN PERSONALLY IDENTIFIABLE INFORMATION], ,Intersection,Dry,No Unusual Conditions,40, ,Daylight,Y, , , , , , , ,,Passenger Car,Unknown,Yes,Making Left Turn,No,No, , , , , ,Y, , , , , ,Making Left Turn,No,No,Yes,1, , , , ,Y, , , , , , , , , ,Y, ,Y,Y, , ,Yes,Tempe Police Department, ,Yes,[MAY CONTAIN PERSONALLY IDENTIFIABLE INFORMATION], ,[MAY CONTAIN PERSONALLY IDENTIFIABLE INFORMATION], ,,Y,Yes, ,"This report is being submitted as an update to the initial report submitted on June 17, 2024 [REDACTED, MAY CONTAIN CONFIDENTIAL BUSINESS INFORMATION]. Waymo also received notice that passengers in the other involved vehicle alleged injuries of unspecified severity and is updating this report accordingly. All other content in this report remains unchanged.
On May [XXX], 2024 at 11:18 AM MT a Waymo Autonomous Vehicle (Waymo AV) operating in [XXX], Arizona was in a collision involving a passenger car on [XXX] at [XXX]. 
The Waymo AV was traveling south on [XXX] and was preparing to make a protected left turn onto [XXX] in the leftmost dedicated left turn lane. As the Waymo AV entered the intersection, the traffic light for the Waymo AVs lane turned red. The Waymo AV began to slow, and the passenger car that was traveling closely behind the Waymo AV made contact with the rear of the Waymo AV. At the time of the impact, the Waymo AVs Level 4 ADS was engaged in autonomous mode. Both vehicles sustained damage.
Waymo is reporting this crash under Request No. 2 of Standing General Order 2021-01. Waymo may supplement or correct its reporting with additional information as it may become available.",
540-7876,2,"General Motors, LLC",Update,,,JUL-2024,5G21A6P09P4, ,N/A,Cruise,AV, ,2023, ,613ee5da9760d2d,6808, ,In-Vehicle and Remote (Commercial / Test),,Y, ,,Y, ,,Y, ,Cruise LLC, , ,,, ,Y,Yes (specify below),AZ,Yes,ADS,Cruise LLC, , ,Y, ,Y,Y, , ,,JUN-2024, ,JUL-2024,04:55, ,1116f21b046f906,[MAY CONTAIN PERSONALLY IDENTIFIABLE INFORMATION], ,[MAY CONTAIN PERSONALLY IDENTIFIABLE INFORMATION], ,[MAY CONTAIN PERSONALLY IDENTIFIABLE INFORMATION], ,Phoenix, ,AZ ,[MAY CONTAIN PERSONALLY IDENTIFIABLE INFORMATION], ,Street,Dry,No Unusual Conditions,35, ,Dawn / Dusk,Y, , , , , , , ,,Passenger Car,Moderate,Yes,Proceeding Straight,Unknown,Unknown, , ,Y, , ,Y, , ,Y, , ,"Other, see Narrative",No,Yes,Yes,0, ,Y, , ,Y, , ,Y, , , , ,Y,Y,Y, ,Y,Y, , ,Yes,Phoenix Police Department, ,Yes,[MAY CONTAIN PERSONALLY IDENTIFIABLE INFORMATION], ,,Y,,Y,"Unknown, see Narrative", ,"On July 12, 2024, GM Cruise Holdings LLC (""Cruise"") filed an updated Incident Report (the ""Report"") under the Second Amended Standing General Order 2021-01, dated April 5, 2023 (the ""Order"") General Motors LLC (GM) manufactured the Cruise-operated motor vehicle involved in the incident summarized in the Incident Report. Because GM is also a Reporting Entity under the Order, GM is submitting a duplicate of the redacted public copy of the Report. GM has selected ""Unknown"" in the ""ADS version"" and ""ODD time"" fields solely to avoid a second submission of nonpublic Cruise CBI GM is in possession of Cruise's responses to these fields, and incorporates Cruise's responses into this submission by reference. GM's submission is based on facts supplied to GM by Cruise. GM has not investigated the alleged incident and currently believes, based on a reasonable inquiry, that it has no independent knowledge of the facts in the Report. [XXX]",
30412-7840,2,Cruise LLC,Update,,,JUL-2024,5G21A6P09P4, ,N/A,Cruise,AV, ,2023, ,613ee5da9760d2d,6808, ,In-Vehicle and Remote (Commercial / Test),"[REDACTED, MAY CONTAIN CONFIDENTIAL BUSINESS INFORMATION]", ,Y,"[REDACTED, MAY CONTAIN CONFIDENTIAL BUSINESS INFORMATION]", ,Y,"[REDACTED, MAY CONTAIN CONFIDENTIAL BUSINESS INFORMATION]", ,Y,"General Motors, LLC", , ,,, ,Y,Yes (specify below),AZ,Yes,ADS,Cruise LLC, , ,Y, ,Y,Y, , ,,JUN-2024, ,JUN-2024,04:55, ,1116f21b046f906,[MAY CONTAIN PERSONALLY IDENTIFIABLE INFORMATION], ,[MAY CONTAIN PERSONALLY IDENTIFIABLE INFORMATION], ,[MAY CONTAIN PERSONALLY IDENTIFIABLE INFORMATION], ,Phoenix, ,AZ ,[MAY CONTAIN PERSONALLY IDENTIFIABLE INFORMATION], ,Street,Dry,No Unusual Conditions,35, ,Dawn / Dusk,Y, , , , , , , ,,Passenger Car,Moderate,Yes,Proceeding Straight,Unknown,Unknown, , ,Y, , ,Y, , ,Y, , ,"Other, see Narrative",No,Yes,Yes,0, ,Y, , ,Y, , ,Y, , , , ,Y,Y,Y, ,Y,Y, , ,Yes,Phoenix Police Department, ,Yes,[MAY CONTAIN PERSONALLY IDENTIFIABLE INFORMATION], ,,Y,,Y,"[REDACTED, MAY CONTAIN CONFIDENTIAL BUSINESS INFORMATION]",Y,"Cruise submits this updated report to add that the driver of the Chrysler PT Cruiser later claimed injuries related to the event. There are no other changes to Cruise's previous submission. On June [XXX], 2024 at 4:55AM MT, a Cruise autonomous vehicle (""AV"") operating in supervised autonomous mode with three Cruise AV test operators onboard was traveling southbound on [XXX] in [XXX], Arizona when it approached a red light at the intersection with [XXX]. As the AV was stopping at the red light, a Chrysler PT Cruiser approached the AV from the rear but failed to stop and struck the rear of the nearly-stopped AV, causing severe damage to the Cruise AV and damage to the Chrysler PT Cruiser. The impact of the collision pushed the AV into the center of the intersection before the pair came to a stop. Police and Emergency Medical Services (EMS) were called and came to the scene. The three Cruise AV test operators reported minor injuries. No parties were transported to the hospital from the scene of the collision, but the three AVTOs were later examined at a health care facility. The Cruise AV was towed from the scene.",
30270-8027,1,Waymo LLC,5-Day,,,JUL-2024,SADHW2S18M1, ,N/A,Jaguar,I-Pace, ,2021, ,2c7a9a00277e615,136899, ,None,5th Generation ADS, , ,5th Generation, , ,Version 9, , ,, ,Y,,, ,Y,Yes (specify below),ADOT                   						,Yes,ADS,Waymo LLC, , ,Y, , , , , ,,JUN-2024, ,JUN-2024,00:21, ,0d3092a8f49cdcf,[MAY CONTAIN PERSONALLY IDENTIFIABLE INFORMATION], ,[MAY CONTAIN PERSONALLY IDENTIFIABLE INFORMATION], ,[MAY CONTAIN PERSONALLY IDENTIFIABLE INFORMATION], ,Phoenix, ,AZ ,[MAY CONTAIN PERSONALLY IDENTIFIABLE INFORMATION], ,Intersection,Dry,No Unusual Conditions,40, ,Dark - Lighted,Y, , , , , , , ,,Passenger Car,No Injuries Reported,Yes,Proceeding Straight,Yes,No, , ,Y, , ,Y, , ,Y, , ,Stopped,No,Yes,No Passengers in Vehicle,0, ,Y, , ,Y, , ,Y, , , , , , ,Y, ,Y,Y, , ,No,, ,Yes,, ,, ,, ,Yes, ,"On June [XXX], 2024 at 12:21 AM MT a Waymo Autonomous Vehicle (Waymo AV) operating in Phoenix, Arizona was in a collision involving a passenger car on [XXX] at [XXX]. 
The Waymo AV was stopped in traffic for a red light on eastbound [XXX] when a passenger car traveling at a high rate of speed approached the Waymo AV from behind. The front of the passenger car made contact with the rear of the Waymo AV. At the time of the impact, the Waymo AVs Level 4 ADS was engaged in autonomous mode. Both vehicles sustained damage, and the passenger car left the scene.
Waymo is reporting this crash under Request No. 1 of Standing General Order 2021-01 because a vehicle involved was towed away and an airbag deployed. Waymo may supplement or correct its reporting with additional information as it may become available.",
30270-8020,1,Waymo LLC,5-Day,,,JUL-2024,SADHW2S16M1, ,N/A,Jaguar,I-Pace, ,2021, ,b8ff4ec3e3740b8,105914, ,None,5th Generation ADS, , ,5th Generation, , ,Version 9, , ,, ,Y,,, ,Y,Yes (specify below),AZ DOT,Yes,ADS,Waymo LLC, , , , ,Y, , , ,,JUN-2024, ,JUN-2024,7:12, ,378c0e67de82ea5,[MAY CONTAIN PERSONALLY IDENTIFIABLE INFORMATION], ,[MAY CONTAIN PERSONALLY IDENTIFIABLE INFORMATION], ,[MAY CONTAIN PERSONALLY IDENTIFIABLE INFORMATION], ,Phoenix, ,AZ ,[MAY CONTAIN PERSONALLY IDENTIFIABLE INFORMATION], ,Street,Dry,No Unusual Conditions,40, ,Daylight,Y, , , , , , , ,,Passenger Car,No Injuries Reported,Yes,Proceeding Straight,No,Yes, , ,Y, , ,Y, , ,Y, , ,Stopped,No,Yes,No Passengers in Vehicle,0, ,Y, , ,Y, , ,Y, , , , , ,Y, , , ,Y, , ,Yes,Phoenix Police Department, ,Yes,[MAY CONTAIN PERSONALLY IDENTIFIABLE INFORMATION], ,,Y,,Y,Yes, ,"On June [XXX], 2024 at 7:12 AM PT a Waymo Autonomous Vehicle (""Waymo AV"") operating in Phoenix, Arizona was in a collision involving a passenger car on E Indian [XXX] at [XXX]. 
The Waymo AV was stopped in the leftmost westbound lane of [XXX] of a technical issue when the front of a passenger car traveling west on [XXX] made contact with the rear of the Waymo AV. At the time of the impact, the Waymo AV's Level 4 ADS was engaged in autonomous mode. Both vehicles sustained damage.
Waymo is reporting this crash under Request No. 1 of Standing General Order 2021-01 because a vehicle involved was towed away. Waymo may supplement or correct its reporting with additional information as it may become available.",
30291-7981,1,Nuro,5-Day,,,JUN-2024,JTDKAMFU1N3, ,N/A,Toyota,Prius, ,2022, ,2cd83f9a657e9cc,13728, ,In-Vehicle (Commercial / Test),"[REDACTED, MAY CONTAIN CONFIDENTIAL BUSINESS INFORMATION]", ,Y,"[REDACTED, MAY CONTAIN CONFIDENTIAL BUSINESS INFORMATION]", ,Y,"[REDACTED, MAY CONTAIN CONFIDENTIAL BUSINESS INFORMATION]", ,Y,, ,Y,,, ,Y,No,,Yes,ADS,"Nuro, Inc.", , , , , ,Y, , ,,JUN-2024, ,JUN-2024,17:10, ,64ff58c25e10084,[MAY CONTAIN PERSONALLY IDENTIFIABLE INFORMATION], ,[MAY CONTAIN PERSONALLY IDENTIFIABLE INFORMATION], ,[MAY CONTAIN PERSONALLY IDENTIFIABLE INFORMATION], ,Houston, ,TX ,[MAY CONTAIN PERSONALLY IDENTIFIABLE INFORMATION], ,Intersection,Dry,No Unusual Conditions,30, ,Daylight,Y, , , , , , , ,,Passenger Car,No Injuries Reported,Yes,Proceeding Straight,No,Unknown, , ,Y, , , , , , , , ,Making Left Turn,No,Yes,Yes,14, , , , , , , , , ,Y, , , , ,Y, ,Y, , , ,No,, ,No,, ,, ,, ,Yes, ,"At approximately 5:10pm CDT, a passenger vehicle collided with a Nuro Prius operating in manual mode in Houston, Texas. 
Prior to the collision, the Nuro Prius operating autonomously came to a stop at the intersection of [XXX] and [XXX]. The Nuro operator disengaged autonomy, switched to manual, and proceeded to make a left turn. A passenger vehicle collided with the Nuro Prius before the driver completed the turn. 
No injuries were reported. Both vehicles sustained damage. Law enforcement was not involved.",
30270-7941,1,Waymo LLC,Monthly,5,2024,JUN-2024,SADHW2S15M1, ,N/A,Jaguar,I-Pace, ,2021, ,380f141e3688fe0,125840, ,None,5th Generation ADS, , ,5th Generation, , ,Version 9, , ,, ,Y,,, ,Y,Yes (specify below),ADOT,Yes,ADS,Waymo LLC, , ,Y, , , , , ,,MAY-2024, ,MAY-2024,11:02, ,1bf0008f0ae5e02,[MAY CONTAIN PERSONALLY IDENTIFIABLE INFORMATION], ,[MAY CONTAIN PERSONALLY IDENTIFIABLE INFORMATION], ,[MAY CONTAIN PERSONALLY IDENTIFIABLE INFORMATION], ,Tempe, ,AZ ,[MAY CONTAIN PERSONALLY IDENTIFIABLE INFORMATION], ,Parking Lot,Dry,No Unusual Conditions,15, ,Daylight,Y, , , , , , , ,,Passenger Car,No Injuries Reported,Yes,Backing,No,No,Y, , , , , , , , , , ,Parking Maneuver,No,No,No Passengers in Vehicle,4, , , , , , , , ,Y, , , , , ,Y, ,Y,Y, , ,Yes,Tempe Police Department, ,Yes,,Y,,Y,,Y,Yes, ,"On May [XXX], 2024 at 11:02 AM MT a Waymo Autonomous Vehicle (""Waymo AV"") operating in Tempe, Arizona was in a collision involving a passenger car in a parking lot at [XXX]. 
The Waymo AV was traveling west through a parking lot on [XXX] when a passenger car reversed out of a parking spot and made contact with the rear passenger door of the Waymo AV. At the time of the impact, the Waymo AV's Level 4 ADS was engaged in autonomous mode. Both vehicles sustained damage.
Waymo is reporting this crash under Request No. 2 of Standing General Order 2021-01. Waymo may supplement or correct its reporting with additional information as it may become available.",
30270-7943,1,Waymo LLC,Monthly,5,2024,JUN-2024,SADHW2S19M1, ,N/A,Jaguar,I-Pace, ,2021, ,82ca7b5717c14e4,142222, ,None,5th Generation ADS, , ,5th Generation, , ,Version 9, , ,, ,Y,,, ,Y,Yes (specify below),ADOT,Yes,ADS,Waymo LLC, , ,Y, , , , , ,,MAY-2024, ,MAY-2024,10:41, ,293f1c3457530d0,[MAY CONTAIN PERSONALLY IDENTIFIABLE INFORMATION], ,[MAY CONTAIN PERSONALLY IDENTIFIABLE INFORMATION], ,[MAY CONTAIN PERSONALLY IDENTIFIABLE INFORMATION], ,Tempe, ,AZ ,[MAY CONTAIN PERSONALLY IDENTIFIABLE INFORMATION], ,Street,Dry,No Unusual Conditions,30, ,Daylight,Y, , , , , , , ,,Passenger Car,No Injuries Reported,Yes,Proceeding Straight,No,No, , ,Y, , , , , , , , ,Stopped,No,No,No Passengers in Vehicle,0, , , , ,Y, , , , , , , , , ,Y, ,Y,Y, , ,Yes,Tempe Police Department, ,Yes,[MAY CONTAIN PERSONALLY IDENTIFIABLE INFORMATION], ,,Y,,Y,Yes, ,"On May [XXX], 2024 at 10:41 AM MT a Waymo Autonomous Vehicle (""Waymo AV"") operating in Tempe, Arizona was in a collision involving a passenger car on [XXX] at [XXX]. 
The Waymo AV was traveling north in the middle lane on [XXX] and stopped at a red light when a passenger car made contact with the rear of the Waymo AV.  At the time of the impact, the Waymo AV's Level 4 ADS was engaged in autonomous mode. Both vehicles sustained damage.
Waymo is reporting this crash under Request No. 2 of Standing General Order 2021-01. Waymo may supplement or correct its reporting with additional information as it may become available.",
30270-7945,1,Waymo LLC,Monthly,5,2024,JUN-2024,SADHW2S15M1, ,N/A,Jaguar,I-Pace, ,2021, ,0c7b648d5dfb9f3,81873, ,None,5th Generation ADS, , ,5th Generation, , ,Version 9, , ,, ,Y,,, ,Y,Yes (specify below),ADOT,Yes,ADS,Waymo LLC, , ,Y, , , , , ,,MAY-2024, ,MAY-2024,11:18, ,acc8936090bcd7f,[MAY CONTAIN PERSONALLY IDENTIFIABLE INFORMATION], ,[MAY CONTAIN PERSONALLY IDENTIFIABLE INFORMATION], ,[MAY CONTAIN PERSONALLY IDENTIFIABLE INFORMATION], ,Tempe, ,AZ ,[MAY CONTAIN PERSONALLY IDENTIFIABLE INFORMATION], ,Intersection,Dry,No Unusual Conditions,40, ,Daylight,Y, , , , , , , ,,Passenger Car,No Injuries Reported,Yes,Making Left Turn,No,No, , , , , ,Y, , , , , ,Making Left Turn,No,No,Yes,1, , , , ,Y, , , , , , , , , ,Y, ,Y,Y, , ,Yes,Tempe Police Department, ,Yes,[MAY CONTAIN PERSONALLY IDENTIFIABLE INFORMATION], ,[MAY CONTAIN PERSONALLY IDENTIFIABLE INFORMATION], ,,Y,Yes, ,"On May [XXX], 2024 at 11:18 AM MT a Waymo Autonomous Vehicle (""Waymo AV"") operating in Tempe, Arizona was in a collision involving a passenger car on [XXX] at [XXX]. 
The Waymo AV was traveling south on [XXX] and was preparing to make a protected left turn onto [XXX] in the leftmost dedicated left turn lane. As the Waymo AV entered the intersection, the traffic light for the Waymo AV's lane turned red. The Waymo AV began to slow, and the passenger car that was traveling closely behind the Waymo AV made contact with the rear of the Waymo AV. At the time of the impact, the Waymo AV's Level 4 ADS was engaged in autonomous mode. Both vehicles sustained damage.
Waymo is reporting this crash under Request No. 2 of Standing General Order 2021-01. Waymo may supplement or correct its reporting with additional information as it may become available.",
30270-7944,1,Waymo LLC,Monthly,5,2024,JUN-2024,SADHW2S16M1, ,N/A,Jaguar,I-Pace, ,2021, ,9052d837901c491,93214, ,None,5th Generation ADS, , ,5th Generation, , ,Version 9, , ,, ,Y,,, ,Y,Yes (specify below),ADOT,Yes,ADS,Waymo LLC, , ,Y, , , , , ,,MAY-2024, ,MAY-2024,08:33, ,f55fb6e48522863,[MAY CONTAIN PERSONALLY IDENTIFIABLE INFORMATION], ,[MAY CONTAIN PERSONALLY IDENTIFIABLE INFORMATION], ,[MAY CONTAIN PERSONALLY IDENTIFIABLE INFORMATION], ,Phoenix, ,AZ ,[MAY CONTAIN PERSONALLY IDENTIFIABLE INFORMATION], ,Parking Lot,Dry,No Unusual Conditions,15, ,Daylight,Y, , , , , , , ,,Passenger Car,No Injuries Reported,Yes,Backing,No,No,Y, , ,Y, , , , , , , ,Proceeding Straight,No,No,Yes,7, , , , , , , , ,Y, , , , , ,Y, ,Y,Y, , ,No,, ,Yes,, ,, ,, ,Yes, ,"On May [XXX], 2024 at 8:33 AM MT a Waymo Autonomous Vehicle (""Waymo AV"") operating in Phoenix, Arizona was in a collision involving a passenger car in a parking lot off of [XXX] near [XXX]. 
The Waymo AV was traveling south through a parking lot at Fillmore Place Apartments when a passenger car reversed out of a parking spot to the right of the Waymo AV. The rear of the passenger car made contact with the passenger side of the Waymo AV. At the time of the impact, the Waymo AV's Level 4 ADS was engaged in autonomous mode. The Waymo AV sustained damage and the passenger car left the scene.
Waymo is reporting this crash under Request No. 2 of Standing General Order 2021-01. Waymo may supplement or correct its reporting with additional information as it may become available.",