Report ID,Report Version,Reporting Entity,Report Type,Report Month,Report Year,Report Submission Date,VIN,VIN - Unknown,Serial Number,Make,Model,Model - Unknown,Model Year,Model Year - Unknown,Same Vehicle ID,Mileage,Mileage - Unknown,Driver / Operator Type,ADAS/ADS System Version,ADAS/ADS System Version - Unk,ADAS/ADS System Version CBI,ADAS/ADS Hardware Version,ADAS/ADS Hardware Version - Unk,ADAS/ADS Hardware Version CBI,ADAS/ADS Software Version,ADAS/ADS Software Version - Unk,ADAS/ADS Software Version CBI,Other Reporting Entities?,Other Reporting Entities? - Unk,Other Reporting Entities? - NA,Federal Regulatory Exemption?,Other Federal Reg. Exemption,Federal Reg. Exemption - Unk,Federal Reg. Exemption - No,State or Local Permit?,State or Local Permit,ADS Equipped?,Automation System Engaged?,Operating Entity,Operating Entity - Unknown,Source - Complaint/Claim,Source - Telematics,Source - Law Enforcement,Source - Field Report,Source - Testing,Source - Media,Source - Other,Source - Other Text,Incident Date,Incident Date - Unknown,Notice Received Date,Incident Time (24:00),Incident Time - Unknown,Same Incident ID,Latitude,Latitude - Unknown,Longitude,Longitude - Unknown,Address,Address - Unknown,City,City - Unknown,State,Zip Code,Zip Code - Unknown,Roadway Type,Roadway Surface,Roadway Description,Posted Speed Limit (MPH),Posted Speed Limit - Unknown,Lighting,Weather - Clear,Weather - Snow,Weather - Cloudy,Weather - Fog/Smoke,Weather - Rain,Weather - Severe Wind,Weather - Unknown,Weather - Other,Weather - Other Text,Crash With,Highest Injury Severity Alleged,Property Damage?,CP Pre-Crash Movement,CP Any Air Bags Deployed?,CP Was Vehicle Towed?,CP Contact Area - Rear Left,CP Contact Area - Left,CP Contact Area - Front Left,CP Contact Area - Rear,CP Contact Area - Top,CP Contact Area - Front,CP Contact Area - Rear Right,CP Contact Area - Right,CP Contact Area - Front Right,CP Contact Area - Bottom,CP Contact Area - Unknown,SV Pre-Crash Movement,SV Any Air Bags Deployed?,SV Was Vehicle Towed?,SV Were All Passengers Belted?,SV Precrash Speed (MPH),SV Pre-crash Speed - Unknown,SV Contact Area - Rear Left,SV Contact Area - Left,SV Contact Area - Front Left,SV Contact Area - Rear,SV Contact Area - Top,SV Contact Area - Front,SV Contact Area - Rear Right,SV Contact Area - Right,SV Contact Area - Front Right,SV Contact Area - Bottom,SV Contact Area - Unknown,Data Availability - EDR,Data Availability - Police Rpt,Data Availability - Telematics,Data Availability - Complaints,Data Availability - Video,Data Availability - Other,Data Availability - No Data,Data Availability - Unknown,Law Enforcement Investigating?,Investigating Agency,Investigating Agency - Unknown,Rep Ent Or Mfr Investigating?,Investigating Officer Name,Inv. Officer Name - Unknown,Investigating Officer Phone,Inv. Officer Phone - Unknown,Investigating Officer Email,Inv. Officer Email - Unknown,Within ODD?,Within ODD? - CBI,Narrative,Narrative - CBI?
30270-6149,2,Waymo LLC,10-Day Update,,,AUG-2023,SADHW2S14M1, ,N/A,Jaguar,I-Pace, ,2021, ,33d60213f3005c0,59750, ,None,5th Generation, , ,5th Generation, , ,Version 8, , ,, ,Y,,, ,Y,Yes (specify below),ADOT,Yes,ADS,Waymo LLC, , ,Y, , , , , ,,AUG-2023, ,AUG-2023,21:37, ,04bce80be566c1b,[MAY CONTAIN PERSONALLY IDENTIFIABLE INFORMATION], ,[MAY CONTAIN PERSONALLY IDENTIFIABLE INFORMATION], ,[MAY CONTAIN PERSONALLY IDENTIFIABLE INFORMATION], ,Tempe, ,AZ ,[MAY CONTAIN PERSONALLY IDENTIFIABLE INFORMATION], ,Intersection,Dry,No Unusual Conditions,35, ,Dark - Lighted,Y, , , , , , , ,,Passenger Car,Unknown,Yes,Proceeding Straight,Yes,Yes, , ,Y, , ,Y, , ,Y, , ,Stopped,No,Yes,No Passengers in Vehicle,0, ,Y, , ,Y, , ,Y, , , , , , ,Y, ,Y,Y, , ,Yes,Tempe Police Department, ,Yes,,Y,,Y,,Y,Yes, ,"The content of this report is unchanged from the initial report submitted on August 18, 2023 [REDACTED, MAY CONTAIN CONFIDENTIAL BUSINESS INFORMATION]. 
On August [XXX], 2023 at 9:37 PM PT a Waymo Autonomous Vehicle (Waymo AV) operating in Tempe, Arizona was in a collision involving a passenger vehicle on [XXX] near [XXX].
The Waymo AV was stopped in traffic at a red light for a pedestrian crosswalk, facing westbound on [XXX]. A passenger vehicle behind the Waymo AV approached and made contact with the rear of the Waymo AV. At the time of the impact, the Waymo AVs Level 4 ADS was engaged in autonomous mode. Both vehicles sustained damage.
Waymo is reporting this crash under Request No. 1 of Standing General Order 2021-01 because an individual involved was transported from the scene to a hospital for medical treatment. Waymo may supplement or correct its reporting with additional information as it may become available.",
30270-6149,1,Waymo LLC,1-Day,,,AUG-2023,SADHW2S14M1, ,N/A,Jaguar,I-Pace, ,2021, ,33d60213f3005c0,59750, ,None,5th Generation, , ,5th Generation, , ,Version 8, , ,, ,Y,,, ,Y,Yes (specify below),ADOT,Yes,ADS,Waymo LLC, , ,Y, , , , , ,,AUG-2023, ,AUG-2023,21:37, ,04bce80be566c1b,[MAY CONTAIN PERSONALLY IDENTIFIABLE INFORMATION], ,[MAY CONTAIN PERSONALLY IDENTIFIABLE INFORMATION], ,[MAY CONTAIN PERSONALLY IDENTIFIABLE INFORMATION], ,Tempe, ,AZ ,[MAY CONTAIN PERSONALLY IDENTIFIABLE INFORMATION], ,Intersection,Dry,No Unusual Conditions,35, ,Dark - Lighted,Y, , , , , , , ,,Passenger Car,Unknown,Yes,Proceeding Straight,Yes,Yes, , ,Y, , ,Y, , ,Y, , ,Stopped,No,Yes,No Passengers in Vehicle,0, ,Y, , ,Y, , ,Y, , , , , , ,Y, ,Y,Y, , ,Yes,Tempe Police Department, ,Yes,,Y,,Y,,Y,Yes, ,"On August [XXX], 2023 at 9:37 PM PT a Waymo Autonomous Vehicle (Waymo AV) operating in Tempe, Arizona was in a collision involving a passenger vehicle on [XXX] near [XXX].
The Waymo AV was stopped in traffic at a red light for a pedestrian crosswalk, facing westbound on [XXX]. A passenger vehicle behind the Waymo AV approached and made contact with the rear of the Waymo AV. At the time of the impact, the Waymo AVs Level 4 ADS was engaged in autonomous mode. Both vehicles sustained damage.
Waymo is reporting this crash under Request No. 1 of Standing General Order 2021-01 because an individual involved was transported from the scene to a hospital for medical treatment. Waymo may supplement or correct its reporting with additional information as it may become available.",
30270-6131,1,Waymo LLC,Monthly,7,2023,AUG-2023,SADHW2S11M1, ,N/A,Jaguar,I-Pace, ,2021, ,03a8719f5e6a313,75443, ,None,5th Generation ADS, , ,5th Generation, , ,Version 8, , ,, ,Y,,, ,Y,Yes (specify below),ADOT,Yes,ADS,Waymo LLC, , ,Y, , , , , ,,JUL-2023, ,JUL-2023,9:02, ,b0278a04c4af33b,[MAY CONTAIN PERSONALLY IDENTIFIABLE INFORMATION], ,[MAY CONTAIN PERSONALLY IDENTIFIABLE INFORMATION], ,[MAY CONTAIN PERSONALLY IDENTIFIABLE INFORMATION], ,Phoenix, ,AZ ,[MAY CONTAIN PERSONALLY IDENTIFIABLE INFORMATION], ,Street,Dry,No Unusual Conditions,25, ,Daylight, , ,Y, , , , , ,,Passenger Car,No Injuries Reported,Yes,Backing,No,No, , , , , , ,Y, , , , ,Parked,No,No,No Passengers in Vehicle,0, ,Y, , , , , , , , , , , , ,Y, ,Y,Y, , ,No,, ,Yes,, ,, ,, ,Yes, ,"On July [XXX], 2023 at 9:02 AM PT a Waymo Autonomous Vehicle (Waymo AV) operating in Phoenix, Arizona was in a collision involving a passenger car on [XXX] at [XXX].
The Waymo AV was parallel parked along the right-hand curb on eastbound [XXX] when a passenger car reversed out of a driveway across the street from the Waymo AV and made contact with the driver side rear bumper of the Waymo AV. At the time of the impact, the Waymo AVs Level 4 ADS was engaged in autonomous mode. Both vehicles sustained damage.
Waymo is reporting this crash under Request No. 2 of Standing General Order 2021-01. Waymo may supplement or correct its reporting with additional information as it may become available.",
30270-5997,1,Waymo LLC,5-Day,,,AUG-2023,SADHW2S19M1, ,N/A,Jaguar,I-Pace, ,2021, ,720a2c8a04ccf0d,35785, ,None,5th Generation, , ,5th Generation, , ,Version 8, , ,, ,Y,,, ,Y,Yes (specify below),ADOT,Yes,ADS,Waymo LLC, , ,Y, , , , , ,,JUL-2023, ,JUL-2023,15:34, ,62a06417fd0e440,[MAY CONTAIN PERSONALLY IDENTIFIABLE INFORMATION], ,[MAY CONTAIN PERSONALLY IDENTIFIABLE INFORMATION], ,[MAY CONTAIN PERSONALLY IDENTIFIABLE INFORMATION], ,Tempe, ,AZ ,[MAY CONTAIN PERSONALLY IDENTIFIABLE INFORMATION], ,Street,Dry,"Other, see Narrative",40, ,Daylight,Y, , , , , , , ,,Passenger Car,Minor,Yes,Proceeding Straight,No,Unknown, , ,Y, , ,Y, , ,Y, , ,Proceeding Straight,No,Yes,"No, see Narrative",3, ,Y, , ,Y, , ,Y, , , , , , ,Y, ,Y,Y, , ,Yes,Tempe Police Department, ,Yes,[MAY CONTAIN PERSONALLY IDENTIFIABLE INFORMATION], ,,Y,,Y,Yes, ,"On July [XXX], 2023 at 3:34 PM PT a Waymo Autonomous Vehicle (Waymo AV) operating in Tempe, Arizona was in a collision involving a passenger vehicle on [XXX] near [XXX]. 
The Waymo AV was traveling westbound on [XXX] in the left lane with a vehicle overtaking it in the right adjacent lane when it detected a large, fallen tree branch in part of its lane and applied braking in response. As the Waymo AV was braking and had slowed to 3 mph, a passenger vehicle behind the Waymo made contact with the rear of the Waymo AV. Moments later, an SUV behind the passenger vehicle made contact with the rear of the passenger vehicle. At the time of the impact, the Waymo AVs Level 4 ADS was engaged in autonomous mode. All vehicles sustained damage. Rather than wearing the seat belt, the passenger in the Waymo AV was sitting on the buckled seat belt at the time of the collision. The passenger declined medical attention.
Waymo is reporting this crash under Request No. 1 of Standing General Order 2021-01. Waymo may supplement or correct its reporting with additional information as it may become available.",
540-5991,1,"General Motors, LLC",5-Day,,,JUL-2023,5G21A6P08N4, ,N/A,Cruise,AV, ,2022, ,d2d0a875e91a8e0,34706, ,In-Vehicle and Remote (Commercial / Test),,Y, ,,Y, ,,Y, ,Cruise LLC, , ,,, ,Y,Yes (specify below),AZ,Yes,ADS,Cruise LLC, , ,Y, ,Y,Y, , ,,JUL-2023, ,JUL-2023,20:38, ,71e072b12612549,[MAY CONTAIN PERSONALLY IDENTIFIABLE INFORMATION], ,[MAY CONTAIN PERSONALLY IDENTIFIABLE INFORMATION], ,[MAY CONTAIN PERSONALLY IDENTIFIABLE INFORMATION], ,Tempe, ,AZ ,[MAY CONTAIN PERSONALLY IDENTIFIABLE INFORMATION], ,Street,Dry,No Unusual Conditions,40, ,Dark - Lighted,Y, , , , , , , ,,Passenger Car,Minor,Yes,Changing Lanes,No,Yes, , , , , , ,Y,Y,Y, , ,Proceeding Straight,No,No,Yes,27, , , ,Y, , , , ,Y, , , ,Y, ,Y, ,Y,Y, , ,Yes,Tempe Police Department, ,Yes,[MAY CONTAIN PERSONALLY IDENTIFIABLE INFORMATION], ,,Y,,Y,"Unknown, see Narrative", ,"On July 26, GM Cruise Holdings LLC (""Cruise"") filed an Incident Report (the ""Report"") under the Second Amended Standing General Order 2021-01, dated April 5, 2023 (the ""Order"") General Motors LLC (GM) manufactured the Cruise-operated motor vehicle involved in the incident summarized in the Incident Report. Because GM is also a Reporting Entity under the Order, GM is submitting a duplicate of the redacted public copy of the Report. GM has selected ""Unknown"" in the ""ADS version"" and ""ODD time"" fields solely to avoid a second submission of nonpublic Cruise CBI GM is in possession of Cruise's responses to these fields, and incorporates Cruise's responses into this submission by reference. GM's submission is based on facts supplied to GM by Cruise. GM has not investigated the alleged incident and currently believes, based on a reasonable inquiry, that it has no independent knowledge of the facts in the Report. (Reference file: 30412-5989-1)",
30412-5989,1,Cruise LLC,5-Day,,,JUL-2023,5G21A6P08N4, ,N/A,Cruise,AV, ,2022, ,d2d0a875e91a8e0,34706, ,In-Vehicle and Remote (Commercial / Test),"[REDACTED, MAY CONTAIN CONFIDENTIAL BUSINESS INFORMATION]", ,Y,"[REDACTED, MAY CONTAIN CONFIDENTIAL BUSINESS INFORMATION]", ,Y,"[REDACTED, MAY CONTAIN CONFIDENTIAL BUSINESS INFORMATION]", ,Y,"General Motors, LLC", , ,,, ,Y,Yes (specify below),AZ,Yes,ADS,Cruise LLC, , ,Y, ,Y,Y, , ,,JUL-2023, ,JUL-2023,20:38, ,71e072b12612549,[MAY CONTAIN PERSONALLY IDENTIFIABLE INFORMATION], ,[MAY CONTAIN PERSONALLY IDENTIFIABLE INFORMATION], ,[MAY CONTAIN PERSONALLY IDENTIFIABLE INFORMATION], ,Tempe, ,AZ ,[MAY CONTAIN PERSONALLY IDENTIFIABLE INFORMATION], ,Street,Dry,No Unusual Conditions,40, ,Dark - Lighted,Y, , , , , , , ,,Passenger Car,Minor,Yes,Changing Lanes,No,Yes, , , , , , ,Y,Y,Y, , ,Proceeding Straight,No,No,Yes,27, , , ,Y, , , , ,Y, , , ,Y, ,Y, ,Y,Y, , ,Yes,Tempe Police Department, ,Yes,[MAY CONTAIN PERSONALLY IDENTIFIABLE INFORMATION], ,,Y,,Y,"[REDACTED, MAY CONTAIN CONFIDENTIAL BUSINESS INFORMATION]",Y,"Cruise is submitting this as a 5-Day Report since it was confirmed on July [XXX], 2023 that an involved vehicle was towed from the scene. A Cruise autonomous vehicle (""Cruise AV""), operating in supervised autonomous mode, was traveling northbound on [XXX] in the rightmost lane between [XXX] and [XXX]. At the same time, a yellow Toyota Scion traveling in the leftmost lane veered into the Cruise AV's lane without a turn signal. The Cruise AV operator disengaged from autonomous into manual mode and braked to avoid the Toyota Scion, but shortly thereafter, contact was made with the Cruise AV's front driver side bumper fascia, damaging the front driver side bumper fascia, front driver side wheel opening molding, and front and rear passenger side doors. Police were called to the scene and the driver of the Toyota Scion was transported by police. The Cruise AV operators reported injuries and the Toyota Scion was towed from the incident. [REDACTED, MAY CONTAIN CONFIDENTIAL BUSINESS INFORMATION]",Y
30410-5786,2,Motional,Update,,,JUL-2023,KMHKM4AE9M1, ,N/A,Hyundai,Ioniq 5, ,2021, ,6dbef6b4d4ef3c4,5581, ,In-Vehicle (Commercial / Test),"[REDACTED, MAY CONTAIN CONFIDENTIAL BUSINESS INFORMATION]", ,Y,"[REDACTED, MAY CONTAIN CONFIDENTIAL BUSINESS INFORMATION]", ,Y,"[REDACTED, MAY CONTAIN CONFIDENTIAL BUSINESS INFORMATION]", ,Y,, ,Y,Part 591 Exemption granted by permission letter from NHTSA,, , ,Yes (specify below),Nevada,Yes,ADS,Motional, , , , ,Y, , , ,,JUN-2023, ,JUN-2023,21:42, ,fdceba88754ba36,[MAY CONTAIN PERSONALLY IDENTIFIABLE INFORMATION], ,[MAY CONTAIN PERSONALLY IDENTIFIABLE INFORMATION], ,[MAY CONTAIN PERSONALLY IDENTIFIABLE INFORMATION], ,Las Vegas, ,NV ,[MAY CONTAIN PERSONALLY IDENTIFIABLE INFORMATION], ,Intersection,Dry,Traffic Incident,15, ,Dark - Lighted,Y, , , , , , , ,,Passenger Car,Minor,Yes,Making Left Turn,No,No, , ,Y, , ,Y, , , , , ,Making Left Turn,No,No,Yes,3, ,Y, , ,Y, , , , , , , , , , , ,Y, , , ,No,, ,Yes,, ,, ,, ,"[REDACTED, MAY CONTAIN CONFIDENTIAL BUSINESS INFORMATION]",Y,"On June [XXX], 2023, at 9:42 PM PDT, a Motional Hyundai Ioniq 5 was operating in autonomous mode with a safety driver at the wheel and a safety operator in the front passenger seat.
 
The Motional vehicle was northbound on [XXX], in the left-most of two left turn lanes, turning onto [XXX] at 10 MPH. The Motional vehicle then braked for an approaching taxi in the adjacent turn lane that was perceived to be crossing into the lane of the Motional vehicle and was rear-ended by a silver Toyota traveling behind it.",
30270-5896,1,Waymo LLC,5-Day,,,JUL-2023,SADHW2S13M1, ,N/A,Jaguar,I-Pace, ,2021, ,674ecd091eec275,47784, ,None,5th Generation, , ,5th Generation, , ,Version 8, , ,, ,Y,,, ,Y,Yes (specify below),ADOT,Yes,ADS,Waymo LLC, , ,Y, , , , , ,,JUL-2023, ,JUL-2023,18:13, ,7af239ffdf71359,[MAY CONTAIN PERSONALLY IDENTIFIABLE INFORMATION], ,[MAY CONTAIN PERSONALLY IDENTIFIABLE INFORMATION], ,[MAY CONTAIN PERSONALLY IDENTIFIABLE INFORMATION], ,Chandler, ,AZ ,[MAY CONTAIN PERSONALLY IDENTIFIABLE INFORMATION], ,Intersection,Dry,No Unusual Conditions,25, ,Daylight,Y, , , , , , , ,,Passenger Car,No Injuries Reported,Yes,Crossing into Opposing Lane,No,Yes, ,Y,Y, , ,Y, , , , , ,Stopped,No,No,No Passengers in Vehicle,0, , , ,Y, , ,Y, , ,Y, , , , ,Y, ,Y,Y, , ,Yes,Chandler Police Department, ,Yes,,Y,,Y,,Y,Yes, ,"On July [XXX], 2023 at 6:13 PM PT a Waymo Autonomous Vehicle (Waymo AV) operating in Chandler, Arizona was in a collision involving a passenger car on [XXX] at [XXX].
The Waymo AV was traveling northbound on [XXX] and just passed [XXX] when an oncoming passenger car crossed into the Waymo AVs lane, toward the Waymo AV. The Waymo AV then stopped as the passenger vehicle continued to approach. The passenger vehicle then made contact with the front of the Waymo AV, and then made contact with the side of the Waymo AV as it left the scene. At the time of the impact, the Waymo AVs Level 4 ADS was engaged in autonomous mode. Both vehicles sustained damage.
Waymo is reporting this crash under Request No. 1 of Standing General Order 2021-01 because a vehicle involved was towed away. Waymo may supplement or correct its reporting with additional information as it may become available.",
669-5837,1,Hyundai Motor America,Monthly,7,2023,JUL-2023,KMHKM4AE9M1, ,N/A,Hyundai,IONIQ 5, ,2021, ,6dbef6b4d4ef3c4,5581, ,In-Vehicle (Commercial / Test),"[REDACTED, MAY CONTAIN CONFIDENTIAL BUSINESS INFORMATION]", ,Y,"[REDACTED, MAY CONTAIN CONFIDENTIAL BUSINESS INFORMATION]", ,Y,"[REDACTED, MAY CONTAIN CONFIDENTIAL BUSINESS INFORMATION]", ,Y,Motional, , ,Part 591 Exemption granted by permission letter from NHTSA,, , ,Yes (specify below),Nevada,Yes,ADS,Motional, , , , ,Y, , , ,,JUN-2023, ,JUN-2023,21:42, ,fdceba88754ba36,[MAY CONTAIN PERSONALLY IDENTIFIABLE INFORMATION], ,[MAY CONTAIN PERSONALLY IDENTIFIABLE INFORMATION], ,[MAY CONTAIN PERSONALLY IDENTIFIABLE INFORMATION], ,Las Vegas, ,NV ,[MAY CONTAIN PERSONALLY IDENTIFIABLE INFORMATION], ,Intersection,Dry,Traffic Incident,15, ,Dark - Lighted,Y, , , , , , , ,,Passenger Car,Minor,Yes,Making Left Turn,No,No, , ,Y, , ,Y, , , , , ,Making Left Turn,No,No,Yes,3, ,Y, , ,Y, , , , , , , , , , , ,Y, , , ,No,, ,Yes,, ,, ,, ,"[REDACTED, MAY CONTAIN CONFIDENTIAL BUSINESS INFORMATION]",Y,"On June 23, 2023, Motional informed HMNA's NASO of a crash incident occurring on June [XXX], 2023, at 9:42 PM PDT, involving a Hyundai IONIQ 5 test vehicle operating in proprietary ADS autonomous mode with a safety driver at the wheel and a safety operator in the front passenger seat.  According to Motional, the test vehicle was travelling northbound in the left-most of two left turn lanes on a local road at approximately 10 mph.  The test vehicle then braked for an approaching taxi in the adjacent lane that appeared to be crossing into the Motional test vehicle's lane and was rear-ended by a silver Toyota from behind.  The Toyota vehicle fled the scene of the accident.
Hyundai understands that the equipment and software used during the test is proprietary to Motional and not used as OEM equipment in any Hyundai/Genesis vehicle produced for sale to the general public.  Hyundai currently does not offer an ADS feature on any vehicle offered for sale in the U.S. market.",
30410-5786,1,Motional,Monthly,6,2023,JUL-2023,KMHKM4AE9M1, ,N/A,Hyundai,Ioniq 5, ,2020, ,6dbef6b4d4ef3c4,5581, ,In-Vehicle (Commercial / Test),"[REDACTED, MAY CONTAIN CONFIDENTIAL BUSINESS INFORMATION]", ,Y,"[REDACTED, MAY CONTAIN CONFIDENTIAL BUSINESS INFORMATION]", ,Y,"[REDACTED, MAY CONTAIN CONFIDENTIAL BUSINESS INFORMATION]", ,Y,, ,Y,Part 591 Exemption granted by permission letter from NHTSA,, , ,Yes (specify below),Nevada,Yes,ADS,Motional, , , , ,Y, , , ,,JUN-2023, ,JUN-2023,21:42, ,fdceba88754ba36,[MAY CONTAIN PERSONALLY IDENTIFIABLE INFORMATION], ,[MAY CONTAIN PERSONALLY IDENTIFIABLE INFORMATION], ,[MAY CONTAIN PERSONALLY IDENTIFIABLE INFORMATION], ,Las Vegas, ,NV ,[MAY CONTAIN PERSONALLY IDENTIFIABLE INFORMATION], ,Intersection,Dry,Traffic Incident,15, ,Dark - Lighted,Y, , , , , , , ,,Passenger Car,Minor,Yes,Making Left Turn,No,No, , ,Y, , ,Y, , , , , ,Making Left Turn,No,No,Yes,3, ,Y, , ,Y, , , , , , , , , , , ,Y, , , ,No,, ,Yes,, ,, ,, ,"[REDACTED, MAY CONTAIN CONFIDENTIAL BUSINESS INFORMATION]",Y,"On June [XXX], 2023, at 9:42 PM PDT, a Motional Hyundai Ioniq 5 was operating in autonomous mode with a safety driver at the wheel and a safety operator in the front passenger seat.
 
The Motional vehicle was northbound on [XXX], in the left-most of two left turn lanes, turning onto [XXX] at 10 MPH. The Motional vehicle then braked for an approaching taxi in the adjacent turn lane that was perceived to be crossing into the lane of the Motional vehicle and was rear-ended by a silver Toyota traveling behind it.",
30531-5769,1,Transdev Alternative Services,Monthly,5,2023,JUN-2023,SADHW2S1XM1, ,N/A,Jaguar,I-Pace, ,2021, ,2e422d7be58682f,69071, ,In-Vehicle (Commercial / Test),5th Generation ADS, , ,5th Generation, , ,Version 8, , ,Waymo LLC, , ,,, ,Y,Yes (specify below),ADOT,Yes,ADS,Waymo LLC, , ,Y, , , , , ,,MAY-2023, ,MAY-2023,23:30, ,61aad41dac56bc1,[MAY CONTAIN PERSONALLY IDENTIFIABLE INFORMATION], ,[MAY CONTAIN PERSONALLY IDENTIFIABLE INFORMATION], ,[MAY CONTAIN PERSONALLY IDENTIFIABLE INFORMATION], ,Tempe, ,AZ ,[MAY CONTAIN PERSONALLY IDENTIFIABLE INFORMATION], ,Intersection,Dry,No Unusual Conditions,40, ,Dark - Lighted,Y, , , , , , , ,,Passenger Car,No Injuries Reported,Yes,Proceeding Straight,No,No, , , , , ,Y, , , , , ,Stopped,No,No,Yes,0, , , , ,Y, , , , , , , , , ,Y, ,Y,Y, , ,No,, ,Yes,, ,, ,, ,Yes, ,"On [XXX] at 11:30 PM PT a Waymo Autonomous Vehicle (""Waymo AV"") operating in Tempe, Arizona was in a collision involving a passenger vehicle on [XXX] at [XXX] Parkway.
The Waymo AV was stopped at a red light at the intersection of [XXX] at [XXX] Parkway.  A passenger vehicle that had been previously stopped behind the Waymo AV proceeded forward, making contact with the rear bumper of the Waymo AV.  At the time of the impact, the Waymo AV's Level 4 ADS was engaged in autonomous mode, and a test driver was present (in the driver's seating position).  The Waymo AV sustained damage.
Transdev Alternative Services is reporting this crash under Request No. 2 of Standing General order 2021-01.  Transdev may supplement or correct its reporting with additional information as it may become available.  This is a duplicate of NHTSA Report ID: 30270-5759-1.",
30270-5759,1,Waymo LLC,Monthly,5,2023,JUN-2023,SADHW2S1XM1, ,N/A,Jaguar,I-Pace, ,2021, ,2e422d7be58682f,69071, ,In-Vehicle (Commercial / Test),5th Generation ADS, , ,5th Generation, , ,Version 8, , ,Transdev Alternative Services, , ,,, ,Y,Yes (specify below),ADOT,Yes,ADS,Waymo LLC, , ,Y, , , , , ,,MAY-2023, ,MAY-2023,23:30, ,61aad41dac56bc1,[MAY CONTAIN PERSONALLY IDENTIFIABLE INFORMATION], ,[MAY CONTAIN PERSONALLY IDENTIFIABLE INFORMATION], ,[MAY CONTAIN PERSONALLY IDENTIFIABLE INFORMATION], ,Tempe, ,AZ ,[MAY CONTAIN PERSONALLY IDENTIFIABLE INFORMATION], ,Intersection,Dry,No Unusual Conditions,40, ,Dark - Lighted,Y, , , , , , , ,,Passenger Car,No Injuries Reported,Yes,Proceeding Straight,No,No, , , , , ,Y, , , , , ,Stopped,No,No,Yes,0, , , , ,Y, , , , , , , , , ,Y, ,Y,Y, , ,No,, ,Yes,, ,, ,, ,Yes, ,"On [XXX], 2023 at 11:30 PM PT a Waymo Autonomous Vehicle (Waymo AV) operating in Tempe, Arizona was in a collision involving a passenger vehicle on [XXX] at [XXX].
The Waymo AV was stopped at a red light at the intersection of [XXX] at [XXX]. A passenger vehicle that had been previously stopped behind the Waymo AV proceeded forward, making contact with the rear bumper of the Waymo AV. At the time of the impact, the Waymo AVs Level 4 ADS was engaged in autonomous mode, and a test driver was present (in the drivers seating position). The Waymo AV sustained damage.
Waymo is reporting this crash under Request No. 2 of Standing General Order 2021-01. Waymo may supplement or correct its reporting with additional information as it may become available.",
30270-5756,1,Waymo LLC,Monthly,5,2023,JUN-2023,SADHW2S17M1, ,N/A,Jaguar,I-Pace, ,2021, ,fcd7d30508e9fce,34261, ,None,5th Generation ADS, , ,5th Generation, , ,Version 8, , ,, ,Y,,, ,Y,Yes (specify below),ADOT,Yes,ADS,Waymo LLC, , ,Y, , , , , ,,MAY-2023, ,MAY-2023,13:37, ,7734824b07cf454,[MAY CONTAIN PERSONALLY IDENTIFIABLE INFORMATION], ,[MAY CONTAIN PERSONALLY IDENTIFIABLE INFORMATION], ,[MAY CONTAIN PERSONALLY IDENTIFIABLE INFORMATION], ,Phoenix, ,AZ ,[MAY CONTAIN PERSONALLY IDENTIFIABLE INFORMATION], ,Street,Dry,No Unusual Conditions,35, ,Daylight,Y, , , , , , , ,,Passenger Car,No Injuries Reported,Yes,Lane / Road Departure,No,No,Y, , , , , , , , , , ,Proceeding Straight,No,No,No Passengers in Vehicle,32, , ,Y, , , , , , , , , , , ,Y, ,Y,Y, , ,No,, ,Yes,, ,, ,, ,Yes, ,"On [XXX], 2023 at 1:37 PM PT a Waymo Autonomous Vehicle (Waymo AV) operating in Phoenix, Arizona was in a collision involving a passenger vehicle on [XXX] at S [XXX]. 
While traveling eastbound on [XXX], a passenger vehicle in the oncoming lane veered out of their lane and into the eastbound lane. The vehicle made contact with the left rear door of the Waymo AV. At the time of the impact, the Waymo AVs Level 4 ADS was engaged in autonomous mode. The other party immediately left the scene without exchanging information. The Waymo AV sustained damage.
Waymo is reporting this crash under Request No. 2 of Standing General Order 2021-01. Waymo may supplement or correct its reporting with additional information as it may become available.",
540-5731,1,"General Motors, LLC",Monthly,5,2023,JUN-2023,5G21A6P00N4, ,N/A,Cruise,AV, ,2022, ,20fd2beae76defe,12624, ,Remote (Commercial / Test),,Y, ,,Y, ,,Y, ,Cruise LLC, , ,,, ,Y,No,,Yes,ADS,Cruise LLC, , ,Y, ,Y, , , ,,MAY-2023, ,JUN-2023,23:12, ,6ec340eafed8851,[MAY CONTAIN PERSONALLY IDENTIFIABLE INFORMATION], ,[MAY CONTAIN PERSONALLY IDENTIFIABLE INFORMATION], ,[MAY CONTAIN PERSONALLY IDENTIFIABLE INFORMATION], ,Austin, ,TX ,[MAY CONTAIN PERSONALLY IDENTIFIABLE INFORMATION], ,Street,Dry,No Unusual Conditions,25, ,Dark - Lighted,Y, , , , , , , ,,Passenger Car,No Injuries Reported,Yes,Proceeding Straight,No,No, , ,Y, , ,Y, , ,Y, , ,Stopped,No,No,Yes,0, ,Y, , ,Y, , ,Y, , , , ,Y, ,Y, ,Y,Y, , ,No,, ,Yes,, ,, ,, ,"Unknown, see Narrative", ,"On June 14, 2023, GM Cruise Holdings LLC (""Cruise"") filed an Incident Report (the ""Report"") under the Second Amended Standing General Order 2021-01, dated April 5, 2023 (the ""Order""). General Motors LLC (GM) manufactured the Cruise-operated motor vehicle involved in the incident summarized in the Incident Report. Because GM is also a Reporting Entity under the Order, GM is submitting a duplicate of the redacted public copy of the Report. GM has selected ""Unknown"" in the ""ADS version"" and ""ODD time"" fields solely to avoid a second submission of nonpublic Cruise CBI GM is in possession of Cruise's responses to these fields, and incorporates Cruise's responses into this submission by reference. GM's submission is based on facts supplied to GM by Cruise. GM has not investigated the alleged incident and currently believes, based on a reasonable inquiry, that it has no independent knowledge of the facts in the Report. (Reference file: 30412-5710-1)",