Report ID,Report Version,Reporting Entity,Report Type,Report Month,Report Year,Report Submission Date,VIN,VIN - Unknown,Serial Number,Make,Model,Model - Unknown,Model Year,Model Year - Unknown,Same Vehicle ID,Mileage,Mileage - Unknown,Driver / Operator Type,ADAS/ADS System Version,ADAS/ADS System Version - Unk,ADAS/ADS System Version CBI,ADAS/ADS Hardware Version,ADAS/ADS Hardware Version - Unk,ADAS/ADS Hardware Version CBI,ADAS/ADS Software Version,ADAS/ADS Software Version - Unk,ADAS/ADS Software Version CBI,Other Reporting Entities?,Other Reporting Entities? - Unk,Other Reporting Entities? - NA,Federal Regulatory Exemption?,Other Federal Reg. Exemption,Federal Reg. Exemption - Unk,Federal Reg. Exemption - No,State or Local Permit?,State or Local Permit,ADS Equipped?,Automation System Engaged?,Operating Entity,Operating Entity - Unknown,Source - Complaint/Claim,Source - Telematics,Source - Law Enforcement,Source - Field Report,Source - Testing,Source - Media,Source - Other,Source - Other Text,Incident Date,Incident Date - Unknown,Notice Received Date,Incident Time (24:00),Incident Time - Unknown,Same Incident ID,Latitude,Latitude - Unknown,Longitude,Longitude - Unknown,Address,Address - Unknown,City,City - Unknown,State,Zip Code,Zip Code - Unknown,Roadway Type,Roadway Surface,Roadway Description,Posted Speed Limit (MPH),Posted Speed Limit - Unknown,Lighting,Weather - Clear,Weather - Snow,Weather - Cloudy,Weather - Fog/Smoke,Weather - Rain,Weather - Severe Wind,Weather - Unknown,Weather - Other,Weather - Other Text,Crash With,Highest Injury Severity Alleged,Property Damage?,CP Pre-Crash Movement,CP Any Air Bags Deployed?,CP Was Vehicle Towed?,CP Contact Area - Rear Left,CP Contact Area - Left,CP Contact Area - Front Left,CP Contact Area - Rear,CP Contact Area - Top,CP Contact Area - Front,CP Contact Area - Rear Right,CP Contact Area - Right,CP Contact Area - Front Right,CP Contact Area - Bottom,CP Contact Area - Unknown,SV Pre-Crash Movement,SV Any Air Bags Deployed?,SV Was Vehicle Towed?,SV Were All Passengers Belted?,SV Precrash Speed (MPH),SV Pre-crash Speed - Unknown,SV Contact Area - Rear Left,SV Contact Area - Left,SV Contact Area - Front Left,SV Contact Area - Rear,SV Contact Area - Top,SV Contact Area - Front,SV Contact Area - Rear Right,SV Contact Area - Right,SV Contact Area - Front Right,SV Contact Area - Bottom,SV Contact Area - Unknown,Data Availability - EDR,Data Availability - Police Rpt,Data Availability - Telematics,Data Availability - Complaints,Data Availability - Video,Data Availability - Other,Data Availability - No Data,Data Availability - Unknown,Law Enforcement Investigating?,Investigating Agency,Investigating Agency - Unknown,Rep Ent Or Mfr Investigating?,Investigating Officer Name,Inv. Officer Name - Unknown,Investigating Officer Phone,Inv. Officer Phone - Unknown,Investigating Officer Email,Inv. Officer Email - Unknown,Within ODD?,Within ODD? - CBI,Narrative,Narrative - CBI?
540-5000,2,"General Motors, LLC",10-Day Update,,,MAR-2023,5G21A6P00P4, ,N/A,Cruise,AV, ,2023, ,c81bcb055117b58,3904, ,In-Vehicle (Commercial / Test),,Y, ,, , ,, , ,, , ,,, , ,,,Yes,ADS,Cruise LLC, , ,Y, ,Y,Y, , ,,MAR-2023, ,MAR-2023,13:01, ,3858314d6e8eea8,[MAY CONTAIN PERSONALLY IDENTIFIABLE INFORMATION], ,[MAY CONTAIN PERSONALLY IDENTIFIABLE INFORMATION], ,[MAY CONTAIN PERSONALLY IDENTIFIABLE INFORMATION], ,Tempe, ,AZ ,[MAY CONTAIN PERSONALLY IDENTIFIABLE INFORMATION], ,Intersection,Dry,No Unusual Conditions,35, ,Daylight,Y, , , , , , , ,,Passenger Car,Minor,Yes,Proceeding Straight,Yes,No, , ,Y, , ,Y, , ,Y, , ,Proceeding Straight,No,Yes,Yes,6, , ,Y, , , , , , , , , ,Y, ,Y, ,Y,Y, , ,Yes,Tempe Police Department, ,Yes,[MAY CONTAIN PERSONALLY IDENTIFIABLE INFORMATION], ,,Y,,Y,"Unknown, see Narrative", ,"On March 20, 2023, GM Cruise Holdings LLC (""Cruise"") filed a 10 day update to an  Incident Report (the ""Report"") under the Standing General Order 2021-01 dated June 29, 2021 (the ""Order""). General Motors LLC (GM) manufactured the Cruise-operated motor vehicle involved in the incident summarized in the Incident Report. Because GM is also a Reporting Entity under the Order, GM is submitting a duplicate of the redacted public copy of the Report. GM has selected ""Unknown"" in the ""ADS version"" and ""ODD time"" fields solely to avoid a second submission of nonpublic Cruise CBI GM is in possession of Cruise's responses to these fields, and incorporates Cruise's responses into this submission by reference. GM's submission is based on facts supplied to GM by Cruise. GM has not investigated the alleged incident and currently believes, based on a reasonable inquiry, that it has no independent knowledge of the facts in the Report. (Reference file: 30412-4996-2).",
30412-4996,2,Cruise LLC,10-Day Update,,,MAR-2023,5G21A6P00P4, ,N/A,Cruise,AV, ,2023, ,c81bcb055117b58,3904, ,In-Vehicle and Remote (Commercial / Test),"[REDACTED, MAY CONTAIN CONFIDENTIAL BUSINESS INFORMATION]", ,Y,, , ,, , ,, , ,,, , ,,,Yes,ADS,Cruise LLC, , ,Y, ,Y,Y, , ,,MAR-2023, ,MAR-2023,13:01, ,3858314d6e8eea8,[MAY CONTAIN PERSONALLY IDENTIFIABLE INFORMATION], ,[MAY CONTAIN PERSONALLY IDENTIFIABLE INFORMATION], ,[MAY CONTAIN PERSONALLY IDENTIFIABLE INFORMATION], ,Tempe, ,AZ ,[MAY CONTAIN PERSONALLY IDENTIFIABLE INFORMATION], ,Intersection,Dry,No Unusual Conditions,35, ,Daylight,Y, , , , , , , ,,Passenger Car,Minor,Yes,Proceeding Straight,Yes,No, , ,Y, , ,Y, , ,Y, , ,Proceeding Straight,No,Yes,Yes,6, , ,Y, , , , , , , , , ,Y, ,Y, ,Y,Y, , ,Yes,Tempe Police Department, ,Yes,[MAY CONTAIN PERSONALLY IDENTIFIABLE INFORMATION], ,,Y,,Y,"[REDACTED, MAY CONTAIN CONFIDENTIAL BUSINESS INFORMATION]",Y,"There are no updates related to this incident since the original submission on March 12, 2023. A Cruise autonomous vehicle (""Cruise AV""), operating in supervised autonomous mode, was at a complete stop in response to a red light on northbound [XXX] at the intersection with [XXX]. The Cruise AV began to proceed after the light turned green. After the Cruise AV entered the intersection on its green light, a blue Nissan Versa traveling eastbound on [XXX] failed to stop at the red light in its direction of travel and proceeded into the intersection with [XXX]. Shortly thereafter, the Nissan Versa made contact with the Cruise AV's rear driver side door panel, rear driver side wheel well, and rear driver side wheel, damaging the Cruise AV's rear driver side door panel, rear driver side wheel well, and rear driver side wheel. The parties exchanged information and one of the Cruise AV operators reported minor injuries. The Cruise AV was towed from the incident. [REDACTED, MAY CONTAIN CONFIDENTIAL BUSINESS INFORMATION]",Y
30410-5003,1,Motional,Monthly,2,2023,MAR-2023,KMHKM4AE4M1, ,n/a,Hyundai,Ioniq 5, ,2021, ,3ef3620dd07f0df,6330, ,In-Vehicle (Commercial / Test),"[REDACTED, MAY CONTAIN CONFIDENTIAL BUSINESS INFORMATION]", ,Y,, , ,, , ,, , ,,, , ,,,Yes,ADAS,Motional, , , , ,Y, , , ,,FEB-2023, ,FEB-2023,14:18, ,37bce9ebe5f477f,[MAY CONTAIN PERSONALLY IDENTIFIABLE INFORMATION], ,[MAY CONTAIN PERSONALLY IDENTIFIABLE INFORMATION], ,[MAY CONTAIN PERSONALLY IDENTIFIABLE INFORMATION], ,Las Vegas, ,NV ,[MAY CONTAIN PERSONALLY IDENTIFIABLE INFORMATION], ,Street,Dry,No Unusual Conditions,15, ,Daylight,Y, , , , , , , ,,Passenger Car,No Injuries Reported,Yes,Proceeding Straight,No,No, , , , , ,Y, , , , , ,Changing Lanes,No,No,Yes,10, , , , ,Y, , , , , , , , , , , ,Y, , , ,No,, ,No,, ,, ,, ,Yes, ,"On February [XXX], 2023, at 2:18 PM PT, a Motional Hyundai Ioniq 5 was operating in autonomous mode with a safety operator at the wheel and an engineer in the passenger seat.  The Motional AV was exiting [REDACTED, MAY CONTAIN CONFIDENTIAL BUSINESS INFORMATION] from the right lane of a multi-lane drop-off location, and was preparing to enter a travel lane to the left. At the same time, a taxi was accelerating in that travel lane (from behind the Motional AV), and the AV, in yielding to allow the taxi to pass, stopped and did not enter the lane. Another vehicle was following the AV and failed to stop in time and contacted the AVs rear bumper. Neither vehicle had significant damage, there were no injuries, no airbags deployed, and law enforcement was not involved.",Y
540-5000,1,"General Motors, LLC",1-Day,,,MAR-2023,5G21A6P00P4, ,N/A,Cruise,AV, ,2023, ,c81bcb055117b58,3904, ,In-Vehicle (Commercial / Test),,Y, ,, , ,, , ,, , ,,, , ,,,Yes,ADS,Cruise LLC, , ,Y, ,Y,Y, , ,,MAR-2023, ,MAR-2023,13:01, ,3858314d6e8eea8,[MAY CONTAIN PERSONALLY IDENTIFIABLE INFORMATION], ,[MAY CONTAIN PERSONALLY IDENTIFIABLE INFORMATION], ,[MAY CONTAIN PERSONALLY IDENTIFIABLE INFORMATION], ,Tempe, ,AZ ,[MAY CONTAIN PERSONALLY IDENTIFIABLE INFORMATION], ,Intersection,Dry,No Unusual Conditions,35, ,Daylight,Y, , , , , , , ,,Passenger Car,Minor,Yes,Proceeding Straight,Yes,No, , ,Y, , ,Y, , ,Y, , ,Proceeding Straight,No,Yes,Yes,6, , ,Y, , , , , , , , , ,Y, ,Y, ,Y,Y, , ,Yes,Tempe Police Department, ,Yes,[MAY CONTAIN PERSONALLY IDENTIFIABLE INFORMATION], ,,Y,,Y,"Unknown, see Narrative", ,"On March 12, 2023 GM Cruise Holdings LLC (""Cruise"") filed an Incident Report (the ""Report"") under the Standing General Order 2021-01 dated June 29, 2021 (the ""Order""). General Motors LLC (GM) manufactured the Cruise-operated motor vehicle involved in the incident summarized in the Incident Report. Because GM is also a Reporting Entity under the Order, GM is submitting a duplicate of the redacted public copy of the Report. GM has selected ""Unknown"" in the ""ADS version"" and ""ODD time"" fields solely to avoid a second submission of nonpublic Cruise CBI GM is in possession of Cruise's responses to these fields, and incorporates Cruise's responses into this submission by reference. GM's submission is based on facts supplied to GM by Cruise. GM has not investigated the alleged incident and currently believes, based on a reasonable inquiry, that it has no independent knowledge of the facts in the Report. (Reference file: 30412-4996-1).",
30412-4996,1,Cruise LLC,1-Day,,,MAR-2023,5G21A6P00P4, ,N/A,Cruise,AV, ,2023, ,c81bcb055117b58,3904, ,In-Vehicle and Remote (Commercial / Test),"[REDACTED, MAY CONTAIN CONFIDENTIAL BUSINESS INFORMATION]", ,Y,, , ,, , ,, , ,,, , ,,,Yes,ADS,Cruise LLC, , ,Y, ,Y,Y, , ,,MAR-2023, ,MAR-2023,13:01, ,3858314d6e8eea8,[MAY CONTAIN PERSONALLY IDENTIFIABLE INFORMATION], ,[MAY CONTAIN PERSONALLY IDENTIFIABLE INFORMATION], ,[MAY CONTAIN PERSONALLY IDENTIFIABLE INFORMATION], ,Tempe, ,AZ ,[MAY CONTAIN PERSONALLY IDENTIFIABLE INFORMATION], ,Intersection,Dry,No Unusual Conditions,35, ,Daylight,Y, , , , , , , ,,Passenger Car,Minor,Yes,Proceeding Straight,Yes,No, , ,Y, , ,Y, , ,Y, , ,Proceeding Straight,No,Yes,Yes,6, , ,Y, , , , , , , , , ,Y, ,Y, ,Y,Y, , ,Yes,Tempe Police Department, ,Yes,[MAY CONTAIN PERSONALLY IDENTIFIABLE INFORMATION], ,,Y,,Y,"[REDACTED, MAY CONTAIN CONFIDENTIAL BUSINESS INFORMATION]",Y,"A Cruise autonomous vehicle (""Cruise AV""), operating in supervised autonomous mode, was at a complete stop in response to a red light on northbound [XXX] at the intersection with [XXX]. The Cruise AV began to proceed after the light turned green. After the Cruise AV entered the intersection on its green light, a blue Nissan Versa traveling eastbound on [XXX] failed to stop at the red light in its direction of travel and proceeded into the intersection with [XXX]. Shortly thereafter, the Nissan Versa made contact with the Cruise AV's rear driver side door panel, rear driver side wheel well, and rear driver side wheel, damaging the Cruise AV's rear driver side door panel, rear driver side wheel well, and rear driver side wheel. The parties exchanged information and one of the Cruise AV operators reported minor injuries. The Cruise AV was towed from the incident. [REDACTED, MAY CONTAIN CONFIDENTIAL BUSINESS INFORMATION]",Y
30531-4907,2,Transdev Alternative Services,10-Day Update,,,MAR-2023,SADHW2S16M1, ,N/A,Jaguar,I-Pace, ,2021, ,539ccc1f53d0028,47034, ,In-Vehicle (Commercial / Test),5th Generation ADS, , ,, , ,, , ,, , ,,, , ,,,Yes,ADS,Waymo LLC, , ,Y, , , , , ,,FEB-2023, ,FEB-2023,13:08, ,5ab71fb3ca70aad,[MAY CONTAIN PERSONALLY IDENTIFIABLE INFORMATION], ,[MAY CONTAIN PERSONALLY IDENTIFIABLE INFORMATION], ,[MAY CONTAIN PERSONALLY IDENTIFIABLE INFORMATION], ,Tempe, ,AZ ,[MAY CONTAIN PERSONALLY IDENTIFIABLE INFORMATION], ,Highway / Freeway,Dry,No Unusual Conditions,65, ,Daylight,Y, , , , , , , ,,Passenger Car,No Injuries Reported,Yes,Proceeding Straight,No,No, , ,Y, , ,Y, , ,Y, , ,Proceeding Straight,No,Yes,Yes,13, ,Y, , ,Y, , ,Y, , , , , , ,Y, ,Y,Y, , ,Unknown,,Y,Yes,,Y,,Y,,Y,Yes, ,"On February [XXX], 2023 at 1:08 PM PST a Waymo Autonomous Vehicle (""Waymo AV"") operating in Tempe, AZ was in a collision involving a Passenger Car on [XXX] near [XXX] ([XXX]).
The Waymo AV was traveling in the second lane from the right (lane 5 out of 6 lanes) in the eastbound direction of [XXX] when it started to decelerate in response to slow traffic ahead in the AV's lane.  A passenger vehicle approached the Waymo AV from behind and made contact with the rear of the Waymo AV.  At the time of the impact, the Waymo AV's Level 4 ADS was not engaged and a test driver was operating the Waymo AV in manual mode.  The Waymo AV sustained damage.  The other vehicle left the scene without exchanging information.
Transdev Alternative Services is reporting this crash under Request No. 1 of Standing General Order 2021-01 because a vehicle involved was towed away.  Transdev may supplement or correct its reporting with additional information as it may become available.  This report is a duplicate of Report ID: 30270-4906-1",
30270-4906,2,Waymo LLC,10-Day Update,,,FEB-2023,SADHW2S16M1, ,N/A,Jaguar,I-Pace, ,2021, ,539ccc1f53d0028,47034, ,In-Vehicle (Commercial / Test),5th Generation ADS, , ,, , ,, , ,, , ,,, , ,,,Yes,ADS,Waymo LLC, , ,Y, , , , , ,,FEB-2023, ,FEB-2023,13:08, ,5ab71fb3ca70aad,[MAY CONTAIN PERSONALLY IDENTIFIABLE INFORMATION], ,[MAY CONTAIN PERSONALLY IDENTIFIABLE INFORMATION], ,[MAY CONTAIN PERSONALLY IDENTIFIABLE INFORMATION], ,Tempe, ,AZ ,[MAY CONTAIN PERSONALLY IDENTIFIABLE INFORMATION], ,Highway / Freeway,Dry,No Unusual Conditions,65, ,Daylight,Y, , , , , , , ,,Passenger Car,No Injuries Reported,Yes,Proceeding Straight,No,No, , ,Y, , ,Y, , ,Y, , ,Proceeding Straight,No,Yes,Yes,13, ,Y, , ,Y, , ,Y, , , , , , ,Y, ,Y,Y, , ,Unknown,,Y,Yes,,Y,,Y,,Y,Yes, ,"Other than removing the time zone from the narrative below and correcting the total number of lanes on the highway, the content of this report is unchanged from the initial report submitted on February 19, 2023 [REDACTED, MAY CONTAIN CONFIDENTIAL BUSINESS INFORMATION]. 
On February [XXX], 2023 at 1:08 PM PST a Waymo Autonomous Vehicle (Waymo AV) operating in Tempe, AZ was in a collision involving a Passenger Car on [XXX] near [XXX] ([XXX]).
The Waymo AV was traveling in the second lane from the right (lane 5 out of 6 lanes) in the eastbound direction of [XXX] when it started to decelerate in response to slow traffic ahead in the AVs lane. A passenger vehicle approached the Waymo AV from behind and made contact with the rear of the Waymo AV. At the time of the impact, the Waymo AVs Level 4 ADS was not engaged and a test driver was operating the Waymo AV in manual mode. The Waymo AV sustained damage. The other vehicle left the scene without exchanging information.
Waymo is reporting this crash under Request No. 1 of Standing General Order 2021-01 because a vehicle involved was towed away. Waymo may supplement or correct its reporting with additional information as it may become available.",
30531-4907,1,Transdev Alternative Services,1-Day,,,FEB-2023,SADHW2S16M1, ,N/A,Jaguar,I-Pace, ,2021, ,539ccc1f53d0028,47034, ,In-Vehicle (Commercial / Test),5th Generation ADS, , ,, , ,, , ,, , ,,, , ,,,Yes,ADS,Waymo LLC, , ,Y, , , , , ,,FEB-2023, ,FEB-2023,13:08, ,5ab71fb3ca70aad,[MAY CONTAIN PERSONALLY IDENTIFIABLE INFORMATION], ,[MAY CONTAIN PERSONALLY IDENTIFIABLE INFORMATION], ,[MAY CONTAIN PERSONALLY IDENTIFIABLE INFORMATION], ,Tempe, ,AZ ,[MAY CONTAIN PERSONALLY IDENTIFIABLE INFORMATION], ,Highway / Freeway,Dry,No Unusual Conditions,65, ,Daylight,Y, , , , , , , ,,Passenger Car,No Injuries Reported,Yes,Proceeding Straight,No,No, , ,Y, , ,Y, , ,Y, , ,Proceeding Straight,No,Yes,Yes,13, ,Y, , ,Y, , ,Y, , , , , , ,Y, ,Y,Y, , ,Unknown,,Y,Yes,,Y,,Y,,Y,Yes, ,"On February [XXX], 2023 at 1:08 PM PST a Waymo Autonomous Vehicle (""Waymo AV"") operating in Tempe, AZ was in a collision involving a Passenger Car on [XXX] near [XXX] ([XXX]).
The Waymo AV was traveling in the second lane from the right (lane 4 out of 5 lanes) in the eastbound direction of [XXX] when it started to decelerate in response to slow traffic ahead in the AV's lane.  A passenger vehicle approached the Waymo AV from behind and made contact with the rear of the Waymo AV.  At the time of the impact, the Waymo AV's Level 4 ADS was not engaged and a test driver was operating the Waymo AV in manual mode.  The Waymo AV sustained damage.  The other vehicle left the scene without exchanging information.
Transdev Alternative Services is reporting this crash under Request No. 1 of Standing General Order 2021-01 because a vehicle involved was towed away.  Transdev may supplement or correct its reporting with additional information as it may become available.  This report is a duplicate of Report ID: 30270-4906-1",
30270-4906,1,Waymo LLC,1-Day,,,FEB-2023,SADHW2S16M1, ,N/A,Jaguar,I-Pace, ,2021, ,539ccc1f53d0028,47034, ,In-Vehicle (Commercial / Test),5th Generation ADS, , ,, , ,, , ,, , ,,, , ,,,Yes,ADS,Waymo LLC, , ,Y, , , , , ,,FEB-2023, ,FEB-2023,13:08, ,5ab71fb3ca70aad,[MAY CONTAIN PERSONALLY IDENTIFIABLE INFORMATION], ,[MAY CONTAIN PERSONALLY IDENTIFIABLE INFORMATION], ,[MAY CONTAIN PERSONALLY IDENTIFIABLE INFORMATION], ,Tempe, ,AZ ,[MAY CONTAIN PERSONALLY IDENTIFIABLE INFORMATION], ,Highway / Freeway,Dry,No Unusual Conditions,65, ,Daylight,Y, , , , , , , ,,Passenger Car,No Injuries Reported,Yes,Proceeding Straight,No,No, , ,Y, , ,Y, , ,Y, , ,Proceeding Straight,No,Yes,Yes,13, ,Y, , ,Y, , ,Y, , , , , , ,Y, ,Y,Y, , ,Unknown,,Y,Yes,,Y,,Y,,Y,Yes, ,"On February [XXX], 2023 at 1:08 PM PST a Waymo Autonomous Vehicle (Waymo AV) operating in Tempe, AZ was in a collision involving a Passenger Car on [XXX] near [XXX] ([XXX]).
The Waymo AV was traveling in the second lane from the right (lane 4 out of 5 lanes) in the eastbound direction of [XXX] when it started to decelerate in response to slow traffic ahead in the AVs lane. A passenger vehicle approached the Waymo AV from behind and made contact with the rear of the Waymo AV. At the time of the impact, the Waymo AVs Level 4 ADS was not engaged and a test driver was operating the Waymo AV in manual mode. The Waymo AV sustained damage. The other vehicle left the scene without exchanging information.
Waymo is reporting this crash under Request No. 1 of Standing General Order 2021-01 because a vehicle involved was towed away. Waymo may supplement or correct its reporting with additional information as it may become available. This report was submitted from the Pacific time zone on the required date.",
30610-4814,1,"Zoox, Inc.",Monthly,1,2023,FEB-2023,5TDDCRFH1G8, ,N/A,Toyota,Highlander, ,2016, ,7e7d2e10d098731,112547, ,In-Vehicle (Commercial / Test),90.23.01.22, , ,, , ,, , ,, , ,,, , ,,,Yes,ADS,Zoox, , , , ,Y,Y, , ,,JAN-2023, ,JAN-2023,15:00, ,fa6f0b9dcf1eda3,[MAY CONTAIN PERSONALLY IDENTIFIABLE INFORMATION], ,[MAY CONTAIN PERSONALLY IDENTIFIABLE INFORMATION], ,[MAY CONTAIN PERSONALLY IDENTIFIABLE INFORMATION], ,Las Vegas, ,NV ,[MAY CONTAIN PERSONALLY IDENTIFIABLE INFORMATION], ,Street,Dry,No Unusual Conditions,30, ,Daylight,Y, , , , , , , ,,Passenger Car,No Injuries Reported,Yes,Changing Lanes,No,Unknown, , ,Y, , , , , , , , ,Proceeding Straight,No,No,Yes,24, , , , , , , , ,Y, , , , , ,Y, ,Y, , , ,No,, ,No,, ,, ,, ,Yes, ,A Zoox vehicle was proceeding northbound on [XXX] towards [XXX]. when a passenger vehicle (vehicle #2) in the right adjacent lane swerved into the Zoox's vehicle's lane and made contact with the right passenger side door. The other vehicle also made contact with the vehicle in front of them after contacting the Zoox vehicle. There were no injuries and police were not called.,
30410-4799,1,Motional,Monthly,1,2023,FEB-2023,KMHKM4AE7M1, ,N/A,Hyundai,Ioniq 5, ,2021, ,ed2dae19cdf8cb4,3474, ,In-Vehicle (Commercial / Test),"[REDACTED, MAY CONTAIN CONFIDENTIAL BUSINESS INFORMATION]", ,Y,, , ,, , ,, , ,,, , ,,,Yes,ADS,Motional, , , , ,Y, , , ,,JAN-2023, ,JAN-2023,13:17, ,1016e5c64e50462,[MAY CONTAIN PERSONALLY IDENTIFIABLE INFORMATION], ,[MAY CONTAIN PERSONALLY IDENTIFIABLE INFORMATION], ,[MAY CONTAIN PERSONALLY IDENTIFIABLE INFORMATION], ,Las Vegas, ,NV ,[MAY CONTAIN PERSONALLY IDENTIFIABLE INFORMATION], ,Street,Dry,No Unusual Conditions,35, ,Daylight,Y, , , , , , , ,,Passenger Car,No Injuries Reported,Yes,Passing,No,No, , , , , , ,Y, , , , ,Proceeding Straight,Not Applicable,No,Yes,18, , , ,Y, , , , , , , , , ,Y, , ,Y, , , ,Yes,Las Vegas Metropolitan Police, ,Yes,[MAY CONTAIN PERSONALLY IDENTIFIABLE INFORMATION], ,,Y,,Y,Yes, ,"On Friday, January [XXX], at 1:17 PM PT, a Motional Hyundai Ioniq 5 was operating in autonomous mode with a safety driver at the wheel. The Motional vehicle was [REDACTED, MAY CONTAIN CONFIDENTIAL BUSINESS INFORMATION] in the right lane on [REDACTED, MAY CONTAIN CONFIDENTIAL BUSINESS INFORMATION], preparing to turn right onto [REDACTED, MAY CONTAIN CONFIDENTIAL BUSINESS INFORMATION].  [REDACTED, MAY CONTAIN CONFIDENTIAL BUSINESS INFORMATION] widened to add a right-turn lane, and a bus in front of the Motional vehicle entered that lane.  After the Motional vehicle signaled and began to move toward that lane (but before it left its lane), it detected that the bus was stopping and began to recenter itself in its lane.  At the same time, another vehicle aggressively moved into the Motional vehicles lane from the left without signaling and made contact with the Motional vehicles front driver-side bumper. The safety operator disengaged autonomous mode less than one second before the collision.",Y
30490-4473,1,"Beep, Inc.",Monthly,12,2022,DEC-2022,1N9A1SAC6JS, ,N/A,Navya,ARMA, ,2018, ,8ecf1f29e92e6f2,3413, ,In-Vehicle (Commercial / Test),6.1.4, , ,, , ,, , ,, , ,,, , ,,,Yes,"Unknown, see Narrative",Beep, , ,Y,Y,Y, , , ,,DEC-2022, ,DEC-2022,17:53, ,1d1efbae9103870,,Y,,Y,[MAY CONTAIN PERSONALLY IDENTIFIABLE INFORMATION], ,Port Saint Lucie, ,FL ,[MAY CONTAIN PERSONALLY IDENTIFIABLE INFORMATION], ,Street,Dry,No Unusual Conditions,1, ,Dawn / Dusk,Y, , , , , , , ,,Passenger Car,No Injuries Reported,Yes,Parked,No,No,Y, , , , , , , , , , ,"Other, see Narrative",Not Applicable,No,Yes,1, , , , , , ,Y, , , , , , ,Y,Y, ,Y,Y, , ,Yes,Port Saint Lucie Police Department, ,Yes,[MAY CONTAIN PERSONALLY IDENTIFIABLE INFORMATION], ,,Y,,Y,Yes, ,"On December [XXX], 2022, a Navya ARMA shuttle operated by Beep (VIN 1N9A1SACXJS[XXX]) was involved in a non-injury collision while operating in manual mode on [XXX] in Port Saint Lucie, FL.  While driving along [XXX] under autonomous control, the shuttle encountered a parked vehicle partially blocking its path, requiring disengagement of the autonomous drive system.  The safety driver attempted to manually drive the shuttle around the parked vehicle to reengage the autonomous drive system.  While manually steering the shuttle around the parked vehicle blocking its path, the shuttle failed to respond to manual control input and steered to the left, impacting a parked vehicle at a low rate of speed on the opposite side of [XXX].  The six passengers onboard alighted the shuttle, an accident report was filed with the local police, and the shuttle was removed from the scene.  Initial reports from the onboard safety driver indicated that while steering around the vehicle blocking the shuttle's path, the shuttle became unresponsive to control input.  The safety driver released the operator present button on the vehicle controller, which serves as dead man switch however, the vehicle failed to stop.  After the incident, further investigation by Navya confirmed that the root cause of the incident was a failure of the Xbox 360 controller used to manually control the vehicle.  Contact with the parked vehicle occurred between the time of failure and the vehicle drive system recognizing that the controller had failed an elapsed time of 4.05 seconds. In response to the incident, Beep suspended operation of all Navya ARMA vehicles pending identification and implementation of appropriate solutions to mitigate the risk of this failure leading to future incidents.
Subsequent investigation by Beep and Navya determined that the vehicle control software, NavyaDrive, is limited in its ability to monitor the validity of control signal input received from the Xbox 360 controller.  As the safety driver began to manually steer the vehicle, the controller failed, sending constant turning input to the vehicle drive system leading to the collision.  Though Navya developed software mitigations due to prior issues encountered with the controller, those mitigations were ineffective with respect to the failure leading to the incident on December [XXX].  Further, due to the short time between the controller failing and the collision (2.34sec), the safety driver was unable to identify the controller failure and trigger the emergency stop before the collision occurred.
In response to the incident, Navya is integrating a revised manual control system on the ARMA shuttle platform.  The revised manual control system utilizes industrial-grade components for improved electromechanical reliability and allows for active monitoring of the control system health, eliminating the root cause of the failure that led to the incident on December [XXX].  Software upgrades of all Navya ARMA vehicles will further reintroduce automated braking function while the ARMA vehicle is under manual control.  Beep is working with Navya to retrofit its fleet of ARMA vehicles with the revised manual control system as well as retrain and recertify its safety driver staff on the updated NavyaDrive software.
Discussion of the root cause analysis and solution design for the revised manual control system will be provided to NHTSA as a supplement to this report.",
30610-4384,1,"Zoox, Inc.",Monthly,12,2022,DEC-2022,5TDDCRFH3GS, ,N/A,Toyota,Highlander, ,2016, ,1db0801a222a5aa,88602, ,In-Vehicle (Commercial / Test),20.22.11.15, , ,, , ,, , ,, , ,,, , ,,,Yes,ADS,Zoox Inc., , , , ,Y,Y, , ,,NOV-2022, ,NOV-2022,18:06, ,197ec69939516db,[MAY CONTAIN PERSONALLY IDENTIFIABLE INFORMATION], ,[MAY CONTAIN PERSONALLY IDENTIFIABLE INFORMATION], ,[MAY CONTAIN PERSONALLY IDENTIFIABLE INFORMATION], ,Las Vegas, ,NV ,[MAY CONTAIN PERSONALLY IDENTIFIABLE INFORMATION], ,Street,Dry,No Unusual Conditions,30, ,Dark - Lighted,Y, , , , , , , ,,Passenger Car,No Injuries Reported,Yes,"Other, see Narrative",No,No, , , , , , , ,Y, , , ,Changing Lanes,No,No,Yes,9, , , ,Y, , , , , , , , , , ,Y, ,Y, , , ,No,, ,No,, ,, ,, ,Yes, ,"A Zoox vehicle in autonomy was completing a lane change from lane 4 into lane 3 with turn signals illuminated, when Vehicle #2 suddenly swerved from lane 2 into lane 3 making light contact with the left front of the Zoox vehicle. No injuries were reported and police were not called to the scene.",