Report ID,Report Version,Reporting Entity,Report Type,Report Month,Report Year,Report Submission Date,VIN,VIN - Unknown,Serial Number,Make,Model,Model - Unknown,Model Year,Model Year - Unknown,Same Vehicle ID,Mileage,Mileage - Unknown,Driver / Operator Type,ADAS/ADS System Version,ADAS/ADS System Version - Unk,ADAS/ADS System Version CBI,ADAS/ADS Hardware Version,ADAS/ADS Hardware Version - Unk,ADAS/ADS Hardware Version CBI,ADAS/ADS Software Version,ADAS/ADS Software Version - Unk,ADAS/ADS Software Version CBI,Other Reporting Entities?,Other Reporting Entities? - Unk,Other Reporting Entities? - NA,Federal Regulatory Exemption?,Other Federal Reg. Exemption,Federal Reg. Exemption - Unk,Federal Reg. Exemption - No,State or Local Permit?,State or Local Permit,ADS Equipped?,Automation System Engaged?,Operating Entity,Operating Entity - Unknown,Source - Complaint/Claim,Source - Telematics,Source - Law Enforcement,Source - Field Report,Source - Testing,Source - Media,Source - Other,Source - Other Text,Incident Date,Incident Date - Unknown,Notice Received Date,Incident Time (24:00),Incident Time - Unknown,Same Incident ID,Latitude,Latitude - Unknown,Longitude,Longitude - Unknown,Address,Address - Unknown,City,City - Unknown,State,Zip Code,Zip Code - Unknown,Roadway Type,Roadway Surface,Roadway Description,Posted Speed Limit (MPH),Posted Speed Limit - Unknown,Lighting,Weather - Clear,Weather - Snow,Weather - Cloudy,Weather - Fog/Smoke,Weather - Rain,Weather - Severe Wind,Weather - Unknown,Weather - Other,Weather - Other Text,Crash With,Highest Injury Severity Alleged,Property Damage?,CP Pre-Crash Movement,CP Any Air Bags Deployed?,CP Was Vehicle Towed?,CP Contact Area - Rear Left,CP Contact Area - Left,CP Contact Area - Front Left,CP Contact Area - Rear,CP Contact Area - Top,CP Contact Area - Front,CP Contact Area - Rear Right,CP Contact Area - Right,CP Contact Area - Front Right,CP Contact Area - Bottom,CP Contact Area - Unknown,SV Pre-Crash Movement,SV Any Air Bags Deployed?,SV Was Vehicle Towed?,SV Were All Passengers Belted?,SV Precrash Speed (MPH),SV Pre-crash Speed - Unknown,SV Contact Area - Rear Left,SV Contact Area - Left,SV Contact Area - Front Left,SV Contact Area - Rear,SV Contact Area - Top,SV Contact Area - Front,SV Contact Area - Rear Right,SV Contact Area - Right,SV Contact Area - Front Right,SV Contact Area - Bottom,SV Contact Area - Unknown,Data Availability - EDR,Data Availability - Police Rpt,Data Availability - Telematics,Data Availability - Complaints,Data Availability - Video,Data Availability - Other,Data Availability - No Data,Data Availability - Unknown,Law Enforcement Investigating?,Investigating Agency,Investigating Agency - Unknown,Rep Ent Or Mfr Investigating?,Investigating Officer Name,Inv. Officer Name - Unknown,Investigating Officer Phone,Inv. Officer Phone - Unknown,Investigating Officer Email,Inv. Officer Email - Unknown,Within ODD?,Within ODD? - CBI,Narrative,Narrative - CBI?
30610-10824,1,"Zoox, Inc.",Monthly,4,2025,MAY-2025,5TDDGRFH5HS, ,N/A,Toyota,Highlander, ,2017, ,3b8ca627dbcef01,112244, ,In-Vehicle (Commercial / Test),154.25.04.24, , ,154.25.04.24, , ,154.25.04.24, , ,, ,Y,,, ,Y,Yes (specify below),CA DMV AVT Permit,Yes,ADS,Zoox, , , , ,Y,Y, , ,,APR-2025, ,APR-2025,23:00, ,c78626dd832e68d,[MAY CONTAIN PERSONALLY IDENTIFIABLE INFORMATION], ,[MAY CONTAIN PERSONALLY IDENTIFIABLE INFORMATION], ,[MAY CONTAIN PERSONALLY IDENTIFIABLE INFORMATION], ,San Francisco, ,CA ,[MAY CONTAIN PERSONALLY IDENTIFIABLE INFORMATION], ,Street,Dry,No Unusual Conditions,25, ,Dark - Lighted,Y, , , , , , , ,,Passenger Car,Minor,Yes,Proceeding Straight,No,No, , ,Y, , ,Y, , ,Y, , ,Proceeding Straight,No,No,Yes,1, ,Y, , ,Y, , ,Y, , , , , , ,Y, ,Y, , , ,No,, ,No,, ,, ,, ,Yes, ,"A Zoox vehicle (Vehicle 1), operating in autonomous mode, was gradually slowing to a stop for a red traffic signal on southbound [XXX] at the intersection with [XXX] in San Francisco when it was rear-ended by a passenger car (Vehicle 2) traveling directly behind. The Zoox vehicle operator then disengaged from autonomy. Both vehicles proceeded a few feet further and pulled over to exchange information. Both the Zoox vehicle and Vehicle 2 sustained minor damage. The police were not called. The Zoox vehicle operator reported back pain after the collision.",
30270-10793,1,Waymo LLC,Monthly,4,2025,MAY-2025,SADHW2S12R1, ,N/A,Jaguar,I-PACE, ,2024, ,4edfc9e61ed6660,10898, ,None,5th Generation ADS, , ,5th Generation, , ,Version 9, , ,, ,Y,,, ,Y,Yes (specify below),"CA DMV, CA PUC",Yes,ADS,Waymo LLC, , ,Y, , , , , ,,APR-2025, ,APR-2025,19:21, ,4c39a0ef2652ee3,[MAY CONTAIN PERSONALLY IDENTIFIABLE INFORMATION], ,[MAY CONTAIN PERSONALLY IDENTIFIABLE INFORMATION], ,[MAY CONTAIN PERSONALLY IDENTIFIABLE INFORMATION], ,San Francisco, ,CA ,[MAY CONTAIN PERSONALLY IDENTIFIABLE INFORMATION], ,Street,Dry,No Unusual Conditions,25, ,Daylight, , ,Y, , , , , ,,Passenger Car,No Injuries Reported,Yes,Changing Lanes,No,No, , , , , , , ,Y, , , ,Stopped,No,No,No Passengers in Vehicle,0, ,Y, , , , , , , , , , , , ,Y, ,Y,Y, , ,No,, ,Yes,, ,, ,, ,Yes, ,"On April [XXX], 2025 at 7:21 PM PT a Waymo Autonomous Vehicle (""Waymo AV"") operating in San Francisco, California was in a collision involving a passenger car on [XXX] at [XXX]. 
The Waymo AV was stopped facing southwest in the second from the right lane on [XXX] for a red light at the intersection at [XXX] when a passenger car traveling southwest behind the Waymo AV on [XXX] changed lanes passing by the Waymo AV on the left.  As the passenger car passed by the stationary Waymo AV, the passenger side of the passenger car made contact with the rear driver side of the Waymo AV.  At the time of the impact, the Waymo AV's Level 4 ADS was engaged in autonomous mode. The passenger car sustained damage.
Waymo is reporting this crash under Request No. 2 of Standing General Order 2021-01. Waymo may supplement or correct its reporting with additional information as it may become available.",
30270-10775,1,Waymo LLC,5-Day,,,MAY-2025,SADHW2S19R1, ,N/A,Jaguar,I-PACE, ,2024, ,99792a5987d8ed0,40508, ,None,5th Generation ADS, , ,5th Generation, , ,Version 9, , ,, ,Y,,, ,Y,Yes (specify below),"CA DMV, CA PUC",Yes,ADS,Waymo LLC, , ,Y, , , , , ,,MAY-2025, ,MAY-2025,04:18, ,a4221254ea9e123,[MAY CONTAIN PERSONALLY IDENTIFIABLE INFORMATION], ,[MAY CONTAIN PERSONALLY IDENTIFIABLE INFORMATION], ,[MAY CONTAIN PERSONALLY IDENTIFIABLE INFORMATION], ,San Francisco, ,CA ,[MAY CONTAIN PERSONALLY IDENTIFIABLE INFORMATION], ,Street,Dry,No Unusual Conditions,25, ,Dark - Lighted,Y, , , , , , , ,,Passenger Car,No Injuries Reported,Yes,Proceeding Straight,No,No, , , , , ,Y, , , , , ,Stopped,No,Yes,No Passengers in Vehicle,0, , , , ,Y, , , , , , , , , ,Y, ,Y,Y, , ,Yes,San Francisco Police Department, ,Yes,[MAY CONTAIN PERSONALLY IDENTIFIABLE INFORMATION], ,,Y,,Y,Yes, ,"On May [XXX], 2025 at 4:18 AM PT a Waymo Autonomous Vehicle (""Waymo AV"") operating in San Francisco, California was in a collision involving a passenger car on [XXX] at [XXX]. 
The Waymo AV was stopped facing south on [XXX] in the rightmost lane for a red light at the intersection of [XXX]. While the Waymo AV remained stopped for the red light, a passenger car approached the Waymo AV from behind and the front of the passenger car made contact with the rear of the stationary Waymo AV. At the time of the impact, the Waymo AV's Level 4 ADS was engaged in autonomous mode. Both vehicles sustained damage.
Waymo is reporting this crash under Request No. 1 of Standing General Order 2021-01 because a vehicle involved was towed away. Waymo may supplement or correct its reporting with additional information as it may become available.",
30270-10750,1,Waymo LLC,Monthly,4,2025,MAY-2025,SADHW2S18R1, ,N/A,Jaguar,I-PACE, ,2024, ,af787839fce7dcd,557, ,None,5th Generation ADS, , ,5th Generation, , ,Version 9, , ,, ,Y,,, ,Y,Yes (specify below),"CA DMV, CA PUC",Yes,ADS,Waymo LLC, , ,Y, , , , , ,,APR-2025, ,APR-2025,06:50, ,3cb4ac44e082069,[MAY CONTAIN PERSONALLY IDENTIFIABLE INFORMATION], ,[MAY CONTAIN PERSONALLY IDENTIFIABLE INFORMATION], ,[MAY CONTAIN PERSONALLY IDENTIFIABLE INFORMATION], ,San Francisco, ,CA ,[MAY CONTAIN PERSONALLY IDENTIFIABLE INFORMATION], ,Street,Dry,No Unusual Conditions,25, ,Daylight,Y, , , , , , , ,,Passenger Car,No Injuries Reported,Yes,Entering Traffic,No,No, , , , , , , ,Y, , , ,Parked,No,No,No Passengers in Vehicle,0, ,Y, , , , , , , , , , , , ,Y, ,Y,Y, , ,No,, ,Yes,, ,, ,, ,Yes, ,"On April [XXX], 2025 at 6:50 AM PT a Waymo Autonomous Vehicle (""Waymo AV"") operating in San Francisco, California was in a collision involving a passenger car on [XXX] near [XXX].
The Waymo AV was parked at the curb facing east on [XXX]. A passenger car that was parked directly behind the Waymo AV proceeded forward to merge into the adjacent lane of travel and the passenger side of the passenger car made contact with the rear driver side of the Waymo AV. At the time of the impact, the Waymo AV's Level 4 ADS was engaged in autonomous mode. The passenger car sustained damage.
Waymo is reporting this crash under Request No. 2 of Standing General Order 2021-01. Waymo may supplement or correct its reporting with additional information as it may become available.",
30270-10666,1,Waymo LLC,Monthly,4,2025,MAY-2025,SADHW2S14R1, ,N/A,Jaguar,I-Pace, ,2024, ,2d4215722bfaccc,29304, ,None,5th Generation ADS, , ,5th Generation, , ,Version 9, , ,, ,Y,,, ,Y,Yes (specify below),"CA DMV, CA PUC",Yes,ADS,Waymo LLC, , ,Y, , , , , ,,APR-2025, ,APR-2025,01:15, ,e3f948feabc1ec0,[MAY CONTAIN PERSONALLY IDENTIFIABLE INFORMATION], ,[MAY CONTAIN PERSONALLY IDENTIFIABLE INFORMATION], ,[MAY CONTAIN PERSONALLY IDENTIFIABLE INFORMATION], ,San Francisco, ,CA ,[MAY CONTAIN PERSONALLY IDENTIFIABLE INFORMATION], ,Street,Dry,No Unusual Conditions,25, ,Dark - Lighted,Y, , , , , , , ,,Passenger Car,No Injuries Reported,Yes,Passing,No,No, , , , , , , ,Y, , , ,Parked,No,No,No Passengers in Vehicle,0, ,Y, , , , , , , , , , , , ,Y, ,Y,Y, , ,No,, ,Yes,, ,, ,, ,Yes, ,"On April [XXX], 2025 at 1:15 AM PT a Waymo Autonomous Vehicle (""Waymo AV"") operating in San Francisco, California was in a collision involving a passenger car on [XXX] near [XXX]. 
The Waymo AV was parked at the curb facing west following a passenger drop-off on [XXX]. While the Waymo AV remained stationary, a passenger car traveling westbound on [XXX] initially stopped behind the Waymo AV, then proceeded to pass to Waymo AV on the left, and the passenger side of the passenger car made contact with the rear driver side of the Waymo AV. At the time of the impact, the Waymo AV's Level 4 ADS was engaged in autonomous mode. Both vehicles sustained damage.
Waymo is reporting this crash under Request No. 2 of Standing General Order 2021-01. Waymo may supplement or correct its reporting with additional information as it may become available.",
30270-10714,1,Waymo LLC,Monthly,4,2025,MAY-2025,SADHW2S1XR1, ,N/A,Jaguar,I-Pace, ,2024, ,aca840db6563bbb,4676, ,None,5th Generation ADS, , ,5th Generation, , ,Version 9, , ,, ,Y,,, ,Y,Yes (specify below),"CA DMV, CA PUC",Yes,ADS,Waymo LLC, , ,Y, , , , , ,,APR-2025, ,APR-2025,16:14, ,5bfa8081ac63312,[MAY CONTAIN PERSONALLY IDENTIFIABLE INFORMATION], ,[MAY CONTAIN PERSONALLY IDENTIFIABLE INFORMATION], ,[MAY CONTAIN PERSONALLY IDENTIFIABLE INFORMATION], ,San Francisco, ,CA ,[MAY CONTAIN PERSONALLY IDENTIFIABLE INFORMATION], ,Street,Dry,No Unusual Conditions,25, ,Daylight,Y, , , , , , , ,,Passenger Car,No Injuries Reported,Yes,Parking Maneuver,No,No, , ,Y, , , , , , , , ,Passing,No,No,Yes,4, , , ,Y, , , , , , , , , , ,Y, ,Y,Y, , ,Yes,San Francisco Police Department, ,Yes,[MAY CONTAIN PERSONALLY IDENTIFIABLE INFORMATION], ,[MAY CONTAIN PERSONALLY IDENTIFIABLE INFORMATION], ,,Y,Yes, ,"On April [XXX], 2025 at 4:14 PM PT a Waymo Autonomous Vehicle (""Waymo AV"") operating in San Francisco, California was in a collision involving a passenger car on [XXX] near [XXX]. 
The Waymo AV was traveling eastbound on a narrow portion of [XXX] when it came to a stop yielding to a passenger car that was stopped with hazard lights on in-lane facing east on [XXX]. As the Waymo AV maneuvered partially into the opposing lane to pass to the left of  the stopped passenger car, another passenger car facing west on [XXX] that was attempting to parallel park reversed and the front driver side of the passenger car made contact with the front driver side of the Waymo AV. At the time of the impact, the Waymo AV's Level 4 ADS was engaged in autonomous mode. Both vehicles sustained damage.
Waymo is reporting this crash under Request No. 2 of Standing General Order 2021-01. Waymo may supplement or correct its reporting with additional information as it may become available.",
30270-10600,1,Waymo LLC,Monthly,4,2025,MAY-2025,SADHW2S10R1, ,N/A,Jaguar,I-PACE, ,2024, ,ebda0b5465bb521,17660, ,None,5th Generation ADS, , ,5th Generation, , ,Version 9, , ,, ,Y,,, ,Y,Yes (specify below),"CA DMV, CA PUC",Yes,ADS,Waymo LLC, , ,Y, , , , , ,,APR-2025, ,APR-2025,12:19, ,1f374cfdfc4a97e,[MAY CONTAIN PERSONALLY IDENTIFIABLE INFORMATION], ,[MAY CONTAIN PERSONALLY IDENTIFIABLE INFORMATION], ,[MAY CONTAIN PERSONALLY IDENTIFIABLE INFORMATION], ,San Francisco, ,CA ,[MAY CONTAIN PERSONALLY IDENTIFIABLE INFORMATION], ,Street,Dry,No Unusual Conditions,30, ,Daylight,Y, , , , , , , ,,Passenger Car,No Injuries Reported,Yes,Proceeding Straight,No,No, , , , , ,Y, , , , , ,Proceeding Straight,No,No,Yes,2, , , , ,Y, , , , , , , , , ,Y, ,Y,Y, , ,No,, ,Yes,, ,, ,, ,Yes, ,"On April [XXX], 2025 at 12:19 PM PT a Waymo Autonomous Vehicle (""Waymo AV"") operating in San Francisco, California was in a collision involving a passenger car on [XXX] at [XXX]. 
The Waymo AV was stopped in the left turn lane facing east on [XXX] in a queue of traffic for a red light at the intersection with [XXX]. Once the traffic light turned green, the Waymo AV began to proceed forward with the queue of traffic and a passenger car that was traveling directly behind the Waymo AV proceeded forward and the front of the passenger car made contact with the rear of the Waymo AV. At the time of the impact, the Waymo AV's Level 4 ADS was engaged in autonomous mode. The passenger car sustained damage.
Waymo is reporting this crash under Request No. 2 of Standing General Order 2021-01. Waymo may supplement or correct its reporting with additional information as it may become available.",
30270-10615,1,Waymo LLC,Monthly,4,2025,MAY-2025,SADHW2S19R1, ,N/A,Jaguar,I-PACE, ,2024, ,7ee7c4e46749510,7764, ,None,5th Generation ADS, , ,5th Generation, , ,Version 9, , ,, ,Y,,, ,Y,Yes (specify below),"CA DMV, CA PUC",Yes,ADS,Waymo LLC, , ,Y, , , , , ,,APR-2025, ,APR-2025,01:57, ,3250f12d8808f2a,[MAY CONTAIN PERSONALLY IDENTIFIABLE INFORMATION], ,[MAY CONTAIN PERSONALLY IDENTIFIABLE INFORMATION], ,[MAY CONTAIN PERSONALLY IDENTIFIABLE INFORMATION], ,Venice, ,CA ,[MAY CONTAIN PERSONALLY IDENTIFIABLE INFORMATION], ,Parking Lot,Dry,No Unusual Conditions,15, ,Dark - Lighted,Y, , , , , , , ,,Passenger Car,No Injuries Reported,Yes,Backing,No,No, , , , , , ,Y, , , , ,Parked,No,No,No Passengers in Vehicle,0, , , , , , , , , ,Y, , , , ,Y, ,Y,Y, , ,Yes,Los Angeles Police Department, ,Yes,,Y,,Y,,Y,Yes, ,"On April [XXX], 2025 at 1:57 AM PT a Waymo Autonomous Vehicle (""Waymo AV"") operating in Venice, California was in a collision involving a passenger car in a parking lot at [XXX].
The Waymo AV was parked with its hazard lights activated for a passenger pick-up facing southwest in a parking lot at [XXX]. A passenger car parked in a parking stall in front and to the right of the Waymo AV reversed out of the parking stall, and the rear passenger side of the passenger car made contact with the front passenger side of the Waymo AV. At the time of the impact, the Waymo AV's Level 4 ADS was engaged in autonomous mode. The Waymo AV sustained damage.
Waymo is reporting this crash under Request No. 2 of Standing General Order 2021-01. Waymo may supplement or correct its reporting with additional information as it may become available.",
30270-10630,1,Waymo LLC,Monthly,4,2025,MAY-2025,SADHW2S18R1, ,N/A,Jaguar,I-PACE, ,2024, ,d532e82c07faf0b,37536, ,None,5th Generation ADS, , ,5th Generation, , ,Version 9, , ,, ,Y,,, ,Y,Yes (specify below),"CA DMV, CA PUC",Yes,ADS,Waymo LLC, , ,Y, , , , , ,,APR-2025, ,APR-2025,09:10, ,8932666da33677f,[MAY CONTAIN PERSONALLY IDENTIFIABLE INFORMATION], ,[MAY CONTAIN PERSONALLY IDENTIFIABLE INFORMATION], ,[MAY CONTAIN PERSONALLY IDENTIFIABLE INFORMATION], ,San Francisco, ,CA ,[MAY CONTAIN PERSONALLY IDENTIFIABLE INFORMATION], ,Street,Dry,No Unusual Conditions,25, ,Daylight, , ,Y, , , , , ,,Passenger Car,No Injuries Reported,Yes,Making Left Turn,No,No, ,Y, , , , , , , , , ,Proceeding Straight,No,No,Yes,0, ,Y, , , , , , , , , , , , ,Y, ,Y,Y, , ,Yes,San Francisco Police Department, ,Yes,[MAY CONTAIN PERSONALLY IDENTIFIABLE INFORMATION], ,,Y,,Y,Yes, ,"On April [XXX], 2025 at 9:10 AM PT a Waymo Autonomous Vehicle (""Waymo AV"") operating in San Francisco, California was in a collision involving a passenger car on [XXX] at [XXX]. 
The Waymo AV was traveling northbound on [XXX] and came to a stop, allowing for a passenger car to exit a parking lot  on the east side of the roadway. As the passenger car turned left onto [XXX] and attempted to pass the Waymo AV, the driver side of the passenger car made contact with the rear driver side of the stationary Waymo AV. At the time of the impact, the Waymo AV's Level 4 ADS was engaged in autonomous mode. The passenger car sustained damage.
Waymo is reporting this crash under Request No. 2 of Standing General Order 2021-01. Waymo may supplement or correct its reporting with additional information as it may become available.",
30270-10743,1,Waymo LLC,Monthly,4,2025,MAY-2025,SADHW2S15R1, ,N/A,Jaguar,I-Pace, ,2024, ,c4c32d33e663e59,34538, ,None,5th Generation ADS, , ,5th Generation, , ,Version 9, , ,, ,Y,,, ,Y,Yes (specify below),"CA DMV, CA PUC",Yes,ADS,Waymo LLC, , ,Y, , , , , ,,APR-2025, ,APR-2025,08:55, ,db8a31384ad0ae7,[MAY CONTAIN PERSONALLY IDENTIFIABLE INFORMATION], ,[MAY CONTAIN PERSONALLY IDENTIFIABLE INFORMATION], ,[MAY CONTAIN PERSONALLY IDENTIFIABLE INFORMATION], ,San Francisco, ,CA ,[MAY CONTAIN PERSONALLY IDENTIFIABLE INFORMATION], ,Intersection,Dry,No Unusual Conditions,25, ,Daylight,Y, , , , , , , ,,Passenger Car,No Injuries Reported,Yes,Proceeding Straight,No,No, , , , , ,Y, , , , , ,Stopped,No,No,No Passengers in Vehicle,0, , , , ,Y, , , , , , , , , ,Y, ,Y,Y, , ,No,, ,Yes,, ,, ,, ,Yes, ,"On April [XXX], 2025 at 8:55 AM PT a Waymo Autonomous Vehicle (""Waymo AV"") operating in San Francisco, California was in a collision involving a passenger car on [XXX] at [XXX]. 
The Waymo AV was traveling southeastbound on [XXX] in the dedicated left turn lane and came to a stop to yield to oncoming traffic for an unprotected left turn at a green traffic light at the intersection with [XXX]. While the Waymo AV remained stopped, a passenger car traveling southeastbound on [XXX] approached the Waymo AV from behind and the front of the passenger car made contact with the rear of the Waymo AV. At the time of the impact, the Waymo AV's Level 4 ADS was engaged in autonomous mode. Both vehicles sustained damage.
Waymo is reporting this crash under Request No. 2 of Standing General Order 2021-01. Waymo may supplement or correct its reporting with additional information as it may become available.",
30270-10717,1,Waymo LLC,Monthly,4,2025,MAY-2025,SADHW2S17M1, ,N/A,Jaguar,I-Pace, ,2021, ,652e9973dc88545,163111, ,None,5th Generation ADS, , ,5th Generation, , ,Version 9, , ,, ,Y,,, ,Y,Yes (specify below),"CA DMV, CA PUC",Yes,ADS,Waymo LLC, , ,Y, , , , , ,,APR-2025, ,APR-2025,21:44, ,3d1197234733445,[MAY CONTAIN PERSONALLY IDENTIFIABLE INFORMATION], ,[MAY CONTAIN PERSONALLY IDENTIFIABLE INFORMATION], ,[MAY CONTAIN PERSONALLY IDENTIFIABLE INFORMATION], ,San Francisco, ,CA ,[MAY CONTAIN PERSONALLY IDENTIFIABLE INFORMATION], ,Intersection,Dry,No Unusual Conditions,25, ,Dark - Lighted,Y, , , , , , , ,,Passenger Car,No Injuries Reported,Yes,Making Left Turn,No,No, , , , , , , , ,Y, , ,Making Left Turn,No,No,Yes,9, , ,Y, , , , , , , , , , , ,Y, ,Y,Y, , ,No,, ,Yes,, ,, ,, ,Yes, ,"On April [XXX], 2025 at 9:44 PM PT a Waymo Autonomous Vehicle (""Waymo AV"") operating in San Francisco, California was in a collision involving a passenger car on [XXX] at [XXX]. 
The Waymo AV was traveling northeastbound on [XXX] in the rightmost dedicated left turn lane and made an unprotected left turn onto [XXX]. As the Waymo AV completed the left turn onto [XXX], a passenger car turning left in the leftmost dedicated left turn lane directly next to the Waymo AV crossed into the lane of the Waymo AV and the front passenger side of the passenger car made contact with the driver side of the Waymo AV. At the time of the impact, the Waymo AV's Level 4 ADS was engaged in autonomous mode. Both vehicles sustained damage.
Waymo is reporting this crash under Request No. 2 of Standing General Order 2021-01. Waymo may supplement or correct its reporting with additional information as it may become available.",
30270-10715,1,Waymo LLC,Monthly,4,2025,MAY-2025,SADHW2S12R1, ,N/A,Jaguar,I-Pace, ,2024, ,f07aedd654e601f,64095, ,None,5th Generation ADS, , ,5th Generation, , ,Version 9, , ,, ,Y,,, ,Y,Yes (specify below),"CA DMV, CA PUC",Yes,ADS,Waymo LLC, , ,Y, , , , , ,,APR-2025, ,APR-2025,16:39, ,c0ab826dd6f7a39,[MAY CONTAIN PERSONALLY IDENTIFIABLE INFORMATION], ,[MAY CONTAIN PERSONALLY IDENTIFIABLE INFORMATION], ,[MAY CONTAIN PERSONALLY IDENTIFIABLE INFORMATION], ,Los Angeles, ,CA ,[MAY CONTAIN PERSONALLY IDENTIFIABLE INFORMATION], ,Street,Dry,No Unusual Conditions,25, ,Daylight,Y, , , , , , , ,,Passenger Car,No Injuries Reported,Yes,Proceeding Straight,No,No, , , , , ,Y, , , , , ,Proceeding Straight,No,No,Yes,1, , , , ,Y, , , , , , , , , ,Y, ,Y,Y, , ,No,, ,Yes,, ,, ,, ,Yes, ,"On April [XXX], 2025 at 4:39 PM PT a Waymo Autonomous Vehicle (""Waymo AV"") operating in Los Angeles, California was in a collision involving a passenger car on [XXX] near [XXX]. 
The Waymo AV was traveling southwestbound on [XXX], slowing for a queue of traffic ahead. A passenger car traveling southwestbound on [XXX] approached the Waymo AV from behind and the front of the passenger car made contact with the rear of the Waymo AV. At the time of the impact, the Waymo AV's Level 4 ADS was engaged in autonomous mode. Both vehicles sustained damage.
Waymo is reporting this crash under Request No. 2 of Standing General Order 2021-01. Waymo may supplement or correct its reporting with additional information as it may become available.",
30270-10649,1,Waymo LLC,5-Day,,,MAY-2025,SADHW2S10M1, ,N/A,Jaguar,I-Pace, ,2021, ,2c2f75d23c37307,128388, ,None,5th Generation ADS, , ,5th Generation, , ,Version 10, , ,, ,Y,,, ,Y,Yes (specify below),"CA DMV, CA PUC",Yes,ADS,Waymo LLC, , ,Y, , , , , ,,APR-2025, ,APR-2025,20:48, ,2ea8a855b7379fa,[MAY CONTAIN PERSONALLY IDENTIFIABLE INFORMATION], ,[MAY CONTAIN PERSONALLY IDENTIFIABLE INFORMATION], ,[MAY CONTAIN PERSONALLY IDENTIFIABLE INFORMATION], ,San Francisco, ,CA ,[MAY CONTAIN PERSONALLY IDENTIFIABLE INFORMATION], ,Street,Dry,No Unusual Conditions,25, ,Dark - Lighted,Y, , , , , , , ,,Passenger Car,No Injuries Reported,Yes,Passing,No,No, , , , , , , ,Y, , , ,Proceeding Straight,No,Yes,Yes,0, ,Y, , , , , , , , , , , , ,Y, ,Y,Y, , ,No,, ,Yes,, ,, ,, ,Yes, ,"On April [XXX], 2025 at 8:48 PM PT a Waymo Autonomous Vehicle (""Waymo AV"") operating in San Francisco, California was in a collision involving a passenger car on [XXX] near [XXX]. 
The Waymo AV was traveling southbound on a narrow portion of [XXX] and was slowing to a stop for a passenger drop-off when a passenger car traveling southbound on [XXX] began passing the Waymo AV.  As the passenger car passed the Waymo AV, the passenger side of the passenger car made contact with the rear driver side of the Waymo AV.  At the time of the impact, the Waymo AV's Level 4 ADS was engaged in autonomous mode. The Waymo AV sustained damage.
Waymo is reporting this crash under Request No. 1 of Standing General Order 2021-01 because a vehicle involved was towed away. Waymo may supplement or correct its reporting with additional information as it may become available.",
30270-10648,1,Waymo LLC,5-Day,,,MAY-2025,SADHW2S19R1, ,N/A,Jaguar,I-Pace, ,2024, ,e80cd9fc5ca240e,11131, ,None,5th Generation ADS, , ,5th Generation, , ,Version 9, , ,, ,Y,,, ,Y,Yes (specify below),"CA DMV, CA PUC",Yes,ADS,Waymo LLC, , ,Y, , , , , ,,APR-2025, ,APR-2025,20:34, ,00c66c34c4474a1,[MAY CONTAIN PERSONALLY IDENTIFIABLE INFORMATION], ,[MAY CONTAIN PERSONALLY IDENTIFIABLE INFORMATION], ,[MAY CONTAIN PERSONALLY IDENTIFIABLE INFORMATION], ,Los Angeles, ,CA ,[MAY CONTAIN PERSONALLY IDENTIFIABLE INFORMATION], ,Street,Dry,No Unusual Conditions,25, ,Dark - Lighted,Y, , , , , , , ,,Passenger Car,No Injuries Reported,Yes,Proceeding Straight,No,Yes, , ,Y, , ,Y, , ,Y, , ,Stopped,No,Yes,Yes,0, ,Y, , ,Y, , ,Y, , , , , , ,Y, ,Y,Y, , ,No,, ,Yes,, ,, ,, ,Yes, ,"On April [XXX], 2025 at 8:34 PM PT a Waymo Autonomous Vehicle (""Waymo AV"") operating in Los Angeles, California was in a collision involving a passenger car on the [XXX] of [XXX]. 
The Waymo AV was traveling southwestbound on [XXX] when it slowed to a stop at a yield sign. A passenger car traveling southwestbound on [XXX]approached the Waymo AV from behind, and the front of the passenger car made contact with the rear of the stationary Waymo AV. At the time of the impact, the Waymo AV's Level 4 ADS was engaged in autonomous mode. Both vehicles sustained damage.
Waymo is reporting this crash under Request No. 1 of Standing General Order 2021-01 because a vehicle involved was towed away. Waymo may supplement or correct its reporting with additional information as it may become available.",
30270-9988,2,Waymo LLC,Update,,,MAY-2025,SADHW2S16R1, ,N/A,Jaguar,I-PACE, ,2024, ,1a5459638549d49,32614, ,None,5th Generation ADS, , ,5th Generation, , ,Version 9, , ,, ,Y,,, ,Y,Yes (specify below),"CA DMV, CA PUC",Yes,ADS,Waymo LLC, , ,Y, , , , , ,,FEB-2025, ,FEB-2025,16:25, ,011b230dd3f2ae9,[MAY CONTAIN PERSONALLY IDENTIFIABLE INFORMATION], ,[MAY CONTAIN PERSONALLY IDENTIFIABLE INFORMATION], ,[MAY CONTAIN PERSONALLY IDENTIFIABLE INFORMATION], ,Daly City, ,CA ,[MAY CONTAIN PERSONALLY IDENTIFIABLE INFORMATION], ,Intersection,Wet,No Unusual Conditions,25, ,Daylight, , ,Y, , , , , ,,Passenger Car,Minor,Yes,Making Left Turn,Yes,Yes, , ,Y, , ,Y, , ,Y, , ,Proceeding Straight,Yes,Yes,No Passengers in Vehicle,23, , , ,Y, , , , , , , , , , ,Y, ,Y,Y, , ,Yes,Daly City Police Department, ,Yes,[MAY CONTAIN PERSONALLY IDENTIFIABLE INFORMATION], ,[MAY CONTAIN PERSONALLY IDENTIFIABLE INFORMATION], ,,Y,Yes, ,"This is an update to report 30270-9988-1, previously submitted on February 18th, 2025. The original report indicated that there were no injuries reported. The driver of the other vehicle reported a minor injury. Other than an update to the ""Highest Injury Severity Alleged"" field, the rest of the report remains unchanged.
On Thursday, February [XXX], 2025 at 4:25 PM PST, a Waymo Autonomous Vehicle (""Waymo AV"") operating in Daly City, California was in a collision involving a passenger car on [XXX] at [XXX].
The Waymo AV was traveling east on [XXX] in the leftmost lane and entered the intersection with [XXX] shortly after the traffic light had turned yellow. After the Waymo AV entered the intersection, a passenger car traveling west on [XXX] entered the intersection, began accelerating, and initiated a left turn across the path of the Waymo AV. As the passenger car entered the intersection the Waymo AV began braking and steered sharply towards the right, but the front of the passenger car made contact with the front left corner of the Waymo AV. At the time of the impact, the Waymo AV's Level 4 ADS was engaged in autonomous mode. Both vehicles sustained damage.
Waymo is reporting this crash under Request No. 1 of Standing General Order 2021-01 because an individual involved was towed away and because of airbag deployment. Waymo may supplement or correct its reporting with additional information as it may become available.",