Report ID,Report Version,Reporting Entity,Report Type,Report Month,Report Year,Report Submission Date,VIN,VIN - Unknown,Serial Number,Make,Model,Model - Unknown,Model Year,Model Year - Unknown,Same Vehicle ID,Mileage,Mileage - Unknown,Driver / Operator Type,ADAS/ADS System Version,ADAS/ADS System Version - Unk,ADAS/ADS System Version CBI,ADAS/ADS Hardware Version,ADAS/ADS Hardware Version - Unk,ADAS/ADS Hardware Version CBI,ADAS/ADS Software Version,ADAS/ADS Software Version - Unk,ADAS/ADS Software Version CBI,Other Reporting Entities?,Other Reporting Entities? - Unk,Other Reporting Entities? - NA,Federal Regulatory Exemption?,Other Federal Reg. Exemption,Federal Reg. Exemption - Unk,Federal Reg. Exemption - No,State or Local Permit?,State or Local Permit,ADS Equipped?,Automation System Engaged?,Operating Entity,Operating Entity - Unknown,Source - Complaint/Claim,Source - Telematics,Source - Law Enforcement,Source - Field Report,Source - Testing,Source - Media,Source - Other,Source - Other Text,Incident Date,Incident Date - Unknown,Notice Received Date,Incident Time (24:00),Incident Time - Unknown,Same Incident ID,Latitude,Latitude - Unknown,Longitude,Longitude - Unknown,Address,Address - Unknown,City,City - Unknown,State,Zip Code,Zip Code - Unknown,Roadway Type,Roadway Surface,Roadway Description,Posted Speed Limit (MPH),Posted Speed Limit - Unknown,Lighting,Weather - Clear,Weather - Snow,Weather - Cloudy,Weather - Fog/Smoke,Weather - Rain,Weather - Severe Wind,Weather - Unknown,Weather - Other,Weather - Other Text,Crash With,Highest Injury Severity Alleged,Property Damage?,CP Pre-Crash Movement,CP Any Air Bags Deployed?,CP Was Vehicle Towed?,CP Contact Area - Rear Left,CP Contact Area - Left,CP Contact Area - Front Left,CP Contact Area - Rear,CP Contact Area - Top,CP Contact Area - Front,CP Contact Area - Rear Right,CP Contact Area - Right,CP Contact Area - Front Right,CP Contact Area - Bottom,CP Contact Area - Unknown,SV Pre-Crash Movement,SV Any Air Bags Deployed?,SV Was Vehicle Towed?,SV Were All Passengers Belted?,SV Precrash Speed (MPH),SV Pre-crash Speed - Unknown,SV Contact Area - Rear Left,SV Contact Area - Left,SV Contact Area - Front Left,SV Contact Area - Rear,SV Contact Area - Top,SV Contact Area - Front,SV Contact Area - Rear Right,SV Contact Area - Right,SV Contact Area - Front Right,SV Contact Area - Bottom,SV Contact Area - Unknown,Data Availability - EDR,Data Availability - Police Rpt,Data Availability - Telematics,Data Availability - Complaints,Data Availability - Video,Data Availability - Other,Data Availability - No Data,Data Availability - Unknown,Law Enforcement Investigating?,Investigating Agency,Investigating Agency - Unknown,Rep Ent Or Mfr Investigating?,Investigating Officer Name,Inv. Officer Name - Unknown,Investigating Officer Phone,Inv. Officer Phone - Unknown,Investigating Officer Email,Inv. Officer Email - Unknown,Within ODD?,Within ODD? - CBI,Narrative,Narrative - CBI?
30270-10090,1,Waymo LLC,Monthly,2,2025,MAR-2025,SADHW2S17R1, ,N/A,Jaguar,I-PACE, ,2024, ,69d394c6f4b45ea,13979, ,None,5th Generation ADS, , ,5th Generation, , ,Version 9, , ,, ,Y,,, ,Y,Yes (specify below),"CA DMV, CA PUC",Yes,ADS,Waymo LLC, , ,Y, , , , , ,,FEB-2025, ,FEB-2025,22:54, ,6c8a70e4e1a1bc2,[MAY CONTAIN PERSONALLY IDENTIFIABLE INFORMATION], ,[MAY CONTAIN PERSONALLY IDENTIFIABLE INFORMATION], ,[MAY CONTAIN PERSONALLY IDENTIFIABLE INFORMATION], ,Los Angeles, ,CA ,[MAY CONTAIN PERSONALLY IDENTIFIABLE INFORMATION], ,Street,Dry,No Unusual Conditions,30, ,Dark - Lighted,Y, , , , , , , ,,Passenger Car,No Injuries Reported,Yes,Proceeding Straight,No,No, , , , , , , , ,Y, , ,Parked,No,No,No Passengers in Vehicle,0, ,Y, , , , , , , , , , , , ,Y, ,Y,Y, , ,No,, ,Yes,, ,, ,, ,Yes, ,"On February[XXX], 2025 at 10:54 PM PT a Waymo Autonomous Vehicle (""Waymo AV"") operating in Los Angeles, California was in a collision involving a passenger car on [XXX]. 
The Waymo AV was stopped for a passenger pickup facing northeastbound on Benton Way when a passenger car travelling northeastbound on [XXX] approached the stationary Waymo AV from behind. As the passenger car began to maneuver around and pass the stopped Waymo AV, the front passenger side of the passenger car made contact with the rear driver side of the Waymo AV. At the time of the impact, the Waymo AV's Level 4 ADS was engaged in autonomous mode. The Waymo AV sustained damage.
Waymo is reporting this crash under Request No. 2 of Standing General Order 2021-01. Waymo may supplement or correct its reporting with additional information as it may become available.",
30791-10003,1,AutoX Technologies Inc,Monthly,2,2025,MAR-2025,2C4RC1N79LR, ,N/A,Chrysler,Pacifica, ,2020, ,1602a5ac42c1fa5,12121, ,In-Vehicle (Commercial / Test),Gen5, , ,Gen5, , ,release-2403, , ,, ,Y,,, ,Y,Yes (specify below),California,Yes,ADS,"AutoX Technologies, Inc.", , , , ,Y, , , ,,FEB-2025, ,FEB-2025,18:31, ,ec207689881d11a,[MAY CONTAIN PERSONALLY IDENTIFIABLE INFORMATION], ,[MAY CONTAIN PERSONALLY IDENTIFIABLE INFORMATION], ,[MAY CONTAIN PERSONALLY IDENTIFIABLE INFORMATION], ,Santa Clara, ,CA ,[MAY CONTAIN PERSONALLY IDENTIFIABLE INFORMATION], ,Street,Dry,No Unusual Conditions,,Y,Dark - Lighted, , ,Y, , , , , ,,Passenger Car,No Injuries Reported,Yes,Parked,No,No, , ,Y, , , , , , , , ,Making Right Turn,No,No,Yes,16, , , , , , , , , ,Y, , ,Y, , , ,Y, , , ,No,, ,Yes,, ,, ,, ,Yes, ,"On Feb [XXX], 2025 at 06:31 PM PT, the blind spot sensor pod of our autonomous vehicle (AV) made contact with a parked passenger car on [XXX], Santa Clara, CA.
The AV was making a right turn along the[XXX], traveling at 16 mph. Due to an inaccurate map version downloaded on the AV causing the AV to drive close to the parked vehicles on the side of the street, the safety driver disengaged the AV. After disengagement, the right side sensor pod of the AV made contact with the left side rear view mirror of a passenger vehicle parked on the side of the Kingsbury Cir. At the time of the impact, the AV's Level 4 ADS was not engaged and the safety driver was operating the AV in manual mode. Both vehicles sustained minor damage.",
30571-10171,1,NVIDIA CORP,Monthly,3,2025,MAR-2025,W1K6G7GB2PA, ,N/A,Mercedes-Benz,S580 4M, ,2023, ,a5430bee35debbe,11412, ,In-Vehicle (Commercial / Test),"[REDACTED, MAY CONTAIN CONFIDENTIAL BUSINESS INFORMATION]", ,Y,"[REDACTED, MAY CONTAIN CONFIDENTIAL BUSINESS INFORMATION]", ,Y,"[REDACTED, MAY CONTAIN CONFIDENTIAL BUSINESS INFORMATION]", ,Y,"Mercedes-Benz USA, LLC", , ,,, ,Y,Yes (specify below),CA,Yes,"Unknown, see Narrative",NVIDIA Corporation, , , , , ,Y, , ,,FEB-2025, ,FEB-2025,14:17, ,fcbf7f3b607c02b,[MAY CONTAIN PERSONALLY IDENTIFIABLE INFORMATION], ,[MAY CONTAIN PERSONALLY IDENTIFIABLE INFORMATION], ,[MAY CONTAIN PERSONALLY IDENTIFIABLE INFORMATION], ,Santa Clara, ,CA ,[MAY CONTAIN PERSONALLY IDENTIFIABLE INFORMATION], ,Parking Lot,Dry,No Unusual Conditions,15, ,Daylight,Y, , , , , , , ,,Passenger Car,No Injuries Reported,No,Backing,No,No, , , , , , ,Y, , , , ,Stopped,No,No,Yes,0, , , , , , , , ,Y, , , , , ,Y, ,Y, , , ,No,, ,No,, ,, ,, ,"[REDACTED, MAY CONTAIN CONFIDENTIAL BUSINESS INFORMATION]",Y,"The Mercedes-Benz vehicle was traveling southbound in a parking lot located at [XXX], Santa Clara, CA 95051 when the driver engaged L3 ADS system for a few seconds. The driver then disengaged L3 ADS and continued to drive in conventional mode. The vehicle was manually braked and came to a complete stop. At this time, a Chevrolet Camaro parked perpendicular to the right of the vehicle, reversed from their parking spot and made contact with the right middle panel of the Mercedes-Benz.",
30610-10251,1,"Zoox, Inc.",Monthly,2,2025,MAR-2025,5TDDGRFH5HS, ,N/A,Toyota,Highlander, ,2017, ,3b8ca627dbcef01,107871, ,In-Vehicle (Commercial / Test),154.25.02.19, , ,154.25.02.19, , ,154.25.02.19, , ,, ,Y,,, ,Y,Yes (specify below),CA DMV AVT Permit,Yes,ADS,Zoox, , , , ,Y,Y, , ,,FEB-2025, ,FEB-2025,17:34, ,b0fe191adb9a766,[MAY CONTAIN PERSONALLY IDENTIFIABLE INFORMATION], ,[MAY CONTAIN PERSONALLY IDENTIFIABLE INFORMATION], ,[MAY CONTAIN PERSONALLY IDENTIFIABLE INFORMATION], ,San Francisco, ,CA ,[MAY CONTAIN PERSONALLY IDENTIFIABLE INFORMATION], ,Street,Dry,No Unusual Conditions,25, ,Daylight,Y, , , , , , , ,,Passenger Car,No Injuries Reported,Yes,Lane / Road Departure,No,No, ,Y, , , , , , , , , ,Proceeding Straight,No,No,Yes,26, , , , , , , , ,Y, , , , , ,Y, ,Y, , , ,No,, ,No,, ,, ,, ,Yes, ,"A Zoox vehicle (Vehicle 1) in autonomous mode was traveling in lane 4 on southwest-bound [XXX] in San Francisco. At that time a passenger car (Vehicle 2), traveling in the same direction ahead of the Zoox vehicle in the right adjacent lane (lane 5), was attempting to go around a cyclist, on the right side, in lane 5. The Zoox vehicle operator disengaged, Vehicle 2 then swerved left into lane 4 across the path of the Zoox vehicle and the driver-side quarter panel on Vehicle 2 contacted the passenger-side fender and front door of the Zoox vehicle. Both vehicles proceeded a few feet further and pulled over to exchange information. Vehicle 2 appeared to sustain minor damage and the Zoox vehicle did not sustain any damage. There were no reported injuries and the police were not called.",
30610-10246,1,"Zoox, Inc.",Monthly,2,2025,MAR-2025,7Z00XVHX4RK, ,N/A,Zoox,sedan, ,2024, ,e6ddf1532d70886,13815, ,None,B326.25.23, , ,B326.25.23, , ,B326.25.23, , ,, ,Y,,, ,Y,Yes (specify below),CA DMV AVT Permit,Yes,ADS,Zoox, , , , ,Y,Y, , ,,FEB-2025, ,FEB-2025,21:31, ,c68689fc617a685,[MAY CONTAIN PERSONALLY IDENTIFIABLE INFORMATION], ,[MAY CONTAIN PERSONALLY IDENTIFIABLE INFORMATION], ,[MAY CONTAIN PERSONALLY IDENTIFIABLE INFORMATION], ,San Francisco, ,CA ,[MAY CONTAIN PERSONALLY IDENTIFIABLE INFORMATION], ,Street,Dry,No Unusual Conditions,25, ,Dark - Lighted,Y, , , , , , , ,,Passenger Car,No Injuries Reported,Yes,Proceeding Straight,No,No, , , , , ,Y, , , , , ,Stopped,No,No,No Passengers in Vehicle,0, , , , ,Y, , , , , , , , , ,Y, ,Y, , , ,No,, ,No,, ,, ,, ,Yes, ,"A Zoox vehicle (Vehicle 1) in autonomous mode was stopped for a red traffic light on westbound [XXX] at the intersection with [XXX] in San Francisco. An SUV (Vehicle 2) traveling directly behind the Zoox vehicle failed to come to a stop and rear-ended the stopped Zoox vehicle. The SUV driver reversed, then left the scene without attempting to exchange information. After the collision, the Zoox vehicle remained stopped, then later cleared the intersection. The Zoox vehicle sustained minor damage to the license plate bracket. There were no reported injuries and the police were not called. The Zoox vehicle camera footage shows the SUV driver was not looking ahead at the roadway before or at the time of contact.",
855-10223,1,"Mercedes-Benz USA, LLC",Monthly,3,2025,MAR-2025,W1K6G7GB2PA, ,N/A,Mercedes-Benz,S 580 4MATIC, ,2022, ,a5430bee35debbe,11412, ,In-Vehicle (Commercial / Test),"[REDACTED, MAY CONTAIN CONFIDENTIAL BUSINESS INFORMATION]", ,Y,"[REDACTED, MAY CONTAIN CONFIDENTIAL BUSINESS INFORMATION]", ,Y,"[REDACTED, MAY CONTAIN CONFIDENTIAL BUSINESS INFORMATION]", ,Y,NVIDIA CORP, , ,,,Y, ,Yes (specify below),CA DMV,Yes,"Unknown, see Narrative",NVIDIA, , , , , ,Y, , ,,FEB-2025, ,FEB-2025,14:17, ,fcbf7f3b607c02b,[MAY CONTAIN PERSONALLY IDENTIFIABLE INFORMATION], ,[MAY CONTAIN PERSONALLY IDENTIFIABLE INFORMATION], ,[MAY CONTAIN PERSONALLY IDENTIFIABLE INFORMATION], ,Santa Clara, ,CA ,[MAY CONTAIN PERSONALLY IDENTIFIABLE INFORMATION], ,Parking Lot,Wet,No Unusual Conditions,15, ,Daylight,Y, , , , , , , ,,Passenger Car,No Injuries Reported,No,Backing,No,No, , , , , , ,Y, , , , ,Stopped,No,No,Yes,0, , , , , , , , ,Y, , , , , ,Y, ,Y, , , ,No,, ,No,, ,, ,, ,"[REDACTED, MAY CONTAIN CONFIDENTIAL BUSINESS INFORMATION]",Y,"The subject Mercedes-Benz vehicle was driving in the back parking lot of the [XXX] in Santa Clara, CA (parallel to the [XXX]). The Mercedes-Benz vehicle was driven in conventional mode when the driver engaged L3 ADS for a few seconds. The driver then disengaged L3 ADS and continued to drive in conventional mode. The vehicle was manually braked to a stop adjacent to vehicles parked in the parking lot, and perpendicular to a parked Chevrolet Camaro. The driver in the Mercedes-Benz then shifted into Park (""P"") via the gearshift lever. While the Mercedes-Benz vehicle was stopped, the Chevrolet Camaro reversed out of its parking space and contacted the Mercedes-Benz vehicle at the right rear door. As a result, the right rear corner of the Chevrolet Camaro and the right rear passenger door of the Mercedes-Benz vehicle sustained minor damage. There were no reported injuries to any of the occupants.",
30270-10127,1,Waymo LLC,5-Day,,,MAR-2025,SADHW2S15R1, ,N/A,Jaguar,I-PACE, ,2024, ,581936751104aa3,23850, ,None,5th Generation ADS, , ,5th Generation, , ,Version 9, , ,, ,Y,,, ,Y,Yes (specify below),"CA DMV, CA PUC",Yes,ADS,Waymo LLC, , ,Y, , , , , ,,MAR-2025, ,MAR-2025,12:25, ,f5343b2a2c58c2b,[MAY CONTAIN PERSONALLY IDENTIFIABLE INFORMATION], ,[MAY CONTAIN PERSONALLY IDENTIFIABLE INFORMATION], ,[MAY CONTAIN PERSONALLY IDENTIFIABLE INFORMATION], ,San Francisco, ,CA ,[MAY CONTAIN PERSONALLY IDENTIFIABLE INFORMATION], ,Street,Dry,No Unusual Conditions,25, ,Daylight,Y, , , , , , , ,,Passenger Car,No Injuries Reported,Yes,Passing,No,No, , , , , , , , ,Y, , ,Parked,No,Yes,No Passengers in Vehicle,0, ,Y, , , , , , , , , , , , ,Y, ,Y,Y, , ,No,, ,Yes,, ,, ,, ,Yes, ,"On March [XXX], 2025 at 12:25 PM PT a Waymo Autonomous Vehicle (""Waymo AV"") operating in San Francisco, California was in a collision involving a passenger car on [XXX] at [XXX] 
The Waymo AV was traveling southbound on [XXX], and stopped in-lane for a passenger drop-off. A passenger car traveling southbound on [XXX] attempted to pass the Waymo AV on the left and the front right side of the passenger car made contact with the left rear side of the stationary Waymo AV. At the time of the impact, the Waymo AV's Level 4 ADS was engaged in autonomous mode. Both vehicles sustained damage.
Waymo is reporting this crash under Request No. 1 of Standing General Order 2021-01 because a vehicle involved was towed away. Waymo may supplement or correct its reporting with additional information as it may become available.",
30270-10117,1,Waymo LLC,5-Day,,,MAR-2025,SADHW2S10R1, ,N/A,Jaguar,I-PACE, ,2024, ,61fd77a56acc72d,45851, ,None,5th Generation ADS, , ,5th Generation, , ,Version 9, , ,, ,Y,,, ,Y,Yes (specify below),"CA DMV, CA PUC",Yes,ADS,Waymo LLC, , ,Y, , , , , ,,FEB-2025, ,FEB-2025,19:57, ,c9071aa23149df4,[MAY CONTAIN PERSONALLY IDENTIFIABLE INFORMATION], ,[MAY CONTAIN PERSONALLY IDENTIFIABLE INFORMATION], ,[MAY CONTAIN PERSONALLY IDENTIFIABLE INFORMATION], ,Los Angeles, ,CA ,[MAY CONTAIN PERSONALLY IDENTIFIABLE INFORMATION], ,Street,Dry,No Unusual Conditions,25, ,Dark - Lighted,Y, , , , , , , ,,Passenger Car,No Injuries Reported,Yes,Proceeding Straight,Yes,No, , , , , ,Y, , ,Y, , ,Stopped,No,Yes,Yes,3, , , , ,Y, , ,Y, , , , , , ,Y, ,Y,Y, , ,No,, ,Yes,, ,, ,, ,Yes, ,"On February [XXX], 2025 at 7:57 PM PT a Waymo Autonomous Vehicle (""Waymo AV"") operating in Los Angeles, California was in a collision involving a passenger car on [XXX]. 
The Waymo AV was traveling southeast bound on [XXX] and was slowing for a queue of traffic stopped for red traffic light. A passenger car traveling southeastbound on [XXX] approached the Waymo AV from behind, and the front of the passenger car made contact with the rear of the Waymo AV. At the time of the impact, the Waymo AV's Level 4 ADS was engaged in autonomous mode. Both vehicles sustained damage.
Waymo is reporting this crash under Request No. 1 of Standing General Order 2021-01 because a vehicle involved was towed away and a vehicle involved was of airbag deployment. Waymo may supplement or correct its reporting with additional information as it may become available.",
30270-10086,1,Waymo LLC,5-Day,,,MAR-2025,SADHW2S18R1, ,N/A,Jaguar,I-PACE, ,2024, ,11b75b430c54645,35171, ,None,5th Generation ADS, , ,5th Generation, , ,Version 9, , ,, ,Y,,, ,Y,Yes (specify below),"CA DMV, CA PUC",Yes,ADS,Waymo LLC, , ,Y, , , , , ,,FEB-2025, ,FEB-2025,21:07, ,0189935a3c5671c,[MAY CONTAIN PERSONALLY IDENTIFIABLE INFORMATION], ,[MAY CONTAIN PERSONALLY IDENTIFIABLE INFORMATION], ,[MAY CONTAIN PERSONALLY IDENTIFIABLE INFORMATION], ,Inglewood, ,CA ,[MAY CONTAIN PERSONALLY IDENTIFIABLE INFORMATION], ,Street,Dry,No Unusual Conditions,45, ,Dark - Lighted,Y, , , , , , , ,,Passenger Car,No Injuries Reported,Yes,Making Left Turn,No,No, ,Y,Y, , , , , , , , ,Proceeding Straight,No,Yes,No Passengers in Vehicle,27, , , , , , , , , ,Y, , , , ,Y, ,Y,Y, , ,Yes,Inglewood Police Department, ,Yes,[MAY CONTAIN PERSONALLY IDENTIFIABLE INFORMATION], ,[MAY CONTAIN PERSONALLY IDENTIFIABLE INFORMATION], ,,Y,Yes, ,"On February [XXX], 2025 at 9:07 PM PT a Waymo Autonomous Vehicle (""Waymo AV"") operating in Inglewood, California was in a collision involving a passenger car on the [XXX]. 
The Waymo AV was traveling northbound in the dedicated left turn lane of[XXX] when a passenger car in the second from the left lane and in front of the Waymo AV began to change lanes to the dedicated left turn lane. During this lane change maneuver, the driver side of the passenger car made contact with the passenger side of the Waymo AV.  At the time of the impact, the Waymo AV's Level 4 ADS was engaged in autonomous mode. Both vehicles sustained damage.
Waymo is reporting this crash under Request No. 1 of Standing General Order 2021-01 because a vehicle involved was towed away. Waymo may supplement or correct its reporting with additional information as it may become available.",
30270-9931,2,Waymo LLC,10-Day Update,,,FEB-2025,SADHW2S14R1, ,N/A,Jaguar,I-PACE, ,2024, ,c78603b93164de4,19091, ,None,5th Generation ADS, , ,5th Generation, , ,Version 9, , ,, ,Y,,, ,Y,Yes (specify below),"CA DMV, CA PUC",Yes,ADS,Waymo LLC, , ,Y, , , , , ,,FEB-2025, ,FEB-2025,08:55, ,346cd4b6bf87e06,[MAY CONTAIN PERSONALLY IDENTIFIABLE INFORMATION], ,[MAY CONTAIN PERSONALLY IDENTIFIABLE INFORMATION], ,[MAY CONTAIN PERSONALLY IDENTIFIABLE INFORMATION], ,San Francisco, ,CA ,[MAY CONTAIN PERSONALLY IDENTIFIABLE INFORMATION], ,Intersection,Wet,No Unusual Conditions,25, ,Daylight, , , , ,Y, , , ,,Passenger Car,No Injuries Reported,Yes,Making Left Turn,No,No, , ,Y, , , , , , , , ,Stopped,No,No,Yes,0, , , , , , , ,Y, , , , , , ,Y, ,Y,Y, , ,No,, ,Yes,, ,, ,, ,Yes, ,"The content of this report is unchanged from the initial report submitted on February [XXX], 2025 [REDACTED, MAY CONTAIN CONFIDENTIAL BUSINESS INFORMATION].
On February [XXX], 2025 at 8:55 AM PT a Waymo Autonomous Vehicle (""Waymo AV"") operating in San Francisco, California was in a collision involving a passenger car on [XXX]. 
The Waymo AV was travelling north on [XXX] in the left lane and making a left turn at a green traffic light at the intersection with [XXX]. As the Waymo AV began its left turn onto [XXX], a pedestrian began crossing [XXX] from the southern sidewalk outside of the marked crosswalk to the west of the intersection with [XXX]. The Waymo AV came to a stop to yield to the pedestrian, and a passenger vehicle making a left turn directly behind the Waymo AV continued forward. The front driver side of the passenger vehicle made contact with the rear passenger side of the Waymo AV. At the time of the impact, the Waymo AV's Level 4 ADS was engaged in autonomous mode. The passenger car sustained damage. 
Waymo is reporting this crash under Request No. 1 of Standing General Order 2021-01 because a vulnerable road user influenced the driving task of a vehicle involved. Waymo may supplement or correct its reporting with additional information as it may become available.",
30270-10004,1,Waymo LLC,Monthly,1,2025,FEB-2025,SADHW2S14R1, ,N/A,Jaguar,I-Pace, ,2024, ,1529671f5525447,24873, ,None,5th Generation ADS, , ,5th Generation, , ,Version 9, , ,, ,Y,,, ,Y,Yes (specify below),"CA PUC, CA DMV",Yes,ADS,Waymo LLC, , ,Y, , , , , ,,DEC-2024, ,JAN-2025,20:51, ,41320a9363bd12f,[MAY CONTAIN PERSONALLY IDENTIFIABLE INFORMATION], ,[MAY CONTAIN PERSONALLY IDENTIFIABLE INFORMATION], ,[MAY CONTAIN PERSONALLY IDENTIFIABLE INFORMATION], ,San Francisco, ,CA ,[MAY CONTAIN PERSONALLY IDENTIFIABLE INFORMATION], ,Street,Dry,No Unusual Conditions,25, ,Dark - Lighted,Y, , , , , , , ,,Passenger Car,No Injuries Reported,Yes,Proceeding Straight,No,No, , , , , , , ,Y, , , ,Parked,No,No,No Passengers in Vehicle,0, , ,Y, , , , , , , , , , , ,Y, ,Y,Y, , ,No,, ,Yes,, ,, ,, ,Yes, ,"On December [XXX], 2024 at 8:51 PM PT a Waymo Autonomous Vehicle (""Waymo AV"") operating in San Francisco, California was in a collision involving a passenger car on [XXX]t. 
The Waymo AV was parked next to the curb on [XXX] facing eastbound between [XXX]  when the passenger side rear view mirror of a passenger car traveling in the rightmost lane made contact with the driver side rear view mirror of the Waymo AV. At the time of the impact, the Waymo AV's Level 4 ADS was engaged in autonomous mode. Waymo became aware that the Waymo AV sustained damage as a result of this collision on January [XXX], 2025.
Waymo is reporting this crash under Request No. 2 of Standing General Order 2021-01. Waymo may supplement or correct its reporting with additional information as it may become available.",
30270-9884,1,Waymo LLC,Monthly,1,2025,FEB-2025,SADHW2S13R1, ,N/A,Jaguar,I-PACE, ,2024, ,136a716399961c3,22627, ,None,5th Generation ADS, , ,5th Generation, , ,Version 9, , ,, ,Y,,, ,Y,Yes (specify below),"CA DMV, CA PUC",Yes,ADS,Waymo LLC, , ,Y, , , , , ,,JAN-2025, ,JAN-2025,17:57, ,d3b411fa6beef41,[MAY CONTAIN PERSONALLY IDENTIFIABLE INFORMATION], ,[MAY CONTAIN PERSONALLY IDENTIFIABLE INFORMATION], ,[MAY CONTAIN PERSONALLY IDENTIFIABLE INFORMATION], ,San Francisco, ,CA ,[MAY CONTAIN PERSONALLY IDENTIFIABLE INFORMATION], ,Street,Dry,No Unusual Conditions,20, ,Dark - Lighted,Y, , , , , , , ,,Passenger Car,No Injuries Reported,Yes,Backing,No,No,Y, , , , , , , , , , ,Parked,No,No,No Passengers in Vehicle,0, , , , , , ,Y, , , , , , , ,Y, ,Y,Y, , ,No,, ,Yes,, ,, ,, ,Yes, ,"On January [XXX], 2025 at 5:57 PM PT a Waymo Autonomous Vehicle (""Waymo AV"") operating in San Francisco, California was in a collision involving a passenger car on [XXX]. 
The Waymo AV was parked at the curb on northbound[XXX] when a passenger car in front of the Waymo AV pulled forward and then began to reverse in an attempt to leave its parking spot. As the passenger car continued to reverse, the rear driver side of the passenger car made contact with the front of the stationary Waymo AV. At the time of the impact, the Waymo AV's Level 4 ADS was engaged in autonomous mode. Both vehicles sustained damage.
Waymo is reporting this crash under Request No. 2 of Standing General Order 2021-01. Waymo may supplement or correct its reporting with additional information as it may become available.",
30270-9897,1,Waymo LLC,Monthly,1,2025,FEB-2025,SADHW2S15R1, ,N/A,Jaguar,I-PACE, ,2024, ,c29b4c11225a765,33043, ,None,5th Generation ADS, , ,5th Generation, , ,Version 9, , ,, ,Y,,, ,Y,Yes (specify below),"CA DMV, CA PUC",Yes,ADS,Waymo LLC, , ,Y, , , , , ,,JAN-2025, ,JAN-2025,09:17, ,2c361192b50837f,[MAY CONTAIN PERSONALLY IDENTIFIABLE INFORMATION], ,[MAY CONTAIN PERSONALLY IDENTIFIABLE INFORMATION], ,[MAY CONTAIN PERSONALLY IDENTIFIABLE INFORMATION], ,San Francisco, ,CA ,[MAY CONTAIN PERSONALLY IDENTIFIABLE INFORMATION], ,Street,Dry,No Unusual Conditions,20, ,Daylight,Y, , , , , , , ,,Passenger Car,No Injuries Reported,Yes,Proceeding Straight,No,No, , , , , , ,Y,Y, , , ,Parked,No,No,No Passengers in Vehicle,0, ,Y, , , , , , , , , , , , ,Y, ,Y,Y, , ,No,, ,Yes,, ,, ,, ,Yes, ,"On January [XXX], 2025 at 9:17 AM PT a Waymo Autonomous Vehicle (""Waymo AV"") operating in San Francisco, California was in a collision involving a passenger car on [XXX]. 
The Waymo AV was stopped facing north on [XXX] behind a double-parked truck and a different Waymo AV, both stopped in-lane, when a passenger car turning right from westbound [XXX] passed the Waymo AV in the adjacent, public transit lane. As the passenger car passed the stationary Waymo AV, the passenger side of the passenger car made contact with the rear driver side of the Waymo AV. At the time of the impact, the Waymo AV's Level 4 ADS was engaged in autonomous mode. The passenger car sustained damage.
Waymo is reporting this crash under Request No. 2 of Standing General Order 2021-01. Waymo may supplement or correct its reporting with additional information as it may become available.",
30270-9988,1,Waymo LLC,5-Day,,,FEB-2025,SADHW2S16R1, ,N/A,Jaguar,I-PACE, ,2024, ,1a5459638549d49,32614, ,None,5th Generation ADS, , ,5th Generation, , ,Version 9, , ,, ,Y,,, ,Y,Yes (specify below),"CA DMV, CA PUC",Yes,ADS,Waymo LLC, , ,Y, , , , , ,,FEB-2025, ,FEB-2025,16:25, ,011b230dd3f2ae9,[MAY CONTAIN PERSONALLY IDENTIFIABLE INFORMATION], ,[MAY CONTAIN PERSONALLY IDENTIFIABLE INFORMATION], ,[MAY CONTAIN PERSONALLY IDENTIFIABLE INFORMATION], ,Daly City, ,CA ,[MAY CONTAIN PERSONALLY IDENTIFIABLE INFORMATION], ,Intersection,Wet,No Unusual Conditions,25, ,Daylight, , ,Y, , , , , ,,Passenger Car,No Injuries Reported,Yes,Making Left Turn,Yes,Yes, , ,Y, , ,Y, , ,Y, , ,Proceeding Straight,Yes,Yes,No Passengers in Vehicle,23, , , ,Y, , , , , , , , , , ,Y, ,Y,Y, , ,Yes,Daly City Police Department, ,Yes,[MAY CONTAIN PERSONALLY IDENTIFIABLE INFORMATION], ,[MAY CONTAIN PERSONALLY IDENTIFIABLE INFORMATION], ,,Y,Yes, ,"On Thursday, February [XXX], 2025 at 4:25 PM PST, a Waymo Autonomous Vehicle (""Waymo AV"") operating in Daly City, California was in a collision involving a passenger car on [XXX].
The Waymo AV was traveling east on [XXX] in the leftmost lane and entered the intersection with [XXX]shortly after the traffic light had turned yellow. After the Waymo AV entered the intersection, a passenger car traveling west on [XXX] entered the intersection, began accelerating, and initiated a left turn across the path of the Waymo AV. As the passenger car entered the intersection the Waymo AV began braking and steered sharply towards the right, but the front of the passenger car made contact with the front left corner of the Waymo AV. At the time of the impact, the Waymo AV's Level 4 ADS was engaged in autonomous mode. Both vehicles sustained damage.
Waymo is reporting this crash under Request No. 1 of Standing General Order 2021-01 because an individual involved was towed away and because of airbag deployment. Waymo may supplement or correct its reporting with additional information as it may become available.",