Report ID,Report Version,Reporting Entity,Report Type,Report Month,Report Year,Report Submission Date,VIN,VIN - Unknown,Serial Number,Make,Model,Model - Unknown,Model Year,Model Year - Unknown,Same Vehicle ID,Mileage,Mileage - Unknown,Driver / Operator Type,ADAS/ADS System Version,ADAS/ADS System Version - Unk,ADAS/ADS System Version CBI,ADAS/ADS Hardware Version,ADAS/ADS Hardware Version - Unk,ADAS/ADS Hardware Version CBI,ADAS/ADS Software Version,ADAS/ADS Software Version - Unk,ADAS/ADS Software Version CBI,Other Reporting Entities?,Other Reporting Entities? - Unk,Other Reporting Entities? - NA,Federal Regulatory Exemption?,Other Federal Reg. Exemption,Federal Reg. Exemption - Unk,Federal Reg. Exemption - No,State or Local Permit?,State or Local Permit,ADS Equipped?,Automation System Engaged?,Operating Entity,Operating Entity - Unknown,Source - Complaint/Claim,Source - Telematics,Source - Law Enforcement,Source - Field Report,Source - Testing,Source - Media,Source - Other,Source - Other Text,Incident Date,Incident Date - Unknown,Notice Received Date,Incident Time (24:00),Incident Time - Unknown,Same Incident ID,Latitude,Latitude - Unknown,Longitude,Longitude - Unknown,Address,Address - Unknown,City,City - Unknown,State,Zip Code,Zip Code - Unknown,Roadway Type,Roadway Surface,Roadway Description,Posted Speed Limit (MPH),Posted Speed Limit - Unknown,Lighting,Weather - Clear,Weather - Snow,Weather - Cloudy,Weather - Fog/Smoke,Weather - Rain,Weather - Severe Wind,Weather - Unknown,Weather - Other,Weather - Other Text,Crash With,Highest Injury Severity Alleged,Property Damage?,CP Pre-Crash Movement,CP Any Air Bags Deployed?,CP Was Vehicle Towed?,CP Contact Area - Rear Left,CP Contact Area - Left,CP Contact Area - Front Left,CP Contact Area - Rear,CP Contact Area - Top,CP Contact Area - Front,CP Contact Area - Rear Right,CP Contact Area - Right,CP Contact Area - Front Right,CP Contact Area - Bottom,CP Contact Area - Unknown,SV Pre-Crash Movement,SV Any Air Bags Deployed?,SV Was Vehicle Towed?,SV Were All Passengers Belted?,SV Precrash Speed (MPH),SV Pre-crash Speed - Unknown,SV Contact Area - Rear Left,SV Contact Area - Left,SV Contact Area - Front Left,SV Contact Area - Rear,SV Contact Area - Top,SV Contact Area - Front,SV Contact Area - Rear Right,SV Contact Area - Right,SV Contact Area - Front Right,SV Contact Area - Bottom,SV Contact Area - Unknown,Data Availability - EDR,Data Availability - Police Rpt,Data Availability - Telematics,Data Availability - Complaints,Data Availability - Video,Data Availability - Other,Data Availability - No Data,Data Availability - Unknown,Law Enforcement Investigating?,Investigating Agency,Investigating Agency - Unknown,Rep Ent Or Mfr Investigating?,Investigating Officer Name,Inv. Officer Name - Unknown,Investigating Officer Phone,Inv. Officer Phone - Unknown,Investigating Officer Email,Inv. Officer Email - Unknown,Within ODD?,Within ODD? - CBI,Narrative,Narrative - CBI?
30270-9854,1,Waymo LLC,Monthly,1,2025,FEB-2025,SADHW2S19R1, ,N/A,Jaguar,I-PACE, ,2024, ,822cb25808b89f8,9817, ,None,5th Generation ADS, , ,5th Generation, , ,Version 9, , ,, ,Y,,, ,Y,Yes (specify below),"CA DMV, CA PUC",Yes,ADS,Waymo LLC, , ,Y, , , , , ,,JAN-2025, ,JAN-2025,18:21, ,6ca231027bcb3eb,[MAY CONTAIN PERSONALLY IDENTIFIABLE INFORMATION], ,[MAY CONTAIN PERSONALLY IDENTIFIABLE INFORMATION], ,[MAY CONTAIN PERSONALLY IDENTIFIABLE INFORMATION], ,San Francisco, ,CA ,[MAY CONTAIN PERSONALLY IDENTIFIABLE INFORMATION], ,Street,Dry,No Unusual Conditions,25, ,Dark - Lighted,Y, , , , , , , ,,Passenger Car,No Injuries Reported,Yes,Backing,No,No,Y, , , , , , , , , , ,Parked,No,No,No Passengers in Vehicle,0, , , , , , , ,Y, , , , , , ,Y, ,Y,Y, , ,No,, ,Yes,, ,, ,, ,Yes, ,"On January[XXX], 2025 at 6:21 PM PT a Waymo Autonomous Vehicle (""Waymo AV"") operating in San Francisco was in a collision involving a passenger car on the [XXX]. 
The Waymo AV was stopped at the curb facing north on [XXX] for a rider drop-off when a passenger car reversed out of a driveway into the Waymo AV. The rear driver side of the passenger car made contact with the rear passenger side of the stationary Waymo AV.  At the time of the impact, the Waymo AV's Level 4 ADS was engaged in autonomous mode. Both vehicles sustained damage.
Waymo is reporting this crash under Request No. 2 of Standing General Order 2021-01. Waymo may supplement or correct its reporting with additional information as it may become available.",
30270-9851,1,Waymo LLC,Monthly,1,2025,FEB-2025,SADHW2S11R1, ,N/A,Jaguar,I-PACE, ,2024, ,4f8d0c1691f7096,14368, ,None,5th Generation ADS, , ,5th Generation, , ,Version 9, , ,, ,Y,,, ,Y,Yes (specify below),"CA DMV, CA PUC",Yes,ADS,Waymo LLC, , ,Y, , , , , ,,JAN-2025, ,JAN-2025,01:51, ,046e04aaeb646d1,[MAY CONTAIN PERSONALLY IDENTIFIABLE INFORMATION], ,[MAY CONTAIN PERSONALLY IDENTIFIABLE INFORMATION], ,[MAY CONTAIN PERSONALLY IDENTIFIABLE INFORMATION], ,Los Angeles, ,CA ,[MAY CONTAIN PERSONALLY IDENTIFIABLE INFORMATION], ,Intersection,Dry,No Unusual Conditions,25, ,Dark - Lighted,Y, , , , , , , ,,Passenger Car,No Injuries Reported,Yes,Traveling Wrong Way,No,No, , ,Y, , ,Y, , , , , ,Stopped,No,No,Yes,0, , ,Y,Y, , , , , , , , , , ,Y, ,Y,Y, , ,No,, ,Yes,, ,, ,, ,Yes, ,"On January [XXX], 2025 at 1:51 AM PT a Waymo Autonomous Vehicle (""Waymo AV"") operating in Los Angeles, California was in a collision involving a passenger car on [XXX] at [XXX]. 
The Waymo AV was stopped for a red light facing northwest on [XXX] at the intersection with [XXX] in the second from the left lane when a passenger car traveling southwest on [XXX] made a left turn onto W 3rd Street (turning the wrong way onto a one-way street). As the passenger car turned onto [XXX], the front of the passenger car made contact with the front driver side of the Waymo AV.   At the time of the impact, the Waymo AV's Level 4 ADS was engaged in autonomous mode. Both vehicles sustained damage.
Waymo is reporting this crash under Request No. 2 of Standing General Order 2021-01. Waymo may supplement or correct its reporting with additional information as it may become available.",
30270-9807,2,Waymo LLC,Update,,,FEB-2025,SADHW2S11M1, ,N/A,Jaguar,I-PACE, ,2021, ,cc4cb8a51705cf4,92314, ,None,5th Generation ADS, , ,5th Generation, , ,Version 9, , ,, ,Y,,, ,Y,Yes (specify below),"CA DMV, CA PUC",Yes,ADS,Waymo LLC, , ,Y, , , , , ,,JAN-2025, ,JAN-2025,14:48, ,4ccbd17516d5a82,[MAY CONTAIN PERSONALLY IDENTIFIABLE INFORMATION], ,[MAY CONTAIN PERSONALLY IDENTIFIABLE INFORMATION], ,[MAY CONTAIN PERSONALLY IDENTIFIABLE INFORMATION], ,San Francisco, ,CA ,[MAY CONTAIN PERSONALLY IDENTIFIABLE INFORMATION], ,Street,Wet,No Unusual Conditions,25, ,Daylight, , , , ,Y, , , ,,Passenger Car,Minor,Yes,Proceeding Straight,No,No, , , , , ,Y, , , , , ,Stopped,No,Yes,Yes,0, , , , ,Y, , , , , , , , , ,Y, ,Y,Y, , ,No,, ,Yes,, ,, ,, ,Yes, ,"This is an update to report [XXX], originally submitted on February [XXX], 2025. The original report indicated there were no reported injuries. Waymo has since received notice of a minor injury to the passenger in the Waymo AV. The narrative below remains unchanged.
On January [XXX], 2025 at 2:48 PM PT a Waymo Autonomous Vehicle (""Waymo AV') operating in San Francisco, California was in a collision involving a passenger car on [XXX]. 
The Waymo AV was traveling southbound on [XXX] and was slowing for a queue of traffic. A passenger car traveling southbound on [XXX] approached the Waymo AV from behind, and the front of the passenger car made contact with the rear of the Waymo AV.  At the time of the impact, the Waymo AV's Level 4 ADS was engaged in autonomous mode. Both vehicles sustained damage.
Waymo is reporting this crash under Request No. 1 of Standing General Order 2021-01 because a vehicle involved was towed away. Waymo may supplement or correct its reporting with additional information as it may become available.",
30270-9852,1,Waymo LLC,Monthly,1,2025,FEB-2025,SADHW2S12R1, ,N/A,Jaguar,I-PACE, ,2024, ,f07aedd654e601f,52187, ,None,5th Generation ADS, , ,5th Generation, , ,Version 9, , ,, ,Y,,, ,Y,Yes (specify below),"CA DMV, CA PUC",Yes,ADS,Waymo LLC, , ,Y, , , , , ,,JAN-2025, ,JAN-2025,17:57, ,af6e18815ae9663,[MAY CONTAIN PERSONALLY IDENTIFIABLE INFORMATION], ,[MAY CONTAIN PERSONALLY IDENTIFIABLE INFORMATION], ,[MAY CONTAIN PERSONALLY IDENTIFIABLE INFORMATION], ,Los Angeles, ,CA ,[MAY CONTAIN PERSONALLY IDENTIFIABLE INFORMATION], ,Street,Dry,No Unusual Conditions,35, ,Dark - Lighted,Y, , , , , , , ,,Passenger Car,Minor,Yes,Proceeding Straight,No,No, , , , , ,Y, , , , , ,Proceeding Straight,No,No,Yes,3, , , , ,Y, , , , , , , , , ,Y, ,Y,Y, , ,No,, ,Yes,, ,, ,, ,Yes, ,"On January [XXX], 2025 at 5:57 PM PT a Waymo Autonomous Vehicle (""Waymo AV"") operating in Los Angeles, California was in a collision involving a passenger car on[XXX]. 
The Waymo AV was traveling southeast on[XXX] and slowed to yield to a queue of traffic ahead. A passenger car approached the Waymo AV from behind, and the front of the passenger car made contact with the rear of the Waymo AV.  At the time of the impact, the Waymo AV's Level 4 ADS was engaged in autonomous mode. The passenger car sustained damage and the passenger in the Waymo AV reported a minor injury.
Waymo is reporting this crash under Request No. 2 of Standing General Order 2021-01. Waymo may supplement or correct its reporting with additional information as it may become available.",
30270-9853,1,Waymo LLC,Monthly,1,2025,FEB-2025,SADHW2S17R1, ,N/A,Jaguar,I-PACE, ,2024, ,e74690add55a695,30033, ,None,5th Generation ADS, , ,5th Generation, , ,Version 9, , ,, ,Y,,, ,Y,Yes (specify below),"CA DMV, CA PUC",Yes,ADS,Waymo LLC, , ,Y, , , , , ,,JAN-2025, ,JAN-2025,19:10, ,6038d41a0e9de1c,[MAY CONTAIN PERSONALLY IDENTIFIABLE INFORMATION], ,[MAY CONTAIN PERSONALLY IDENTIFIABLE INFORMATION], ,[MAY CONTAIN PERSONALLY IDENTIFIABLE INFORMATION], ,San Francisco, ,CA ,[MAY CONTAIN PERSONALLY IDENTIFIABLE INFORMATION], ,Street,Dry,No Unusual Conditions,20, ,Dark - Lighted,Y, , , , , , , ,,Passenger Car,No Injuries Reported,Yes,Changing Lanes,No,No, , , , , , , ,Y, , , ,Parked,No,No,No Passengers in Vehicle,0, ,Y, , , , , , , , , , , , ,Y, ,Y,Y, , ,No,, ,Yes,, ,, ,, ,Yes, ,"On January [XXX], 2025 at 7:10 PM PT a Waymo Autonomous Vehicle (""Waymo AV"") operating in San Francisco, California was in a collision involving a passenger car on [XXX] 
The Waymo AV was stopped at the curb facing southwest on [XXX] for a passenger pickup when a passenger car approached the Waymo AV from behind, and came to a stop. The passenger car then maneuvered to pass the Waymo AV on the left, and the passenger side of the passenger car made contact with the rear driver side of the stationary Waymo AV. At the time of the impact, the Waymo AV's Level 4 ADS was engaged in autonomous mode. The Waymo AV sustained damage.
Waymo is reporting this crash under Request No. 2 of Standing General Order 2021-01. Waymo may supplement or correct its reporting with additional information as it may become available.",
30270-9909,1,Waymo LLC,Monthly,1,2025,FEB-2025,SADHW2S13M1, ,N/A,Jaguar,I-PACE, ,2021, ,457ba4addbb8953,99124, ,None,5th Generation ADS, , ,5th Generation, , ,Version 9, , ,, ,Y,,, ,Y,Yes (specify below),"CA DMV, CA PUC",Yes,ADS,Waymo LLC, , ,Y, , , , , ,,JAN-2025, ,JAN-2025,13:09, ,b8b9b40e3623ba4,[MAY CONTAIN PERSONALLY IDENTIFIABLE INFORMATION], ,[MAY CONTAIN PERSONALLY IDENTIFIABLE INFORMATION], ,[MAY CONTAIN PERSONALLY IDENTIFIABLE INFORMATION], ,San Francisco, ,CA ,[MAY CONTAIN PERSONALLY IDENTIFIABLE INFORMATION], ,Street,Dry,No Unusual Conditions,25, ,Daylight,Y, , , , , , , ,,Passenger Car,No Injuries Reported,Yes,Backing,No,No,Y, , , , , , , , , , ,Stopped,No,No,No Passengers in Vehicle,0, , , , , , , , , ,Y, , , , ,Y, ,Y,Y, , ,No,, ,Yes,, ,, ,, ,Yes, ,"On January [XXX], 2025 at 1:09 PM PT a Waymo Autonomous Vehicle (""Waymo AV"") operating in San Francisco, California was in a collision involving a passenger car on [XXX]. 
The Waymo AV was traveling westbound on [XXX] and stopped behind a passenger car at a stop sign at Florida Street. The passenger car in front of the Waymo AV began to reverse, and the Waymo AV reversed as well. The Waymo AV then came to a stop and the passenger car continued to reverse, and the rear driver side of the passenger car made contact with the front passenger side of the stationary Waymo AV. At the time of the impact, the Waymo AV's Level 4 ADS was engaged in autonomous mode. The passenger car sustained damage.
Waymo is reporting this crash under Request No. 2 of Standing General Order 2021-01. Waymo may supplement or correct its reporting with additional information as it may become available.",
30270-9906,1,Waymo LLC,Monthly,1,2025,FEB-2025,SADHW2S16R1, ,N/A,Jaguar,I-PACE, ,2024, ,3caa16ede38ed4a,21939, ,None,5th Generation ADS, , ,5th Generation, , ,Version 9, , ,, ,Y,,, ,Y,Yes (specify below),"CA DMV, CA PUC",Yes,ADS,Waymo LLC, , ,Y, , , , , ,,JAN-2025, ,JAN-2025,10:31, ,b9596f2ff2d628c,[MAY CONTAIN PERSONALLY IDENTIFIABLE INFORMATION], ,[MAY CONTAIN PERSONALLY IDENTIFIABLE INFORMATION], ,[MAY CONTAIN PERSONALLY IDENTIFIABLE INFORMATION], ,San Francisco, ,CA ,[MAY CONTAIN PERSONALLY IDENTIFIABLE INFORMATION], ,Parking Lot,Dry,No Unusual Conditions,4, ,"Other, see Narrative",Y, , , , , , , ,,Passenger Car,No Injuries Reported,Yes,Backing,No,No, , , , , , , ,Y, , , ,Proceeding Straight,No,No,No Passengers in Vehicle,3, , ,Y, , , , , , , , , , , ,Y, ,Y,Y, , ,No,, ,Yes,, ,, ,, ,Yes, ,"On January [XXX], 2025 at 10:31 AM PT a Waymo Autonomous Vehicle (""Waymo AV"") operating in San Francisco, California was in a collision involving a passenger car in a parking garage at [XXX]. 
The Waymo AV was traveling in a parking garage off of [XXX] and approached a passenger car that was stopped, facing the wrong direction in the opposing lane of travel. The Waymo AV began to proceed straight, passing the passenger car, when the passenger car began to reverse, maneuvering into the Waymo AV's lane of travel, and the front passenger side of the passenger car made contact with the driver side of the Waymo AV. At the time of the impact, the Waymo AV's Level 4 ADS was engaged in autonomous mode. The passenger car sustained damage.
Waymo is reporting this crash under Request No. 2 of Standing General Order 2021-01. Waymo may supplement or correct its reporting with additional information as it may become available.",
30270-9872,1,Waymo LLC,Monthly,1,2025,FEB-2025,SADHW2S1XR1, ,N/A,Jaguar,I-PACE, ,2024, ,e61c32395715a3f,18047, ,None,5th Generation ADS, , ,5th Generation, , ,Version 9, , ,, ,Y,,, ,Y,Yes (specify below),"CA DMV, CA PUC",Yes,ADS,Waymo LLC, , ,Y, , , , , ,,JAN-2025, ,JAN-2025,08:45, ,5aface9ce63be5a,[MAY CONTAIN PERSONALLY IDENTIFIABLE INFORMATION], ,[MAY CONTAIN PERSONALLY IDENTIFIABLE INFORMATION], ,[MAY CONTAIN PERSONALLY IDENTIFIABLE INFORMATION], ,San Francisco, ,CA ,[MAY CONTAIN PERSONALLY IDENTIFIABLE INFORMATION], ,Street,Dry,No Unusual Conditions,25, ,Daylight,Y, , , , , , , ,,Passenger Car,No Injuries Reported,Yes,Backing,No,No, , , ,Y, , , , , , , ,Parked,No,No,"No, see Narrative",0, , , , , , ,Y, , , , , , , ,Y, ,Y,Y, , ,No,, ,Yes,, ,, ,, ,Yes, ,"On January [XXX], 2025 at  8:45 AM PT a Waymo Autonomous Vehicle (""Waymo AV"") operating in San Francisco, California was in a collision involving a passenger car on [XXX]. 
The Waymo AV was parked at the curb facing northeast on [XXX] for a passenger drop-off when a passenger car directly in front of the Waymo AV began to reverse. The rear of the passenger car made contact with the front of the stationary Waymo AV. The passenger in the Waymo AV was in the process of exiting as the collision occurred and was not belted. At the time of the impact, the Waymo AV's Level 4 ADS was engaged in autonomous mode. The passenger car sustained damage.
Waymo is reporting this crash under Request No. 2 of Standing General Order 2021-01. Waymo may supplement or correct its reporting with additional information as it may become available.",
30610-9965,1,"Zoox, Inc.",Monthly,1,2025,FEB-2025,5TDDGRFH7KS, ,N/A,Toyota,Highlander, ,2019, ,f22a81759914ade,55086, ,In-Vehicle (Commercial / Test),301.25.01.17, , ,301.25.01.17, , ,301.25.01.17, , ,, ,Y,,, ,Y,Yes (specify below),CA DMV AVT Permit,Yes,ADS,Zoox, , , , ,Y,Y, , ,,JAN-2025, ,JAN-2025,18:12, ,5bc1b9d65a04bdb,[MAY CONTAIN PERSONALLY IDENTIFIABLE INFORMATION], ,[MAY CONTAIN PERSONALLY IDENTIFIABLE INFORMATION], ,[MAY CONTAIN PERSONALLY IDENTIFIABLE INFORMATION], ,San Francisco, ,CA ,[MAY CONTAIN PERSONALLY IDENTIFIABLE INFORMATION], ,Street,Dry,No Unusual Conditions,25, ,Dark - Lighted,Y, , , , , , , ,,Passenger Car,Minor,Yes,Proceeding Straight,No,No, , , , , ,Y, , , , , ,Stopped,No,No,Yes,0, , , , ,Y, , , , , , , , , ,Y, ,Y, , , ,No,, ,No,, ,, ,, ,Yes, ,"A Zoox vehicle (Vehicle 1), operating in autonomous mode, was stopped for a red traffic light on northbound [XXX] in San Francisco. A passenger car (Vehicle 2) was also stopped for the same traffic light directly behind the Zoox vehicle. After a few seconds, the passenger car started to inch forward and rear-ended the stopped Zoox vehicle, and the Zoox vehicle operator then disengaged from autonomy. The Zoox vehicle sustained minor damage to the rear bumper. There were no reported injuries at that time and the police were not called. The Zoox vehicle camera footage shows that the passenger car driver was not looking ahead at the roadway before or at the time of contact. On February 4, 2025, Zoox received notice of an unspecified injury allegation by its vehicle operator.",
30610-9963,1,"Zoox, Inc.",Monthly,1,2025,FEB-2025,7Z00XVHX4RK, ,N/A,Zoox,sedan, ,2024, ,e6ddf1532d70886,20898, ,None,B326.25.29, , ,B326.25.29, , ,B326.25.29, , ,, ,Y,,, ,Y,Yes (specify below),CA DMV AVT Permit,Yes,ADS,Zoox, , , , ,Y,Y, , ,,JAN-2025, ,JAN-2025,20:46, ,999711d1c739b82,[MAY CONTAIN PERSONALLY IDENTIFIABLE INFORMATION], ,[MAY CONTAIN PERSONALLY IDENTIFIABLE INFORMATION], ,[MAY CONTAIN PERSONALLY IDENTIFIABLE INFORMATION], ,San Francisco, ,CA ,[MAY CONTAIN PERSONALLY IDENTIFIABLE INFORMATION], ,Street,Dry,No Unusual Conditions,15, ,Dark - Lighted,Y, , , , , , , ,,Passenger Car,No Injuries Reported,Yes,Making U-Turn,No,No, ,Y, , , , , , , , , ,Stopped,No,No,No Passengers in Vehicle,0, , , ,Y, , , , , , , , , , ,Y, ,Y, , , ,No,, ,No,, ,, ,, ,Yes, ,"A Zoox vehicle (Vehicle 1) in autonomy was double parked, waiting for the next ride with brake lights and hazard lights activated, on southwest-bound [XXX] in San Francisco. At that time, a passenger car (Vehicle 2) which had been parallel parked in the adjacent right curb lane, pulled out of the parking spot and began attempting a multi-point U-turn ahead of the Zoox vehicle. During the maneuver, Vehicle 2's driver's side rear door made contact with the front left fender of the Zoox vehicle. The Zoox vehicle sustained minor damage to the fender. The driver of Vehicle 2 pulled over after the collision to inspect both vehicles, then left the scene shortly after without exchanging information. There were no reported injuries and police were not called.",
30270-9931,1,Waymo LLC,1-Day,,,FEB-2025,SADHW2S14R1, ,N/A,Jaguar,I-PACE, ,2024, ,c78603b93164de4,19091, ,None,5th Generation ADS, , ,5th Generation, , ,Version 9, , ,, ,Y,,, ,Y,Yes (specify below),"CA DMV, CA PUC",Yes,ADS,Waymo LLC, , ,Y, , , , , ,,FEB-2025, ,FEB-2025,08:55, ,346cd4b6bf87e06,[MAY CONTAIN PERSONALLY IDENTIFIABLE INFORMATION], ,[MAY CONTAIN PERSONALLY IDENTIFIABLE INFORMATION], ,[MAY CONTAIN PERSONALLY IDENTIFIABLE INFORMATION], ,San Francisco, ,CA ,[MAY CONTAIN PERSONALLY IDENTIFIABLE INFORMATION], ,Intersection,Wet,No Unusual Conditions,25, ,Daylight, , , , ,Y, , , ,,Passenger Car,No Injuries Reported,Yes,Making Left Turn,No,No, , ,Y, , , , , , , , ,Stopped,No,No,Yes,0, , , , , , , ,Y, , , , , , ,Y, ,Y,Y, , ,No,, ,Yes,, ,, ,, ,Yes, ,"On February [XXX], 2025 at 8:55 AM PT a Waymo Autonomous Vehicle (""Waymo AV"") operating in San Francisco, California was in a collision involving a passenger car on[XXX]. 
The Waymo AV was travelling north on [XXX] in the left lane and making a left turn at a green traffic light at the intersection with [XXX]. As the Waymo AV began its left turn onto [XXX], a pedestrian began crossing [XXX] from the southern sidewalk outside of the marked crosswalk to the west of the intersection with [XXX] The Waymo AV came to a stop to yield to the pedestrian, and a passenger vehicle making a left turn directly behind the Waymo AV continued forward. The front driver side of the passenger vehicle made contact with the rear passenger side of the Waymo AV. At the time of the impact, the Waymo AV's Level 4 ADS was engaged in autonomous mode. The passenger car sustained damage. 
Waymo is reporting this crash under Request No. 1 of Standing General Order 2021-01 because a vulnerable road user influenced the driving task of a vehicle involved. Waymo may supplement or correct its reporting with additional information as it may become available.",
30413-9723,2,May Mobility,Update,,,FEB-2025,5TDYRKEC6PS, ,N/A,Toyota,Sienna, ,2023, ,4f60d90fd1b82bc,4906, ,In-Vehicle (Commercial / Test),3, , ,3, , ,3, , ,, ,Y,,, ,Y,No,,Yes,ADS,May Mobility, , , , ,Y, , , ,,JAN-2025, ,JAN-2025,17:04, ,ef4ee437cff079c,[MAY CONTAIN PERSONALLY IDENTIFIABLE INFORMATION], ,[MAY CONTAIN PERSONALLY IDENTIFIABLE INFORMATION], ,[MAY CONTAIN PERSONALLY IDENTIFIABLE INFORMATION], ,Martinez, ,CA ,[MAY CONTAIN PERSONALLY IDENTIFIABLE INFORMATION], ,Street,Dry,No Unusual Conditions,25, ,Daylight,Y, , , , , , , ,,Passenger Car,No Injuries Reported,Yes,Lane / Road Departure,No,No, , , , , ,Y, , , , , ,Proceeding Straight,No,Yes,Yes,20, , , , , , , , , ,Y, , , ,Y, , ,Y, , , ,No,, ,No,, ,, ,, ,Yes, ,"While traveling northbound on[XXX] in Martinez, a car pulled out of a driveway on the right side without right of way and collided with the right side of May's vehicle (t-bone.)
May's vehicle was traveling at approximately 20 MPH in a residential neighborhood, and was approximately 1m left of lane center when a black vehicle exited a driveway on the right from behind a fence, facing the road and May's vehicle. This vehicle did not slow down or stop until entering into the roadway and collided with the May vehicle's right side. AVO attempts to swerve to the left but is unable to avoid a collision. 
The primary factor that led to the collision was the other vehicles action proceeding without the right-of-way into the side of the May vehicle. Upon further inspection, it was determined that we did not predict this collision until it was too late to avoid it even by veering. The velocity of the other vehicle was underestimated and was largely given only yield policies as having the most significant likelihood. There is some room for improvement in our response, which we plan to implement in future software releases, namely, an emergency veer policy must exist that is capable of moving quickly and far enough to possibly avoid the collision, more accurate reporting of velocity for slow-moving agents, estimate acceleration when assessing risk, improvements to predictions of the probability of an agent yielding, and adjusting our risk assessment so that it is heading dependent and more risk would be associated with passing close in front of another vehicle.",
30270-9789,2,Waymo LLC,10-Day Update,,,FEB-2025,SADHW2S1XR1, ,N/A,Jaguar,I-PACE, ,2024, ,4665753b0fb29b8,37997, ,None,5th Generation ADS, , ,5th Generation, , ,Version 9, , ,, ,Y,,, ,Y,Yes (specify below),"CA DMV, CA PUC",Yes,ADS,Waymo LLC, , ,Y, , , , , ,,FEB-2025, ,FEB-2025,13:25, ,ddd7ca810af9fd2,[MAY CONTAIN PERSONALLY IDENTIFIABLE INFORMATION], ,[MAY CONTAIN PERSONALLY IDENTIFIABLE INFORMATION], ,[MAY CONTAIN PERSONALLY IDENTIFIABLE INFORMATION], ,San Francisco, ,CA ,[MAY CONTAIN PERSONALLY IDENTIFIABLE INFORMATION], ,Intersection,Wet,No Unusual Conditions,35, ,Daylight, , ,Y, ,Y, , , ,,Passenger Car,Minor,Yes,Making Left Turn,No,Unknown, ,Y, , , , , , , , , ,Proceeding Straight,Yes,Yes,Yes,22, , , , , , , , , ,Y, , , , ,Y, ,Y,Y, , ,Yes,San Francisco Police Department, ,Yes,[MAY CONTAIN PERSONALLY IDENTIFIABLE INFORMATION], ,,Y,,Y,Yes, ,"The content of this report is unchanged from the initial report submitted on February [XXX], 2025 [REDACTED, MAY CONTAIN CONFIDENTIAL BUSINESS INFORMATION]. 
On February[XXX], 2025 at 1:25 PM PT a Waymo Autonomous Vehicle (""Waymo AV"") operating in San Francisco, California was in a collision involving a passenger car on S[XXX]. 
The Waymo AV was traveling southbound in the leftmost lane of [XXX]approaching the intersection with [XXX]. A passenger car ahead of the Waymo AV was traveling southbound in the second from the leftmost lane of [XXX] approaching the intersection with [XXX]. As the vehicles neared the intersection, the passenger car turned left across the Waymo AV's lane of travel. The Waymo AV braked and steered to the left, but contact occurred between the driver side of the passenger car and the front passenger side of the Waymo AV. At the time of the impact, the Waymo AV's Level 4 ADS was engaged in autonomous mode. Both vehicles sustained damage. The passenger in the Waymo AV reported minor injuries.
Waymo is reporting this crash under Request No. 1 of Standing General Order 2021-01 because an individual involved was transported from the scene to a hospital for medical treatment. Waymo may supplement or correct its reporting with additional information as it may become available.",
30270-8851,2,Waymo LLC,Update,,,FEB-2025,SADHW2S1XR1, ,N/A,Jaguar,I-Pace, ,2024, ,4665753b0fb29b8,21265, ,None,5th Generation ADS, , ,5th Generation, , ,Version 9, , ,, ,Y,,, ,Y,Yes (specify below),"CA DMV, CA PUC",Yes,ADS,Waymo LLC, , ,Y, , , , , ,,SEP-2024, ,SEP-2024,23:27, ,dcae9422f8bb3d2,[MAY CONTAIN PERSONALLY IDENTIFIABLE INFORMATION], ,[MAY CONTAIN PERSONALLY IDENTIFIABLE INFORMATION], ,[MAY CONTAIN PERSONALLY IDENTIFIABLE INFORMATION], ,San Francisco, ,CA ,[MAY CONTAIN PERSONALLY IDENTIFIABLE INFORMATION], ,Intersection,Dry,Work Zone,20, ,Dark - Lighted,Y, , , , , , , ,,Passenger Car,No Injuries Reported,Yes,Passing,No,No, , , , , , , ,Y, , , ,Stopped,No,No,No Passengers in Vehicle,0, ,Y, , , , , , , , , , , , ,Y, ,Y,Y, , ,No,, ,Yes,, ,, ,, ,Yes, ,"This is an update to report [XXX], originally submitted on October [XXX], 2024. Since submission, Waymo became aware that the conditions resulting in the AV coming to a stop prior to the collision differed from what was originally described. An updated narrative follows below.
On September 26, 2024 at 11:27 PM PT a Waymo Autonomous Vehicle (""Waymo AV"") operating in San Francisco, California was in a collision involving a passenger car on [XXX] at [XXX].
The Waymo AV was traveling northeastbound on [XXX] when it encountered a stationary garbage truck in the dedicated right turn lane at [XXX].  The AV maneuvered to the left of the garbage truck and into the through lane and continued on [XXX] onto a segment of the road where private vehicle traffic is restricted.  The Waymo AV continued traveling on [XXX], where no turns are permitted, and came to a stop at the intersection at [XXX] because the intersection was excluded from the available area for Waymo AV traversal due to the private vehicle restriction.  While the Waymo AV remained stopped with its hazards on, a passenger car traveling northeast on [XXX] passed by the Waymo AV.  As the passenger car passed by Waymo AV, the passenger side of the passenger car made contact with the rear driver side of the Waymo AV. At the time of the impact, the Waymo AV's Level 4 ADS was engaged in autonomous mode. The Waymo AV sustained damage.
Waymo is reporting this crash under Request No. 2 of Standing General Order 2021-01. Waymo may supplement or correct its reporting with additional information as it may become available.",