Report ID,Report Version,Reporting Entity,Report Type,Report Month,Report Year,Report Submission Date,VIN,VIN - Unknown,Serial Number,Make,Model,Model - Unknown,Model Year,Model Year - Unknown,Same Vehicle ID,Mileage,Mileage - Unknown,Driver / Operator Type,ADAS/ADS System Version,ADAS/ADS System Version - Unk,ADAS/ADS System Version CBI,ADAS/ADS Hardware Version,ADAS/ADS Hardware Version - Unk,ADAS/ADS Hardware Version CBI,ADAS/ADS Software Version,ADAS/ADS Software Version - Unk,ADAS/ADS Software Version CBI,Other Reporting Entities?,Other Reporting Entities? - Unk,Other Reporting Entities? - NA,Federal Regulatory Exemption?,Other Federal Reg. Exemption,Federal Reg. Exemption - Unk,Federal Reg. Exemption - No,State or Local Permit?,State or Local Permit,ADS Equipped?,Automation System Engaged?,Operating Entity,Operating Entity - Unknown,Source - Complaint/Claim,Source - Telematics,Source - Law Enforcement,Source - Field Report,Source - Testing,Source - Media,Source - Other,Source - Other Text,Incident Date,Incident Date - Unknown,Notice Received Date,Incident Time (24:00),Incident Time - Unknown,Same Incident ID,Latitude,Latitude - Unknown,Longitude,Longitude - Unknown,Address,Address - Unknown,City,City - Unknown,State,Zip Code,Zip Code - Unknown,Roadway Type,Roadway Surface,Roadway Description,Posted Speed Limit (MPH),Posted Speed Limit - Unknown,Lighting,Weather - Clear,Weather - Snow,Weather - Cloudy,Weather - Fog/Smoke,Weather - Rain,Weather - Severe Wind,Weather - Unknown,Weather - Other,Weather - Other Text,Crash With,Highest Injury Severity Alleged,Property Damage?,CP Pre-Crash Movement,CP Any Air Bags Deployed?,CP Was Vehicle Towed?,CP Contact Area - Rear Left,CP Contact Area - Left,CP Contact Area - Front Left,CP Contact Area - Rear,CP Contact Area - Top,CP Contact Area - Front,CP Contact Area - Rear Right,CP Contact Area - Right,CP Contact Area - Front Right,CP Contact Area - Bottom,CP Contact Area - Unknown,SV Pre-Crash Movement,SV Any Air Bags Deployed?,SV Was Vehicle Towed?,SV Were All Passengers Belted?,SV Precrash Speed (MPH),SV Pre-crash Speed - Unknown,SV Contact Area - Rear Left,SV Contact Area - Left,SV Contact Area - Front Left,SV Contact Area - Rear,SV Contact Area - Top,SV Contact Area - Front,SV Contact Area - Rear Right,SV Contact Area - Right,SV Contact Area - Front Right,SV Contact Area - Bottom,SV Contact Area - Unknown,Data Availability - EDR,Data Availability - Police Rpt,Data Availability - Telematics,Data Availability - Complaints,Data Availability - Video,Data Availability - Other,Data Availability - No Data,Data Availability - Unknown,Law Enforcement Investigating?,Investigating Agency,Investigating Agency - Unknown,Rep Ent Or Mfr Investigating?,Investigating Officer Name,Inv. Officer Name - Unknown,Investigating Officer Phone,Inv. Officer Phone - Unknown,Investigating Officer Email,Inv. Officer Email - Unknown,Within ODD?,Within ODD? - CBI,Narrative,Narrative - CBI?
30270-9592,1,Waymo LLC,Monthly,12,2024,JAN-2025,SADHW2S15R1, ,N/A,JLR,I-PACE, ,2024, ,8a54935b6151919,11591, ,None,5th Generation ADS, , ,5th Generation, , ,Version 9, , ,, ,Y,,, ,Y,Yes (specify below),"CA DMV, CA PUC",Yes,ADS,Waymo LLC, , ,Y, , , , , ,,DEC-2024, ,DEC-2024,16:02, ,9c7c76d68622f2c,[MAY CONTAIN PERSONALLY IDENTIFIABLE INFORMATION], ,[MAY CONTAIN PERSONALLY IDENTIFIABLE INFORMATION], ,[MAY CONTAIN PERSONALLY IDENTIFIABLE INFORMATION], ,San Francisco, ,CA ,[MAY CONTAIN PERSONALLY IDENTIFIABLE INFORMATION], ,Street,Wet,No Unusual Conditions,25, ,Daylight, , , ,Y, , , , ,,Passenger Car,No Injuries Reported,Yes,Changing Lanes,No,No, , , , , , , ,Y, , , ,Stopped,No,No,No Passengers in Vehicle,0, ,Y, , , , , , , , , , , , ,Y, ,Y,Y, , ,No,, ,Yes,, ,, ,, ,Yes, ,"On December [XXX], 2024 at 4:02 PM PT a Waymo Autonomous Vehicle (""Waymo AV"") operating in San Francisco, California was in a collision involving a passenger car on [XXX] near [XXX].
The Waymo AV was traveling northbound on [XXX] and came to a stop, as southbound traffic passed double parked cars in the southbound lane. A passenger car traveling behind the Waymo AV began to pass the Waymo AV on the left side, and the passenger side of the passenger car made contact with the rear driver side of the stationary Waymo AV. At the time of the impact, the Waymo AV's Level 4 ADS was engaged in autonomous mode. The passenger car sustained damage.
Waymo is reporting this crash under Request No. 2 of Standing General Order 2021-01. Waymo may supplement or correct its reporting with additional information as it may become available.",
30270-9545,1,Waymo LLC,Monthly,12,2024,JAN-2025,SADHW2S19R1, ,N/A,JLR,I-PACE, ,2024, ,83fe31f470731f0,24273, ,None,5th Generation ADS, , ,5th Generation, , ,Version 9, , ,, ,Y,,, ,Y,Yes (specify below),"CA DMV, CA PUC",Yes,ADS,Waymo LLC, , ,Y, , , , , ,,DEC-2024, ,DEC-2024,18:27, ,ef022148e6892b5,[MAY CONTAIN PERSONALLY IDENTIFIABLE INFORMATION], ,[MAY CONTAIN PERSONALLY IDENTIFIABLE INFORMATION], ,[MAY CONTAIN PERSONALLY IDENTIFIABLE INFORMATION], ,San Francisco, ,CA ,[MAY CONTAIN PERSONALLY IDENTIFIABLE INFORMATION], ,Intersection,Dry,No Unusual Conditions,25, ,Dark - Lighted,Y, , , , , , , ,,Passenger Car,No Injuries Reported,Yes,Making Left Turn,No,No, ,Y, , , , , , , , , ,Stopped,No,No,Yes,0, ,Y, , , , , , , , , , , , ,Y, ,Y,Y, , ,No,, ,Yes,, ,, ,, ,Yes, ,"On December [XXX], 2024 at 6:27 PM PT a Waymo Autonomous Vehicle (""Waymo AV"") operating in San Francisco, California was in a collision involving a passenger car on [XXX] at Interstate [XXX] onramp. 
The Waymo AV was traveling eastbound on [XXX] when it came to a stop within the intersection with Interstate [XXX] onramp due to a queue of traffic on the other side of the intersection. The rear of the Waymo AV partially occupied the lane connecting westbound [XXX] to the Interstate [XXX] onramp. A passenger car was travelling westbound on [XXX], and began making a left turn onto the Interstate [XXX] onramp when the driver side of the passenger car made contact with the rear driver side of the Waymo AV. At the time of the impact, the Waymo AV's Level 4 ADS was engaged in autonomous mode. The Waymo AV sustained damage.
Waymo is reporting this crash under Request No. 2 of Standing General Order 2021-01. Waymo may supplement or correct its reporting with additional information as it may become available.",
30270-9540,1,Waymo LLC,Monthly,12,2024,JAN-2025,SADHW2S18R1, ,N/A,JLR,I-PACE, ,2024, ,d674426385f0fc8,19023, ,None,5th Generation ADS, , ,5th Generation, , ,Version 9, , ,, ,Y,,, ,Y,Yes (specify below),"CA DMV, CA PUC",Yes,ADS,Waymo LLC, , ,Y, , , , , ,,DEC-2024, ,DEC-2024,08:21, ,d504caa3104fdd6,[MAY CONTAIN PERSONALLY IDENTIFIABLE INFORMATION], ,[MAY CONTAIN PERSONALLY IDENTIFIABLE INFORMATION], ,[MAY CONTAIN PERSONALLY IDENTIFIABLE INFORMATION], ,San Francisco, ,CA ,[MAY CONTAIN PERSONALLY IDENTIFIABLE INFORMATION], ,Street,Dry,No Unusual Conditions,25, ,Daylight,Y, , , , , , , ,,Passenger Car,No Injuries Reported,Yes,Backing,No,No,Y, , , , , , , , , , ,Parked,No,No,No Passengers in Vehicle,0, , , , , , , ,Y, , , , , , ,Y, ,Y,Y, , ,No,, ,Yes,, ,, ,, ,Yes, ,"On December[XXX], 2024 at 8:21 AM PT a Waymo Autonomous Vehicle (""Waymo AV"") operating in San Francisco, California was in a collision involving a passenger car on [XXX] near [XXX].
The Waymo AV had pulled up to the curb facing northbound on [XXX] for a requested passenger pickup. While awaiting the passenger, the Waymo AV was partially obstructing access to a residential garage and a passenger car began reversing out of the garage and the rear driver side of the passenger car made contact with the rear passenger side of the Waymo AV. At the time of the impact, the Waymo AV's Level 4 ADS was engaged in autonomous mode. Both vehicles sustained damage.
Waymo is reporting this crash under Request No. 2 of Standing General Order 2021-01. Waymo may supplement or correct its reporting with additional information as it may become available.",
30270-9534,2,Waymo LLC,10-Day Update,,,JAN-2025,SADHW2S18R1, ,N/A,Jaguar,I-Pace, ,2024, ,9cc0c585a1232c1,26165, ,None,5th Generation ADS, , ,5th Generation, , ,Version 9, , ,, ,Y,,, ,Y,Yes (specify below),"CA DMV, CA PUC",Yes,ADS,Waymo LLC, , ,Y, , , , , ,,DEC-2024, ,JAN-2025,07:24, ,7aaa5befcfe5542,[MAY CONTAIN PERSONALLY IDENTIFIABLE INFORMATION], ,[MAY CONTAIN PERSONALLY IDENTIFIABLE INFORMATION], ,[MAY CONTAIN PERSONALLY IDENTIFIABLE INFORMATION], ,San Francisco, ,CA ,[MAY CONTAIN PERSONALLY IDENTIFIABLE INFORMATION], ,Street,Dry,No Unusual Conditions,20, ,Daylight, , ,Y, , , , , ,,Passenger Car,No Injuries Reported,Yes,Passing,No,No, , , , , , , ,Y, , , ,Stopped,No,No,No Passengers in Vehicle,0, ,Y, , , , , , , , , , , , ,Y, ,Y,Y, , ,No,, ,Yes,, ,, ,, ,Yes, ,"The content of this report is unchanged from the initial report submitted on January 2, 2025 [REDACTED, MAY CONTAIN CONFIDENTIAL BUSINESS INFORMATION]. 
On Monday, December [XXX], 2024 at 7:24 AM PST, a Waymo Autonomous Vehicle (""Waymo AV"") operating in San Francisco, California was in a collision involving a passenger car on [XXX] at [XXX].
The Waymo AV turned left from eastbound [XXX] onto northbound [XXX] and began entering the rightmost of two northbound lanes on [XXX] when it encountered a second Waymo AV which was stopped partially on the shoulder and partially in the rightmost lane for a passenger pickup. The Waymo AV that had just made its turn passed the stationary Waymo AV partially in the leftmost northbound lane of [XXX] when a pedestrian stepped into the roadway from between parked cars on the east side of [XXX]he Waymo AV came to a stop to yield to the pedestrian. After the Waymo AV came to a stop, a passenger car traveling behind the Waymo AV passed the Waymo AV on the left side and the rear passenger door of the passenger car made contact with the rear left sensor of the Waymo AV.
At the time of the impact, the Waymo AV's Level 4 ADS was engaged in autonomous mode. Waymo received notice of damage to the passenger car based on additional data which was not available until Wednesday, January 1, 2025.
Waymo is reporting this crash under Request No. 1 of Standing General Order 2021-01 because a vulnerable road user influenced the driving task of a vehicle involved. Waymo may supplement or correct its reporting with additional information as it may become available.",
30610-9577,1,"Zoox, Inc.",Monthly,12,2024,JAN-2025,5TDDGRFH5KS, ,[MAY CONTAIN PERSONALLY IDENTIFIABLE INFORMATION],Toyota,Highlander, ,2019, ,d0d9d68cb7719b1,74920, ,In-Vehicle (Commercial / Test),215.24.12.29, , ,215.24.12.29, , ,215.24.12.29, , ,, ,Y,,, ,Y,Yes (specify below),NV DMV AVT Permit,Yes,ADS,Zoox, , , , ,Y,Y, , ,,DEC-2024, ,DEC-2024,08:37, ,0f204a37a664e35,[MAY CONTAIN PERSONALLY IDENTIFIABLE INFORMATION], ,[MAY CONTAIN PERSONALLY IDENTIFIABLE INFORMATION], ,[MAY CONTAIN PERSONALLY IDENTIFIABLE INFORMATION], ,Spring Valley, ,CA ,[MAY CONTAIN PERSONALLY IDENTIFIABLE INFORMATION], ,Street,Dry,No Unusual Conditions,45, ,Daylight,Y, , , , , , , ,,Passenger Car,Minor,Yes,Making Right Turn,No,No, , ,Y, , ,Y, , , , , ,Making Right Turn,No,No,Yes,0, , , , ,Y, , ,Y, , , , , , ,Y, ,Y, , , ,No,, ,No,, ,, ,, ,Yes, ,"A Zoox vehicle (Vehicle 1) in autonomous mode was in the process of making a right turn at a traffic light from westbound [XXX] onto [XXX] in Spring Valley, NV. The Zoox vehicle advanced and then gradually slowed to a stop as it yielded to cross traffic. The Zoox vehicle then advanced and slowed gradually to a stop, again, to yield to cross traffic when it was rear-ended by a passenger car (Vehicle 2) behind. The safety operator disengaged after the collision. The Zoox vehicle sustained minor damage and the passenger car appeared to have also sustained minor damage. Both parties exchanged information. The police were not called.  Subsequently, the Zoox vehicle operator reported back pain.",
30270-9537,1,Waymo LLC,5-Day,,,JAN-2025,SADHW2S1XR1, ,N/A,Jaguar,I-Pace, ,2024, ,30d416716606fc7,9925, ,None,5th Generation ADS, , ,5th Generation, , ,Version 9, , ,, ,Y,,, ,Y,Yes (specify below),"CA DMV, CA PUC",Yes,ADS,Waymo LLC, , ,Y, , , , , ,,JAN-2025, ,JAN-2025,22:48, ,c4d5edfdb26fd2a,[MAY CONTAIN PERSONALLY IDENTIFIABLE INFORMATION], ,[MAY CONTAIN PERSONALLY IDENTIFIABLE INFORMATION], ,[MAY CONTAIN PERSONALLY IDENTIFIABLE INFORMATION], ,San Francisco, ,CA ,[MAY CONTAIN PERSONALLY IDENTIFIABLE INFORMATION], ,Street,Dry,No Unusual Conditions,25, ,Dark - Lighted,Y, , , , , , , ,,Passenger Car,No Injuries Reported,Yes,Proceeding Straight,No,No, , , , , , , ,Y, , , ,Stopped,No,Yes,No Passengers in Vehicle,0, , ,Y, , , , , , , , , , , ,Y, ,Y,Y, , ,Yes,San Francisco Police Department, ,Yes,[MAY CONTAIN PERSONALLY IDENTIFIABLE INFORMATION], ,[MAY CONTAIN PERSONALLY IDENTIFIABLE INFORMATION], ,,Y,Yes, ,"On January [XXX], 2025 at 10:48 PM PT a Waymo Autonomous Vehicle (""Waymo AV"") operating in San Francisco, California was in a collision involving a passenger car on [XXX] at [XXX]. 
The Waymo AV was parked at the curb facing east on [XXX] when a passenger car traveling east on [XXX] passed the Waymo AV.  As the passenger car passed the parked Waymo AV, the sideview mirror on the passenger side of the passenger car made contact with the sideview mirror on the driver side of the Waymo AV.  At the time of the impact, the Waymo AV's Level 4 ADS was engaged in autonomous mode. The Waymo AV sustained damage and the passenger car left the scene.
Waymo is reporting this crash under Request No. 1 of Standing General Order 2021-01. A vehicle involved was towed away. Waymo may supplement or correct its reporting with additional information as it may become available.",
30270-9534,1,Waymo LLC,1-Day,,,JAN-2025,SADHW2S18R1, ,N/A,Jaguar,I-Pace, ,2024, ,9cc0c585a1232c1,26165, ,None,5th Generation ADS, , ,5th Generation, , ,Version 9, , ,, ,Y,,, ,Y,Yes (specify below),"CA DMV, CA PUC",Yes,ADS,Waymo LLC, , ,Y, , , , , ,,DEC-2024, ,JAN-2025,07:24, ,7aaa5befcfe5542,[MAY CONTAIN PERSONALLY IDENTIFIABLE INFORMATION], ,[MAY CONTAIN PERSONALLY IDENTIFIABLE INFORMATION], ,[MAY CONTAIN PERSONALLY IDENTIFIABLE INFORMATION], ,San Francisco, ,CA ,[MAY CONTAIN PERSONALLY IDENTIFIABLE INFORMATION], ,Street,Dry,No Unusual Conditions,20, ,Daylight, , ,Y, , , , , ,,Passenger Car,No Injuries Reported,Yes,Passing,No,No, , , , , , , ,Y, , , ,Stopped,No,No,No Passengers in Vehicle,0, ,Y, , , , , , , , , , , , ,Y, ,Y,Y, , ,No,, ,Yes,, ,, ,, ,Yes, ,"On Monday, December [XXX], 2024 at 7:24 AM PST, a Waymo Autonomous Vehicle (""Waymo AV"") operating in San Francisco, California was in a collision involving a passenger car on [XXX] at [XXX].
The Waymo AV turned left from eastbound [XXX] onto northbound [XXX] and began entering the rightmost of two northbound lanes on [XXX] when it encountered a second Waymo AV which was stopped partially on the shoulder and partially in the rightmost lane for a passenger pickup. The Waymo AV that had just made its turn passed the stationary Waymo AV partially in the leftmost northbound lane of [XXX] when a pedestrian stepped into the roadway from between parked cars on the east side of [XXX]. The Waymo AV came to a stop to yield to the pedestrian. After the Waymo AV came to a stop, a passenger car traveling behind the Waymo AV passed the Waymo AV on the left side and the rear passenger door of the passenger car made contact with the rear left sensor of the Waymo AV.
At the time of the impact, the Waymo AV's Level 4 ADS was engaged in autonomous mode. Waymo received notice of damage to the passenger car based on additional data which was not available until Wednesday, January 1, 2025.
Waymo is reporting this crash under Request No. 1 of Standing General Order 2021-01 because a vulnerable road user influenced the driving task of a vehicle involved. Waymo may supplement or correct its reporting with additional information as it may become available.",
30270-9486,1,Waymo LLC,5-Day,,,DEC-2024,SADHW2S15R1, ,N/A,JLR,I-PACE, ,2024, ,df8722be6f54146,39147, ,None,5th Generation ADS, , ,5th Generation, , ,Version 9, , ,, ,Y,,, ,Y,Yes (specify below),"CA DMV, CA PUC",Yes,ADS,Waymo LLC, , ,Y, , , , , ,,DEC-2024, ,DEC-2024,12:28, ,31ac0a533520455,[MAY CONTAIN PERSONALLY IDENTIFIABLE INFORMATION], ,[MAY CONTAIN PERSONALLY IDENTIFIABLE INFORMATION], ,[MAY CONTAIN PERSONALLY IDENTIFIABLE INFORMATION], ,San Francisco, ,CA ,[MAY CONTAIN PERSONALLY IDENTIFIABLE INFORMATION], ,Street,Dry,No Unusual Conditions,25, ,Daylight,Y, , , , , , , ,,Passenger Car,No Injuries Reported,Yes,Proceeding Straight,No,No, , , , , ,Y, , , , , ,Proceeding Straight,No,Yes,Yes,2, , , , ,Y, , , , , , , , , ,Y, ,Y, , , ,No,, ,Yes,, ,, ,, ,Yes, ,"On December [XXX], 2024 at 12:28 PM PT a Waymo Autonomous Vehicle (Waymo AV) operating in San Francisco, California was in a collision involving a passenger car on [XXX] near [XXX]. 
The Waymo AV was traveling on northbound [XXX] and slowed down to a stop for a queue of traffic. A passenger car approached the Waymo AV from behind,and the front of the passenger car made contact with the rear of the Waymo AV. At the time of the impact, the Waymo AVs Level 4 ADS was engaged in autonomous mode. Both vehicles sustained damage.
Waymo is reporting this crash under Request No. 1 of Standing General Order 2021-01 because a vehicle involved was towed away. Waymo may supplement or correct its reporting with additional information as it may become available.",
30270-9391,2,Waymo LLC,10-Day Update,,,DEC-2024,SADHW2S14R1, ,N/A,Jaguar,I-Pace, ,2024, ,1bb413623483473,11458, ,None,5th generation ADS, , ,5th generation, , ,version 9, , ,, ,Y,,, ,Y,Yes (specify below),"CA PUC, CA DMV",Yes,ADS,Waymo LLC, , ,Y, , , , , ,,DEC-2024, ,DEC-2024,21:32, ,51fddeccedd918b,[MAY CONTAIN PERSONALLY IDENTIFIABLE INFORMATION], ,[MAY CONTAIN PERSONALLY IDENTIFIABLE INFORMATION], ,[MAY CONTAIN PERSONALLY IDENTIFIABLE INFORMATION], ,San Francisco, ,CA ,[MAY CONTAIN PERSONALLY IDENTIFIABLE INFORMATION], ,Street,Dry,No Unusual Conditions,20, ,Dark - Lighted, , ,Y, , , , , ,,Passenger Car,No Injuries Reported,Yes,Proceeding Straight,No,No, , ,Y, , ,Y, , ,Y, , ,Stopped,No,No,Yes,0, ,Y, , ,Y, , , , , , , , , ,Y, ,Y,Y, , ,No,, ,Yes,, ,, ,, ,Yes, ,"The content of this report is unchanged from the initial report submitted on December 15, 2024 [REDACTED, MAY CONTAIN CONFIDENTIAL BUSINESS INFORMATION]. 
On Saturday, December [XXX] 2024 at 9:32 PM PT a Waymo Autonomous Vehicle (Waymo AV) operating in San Francisco, CA was in a collision involving a passenger car on [XXX] between [XXX] and [XXX]. 
The Waymo AV was traveling east on [XXX] on the left lane when it encountered a double-parked vehicle displaying hazard lights in its lane.  A second vehicle was stopped in front of the double-parked vehicle in the same lane.  The Waymo AV proceeded into the dedicated bus / taxi lane on the right to pass both vehicles. As the Waymo AV passed the second stopped vehicle, a pedestrian began crossing the street from the right side of the Waymo AV. The Waymo AV applied braking, turned left and came to a stop to yield to the pedestrian. Simultaneously, the second stopped vehicle, now behind the Waymo AV, began to pull out, crossing into the dedicated bus / taxi lane on the right and making contact with the rear driver side of the Waymo AV. At the time of the impact, the Waymo AVs Level 4 ADS was engaged in autonomous mode. The Waymo AV sustained damage.
Waymo is reporting this crash under Request No. 1 of Standing General Order 2021-01 because a vulnerable road user influenced the driving task of a vehicle involved. Waymo may supplement or correct its reporting with additional information as it may become available.",
30270-9476,1,Waymo LLC,1-Day,,,DEC-2024,SADHW2S11M1, ,N/A,Jaguar,I-PACE, ,2021, ,50847c2836d5087,139057, ,In-Vehicle (Commercial / Test),5th Generation ADS, , ,5th Generation, , ,Version 9, , ,Transdev Alternative Services, , ,,, ,Y,Yes (specify below),"CA DMV, CA PUC",Yes,ADS,Waymo LLC, , ,Y, , , , , ,,DEC-2024, ,DEC-2024,20:28, ,1988e25397f633d,[MAY CONTAIN PERSONALLY IDENTIFIABLE INFORMATION], ,[MAY CONTAIN PERSONALLY IDENTIFIABLE INFORMATION], ,[MAY CONTAIN PERSONALLY IDENTIFIABLE INFORMATION], ,Los Angeles, ,CA ,[MAY CONTAIN PERSONALLY IDENTIFIABLE INFORMATION], ,Intersection,Dry,No Unusual Conditions,35, ,Dark - Lighted,Y, , , , , , , ,,Passenger Car,Moderate,Yes,Traveling Wrong Way,Yes,Yes, , ,Y, , ,Y, , ,Y, , ,Stopped,No,Yes,Yes,0, ,Y, ,Y, , ,Y, , ,Y, , , , ,Y, ,Y, , , ,Yes,Los Angeles Police Department, ,Yes,[MAY CONTAIN PERSONALLY IDENTIFIABLE INFORMATION], ,,Y,,Y,Yes, ,"On December [XXX], 2024 at 8:28 PM PT a Waymo Autonomous Vehicle (Waymo AV) operating in Los Angeles, CA was in a collision involving multiple passenger cars on [XXX] at [XXX].
The Waymo AV was stopped at a red light as the lead vehicle in the second from the right lane when an SUV in an oncoming traffic lane ran the red light and swerved into the Waymo AVs lane, contacting the front of the Waymo AV. The impact from the oncoming vehicle caused the Waymo AV to contact two other vehicles that were also stationary next to the Waymo AV at the red traffic light. At the time of the impact, the Waymo AVs Level 4 ADS was engaged in autonomous mode, and a test driver was present (in the drivers seating position). The Waymo AV sustained damage to the front of the vehicle, necessitating a tow from the scene. The oncoming vehicle sustained damage to the front passenger side. One of the stationary vehicles that was contacted sustained damage to the front driver side and the other stationary vehicle that was contacted sustained damage to the rear passenger side door. The Waymo test driver was transported to a local hospital for medical treatment.
Waymo is reporting this crash under Request No. 1 of Standing General Order 2021-01 because an individual involved was transported from the scene to a hospital for medical treatment, and a vehicle involved was towed away. Waymo may supplement or correct its reporting with additional information as it may become available.",
30270-9334,2,Waymo LLC,10-Day Update,,,DEC-2024,SADHW2S14R1, ,N/A,Jaguar,I-Pace, ,2024, ,7d25bf1eda31032,15849, ,None,5th Generation ADS, , ,5th Generation, , ,Version 9, , ,, ,Y,,, ,Y,Yes (specify below),"CA PUC, CA DMV",Yes,ADS,Waymo LLC, , ,Y, , , , , ,,DEC-2024, ,DEC-2024,14:21, ,bd466c870547afe,[MAY CONTAIN PERSONALLY IDENTIFIABLE INFORMATION], ,[MAY CONTAIN PERSONALLY IDENTIFIABLE INFORMATION], ,[MAY CONTAIN PERSONALLY IDENTIFIABLE INFORMATION], ,San Francisco, ,CA ,[MAY CONTAIN PERSONALLY IDENTIFIABLE INFORMATION], ,Intersection,Dry,No Unusual Conditions,25, ,Daylight, , ,Y, , , , , ,,Passenger Car,No Injuries Reported,Yes,Making Left Turn,No,No, , ,Y, , , , , , , , ,Stopped,No,No,Yes,0, ,Y, , , , , , , , , , , , ,Y, ,Y,Y, , ,No,, ,Yes,, ,, ,, ,Yes, ,"The content of this report is unchanged from the initial report submitted on December 12th, 2024 [REDACTED, MAY CONTAIN CONFIDENTIAL BUSINESS INFORMATION]
On Wednesday, December [XXX], 2024 at 2:21 PM PST, a Waymo Autonomous Vehicle (""Waymo AV"") operating in San Francisco, California was in a collision involving a passenger car on [XXX]  at [XXX].
The Waymo AV was traveling east on [ passing the intersection with [XXX] when a passenger car proceeded partially into the intersection from southbound [XXX]. Both vehicles came to a stop within the intersection before the Waymo AV began proceeding  east on [XXX]. At the same time, a pedestrian was standing in the roadway beside th`e driver's door of a mail truck stopped on eastbound [XXX] just east of the intersection with [XXX]. The pedestrian turned from the mail truck and began to cross east [XXX]. The Waymo AV braked and came to a stop to yield to the pedestrian, while the passenger car entering the intersection from [XXX] began a left turn onto eastbound [XXX]. The front driver side of the passenger car then made contact with the rear driver side of the Waymo AV. At the time of the impact, the Waymo AV's Level 4 ADS was engaged in autonomous mode. Both vehicles sustained damage.
Waymo is reporting this crash under Request No. 1 of Standing General Order 2021-01 because a vulnerable road user influenced the driving task of a vehicle involved. Waymo may supplement or correct its reporting with additional information as it may become available.",
30610-7819,2,"Zoox, Inc.",Update,,,DEC-2024,7Z00XVHX5PK, ,N/A,Zoox,sedan, ,2023, ,54348dab214fc94,8136, ,None,B215.23.30, , ,B215.23.30, , ,B215.23.30, , ,, ,Y,,, ,Y,Yes (specify below),CA DMV AVT Permit,Yes,ADS,Zoox, , , , ,Y,Y, , ,,MAY-2024, ,MAY-2024,16:02, ,3979ce2cb9bbf11,[MAY CONTAIN PERSONALLY IDENTIFIABLE INFORMATION], ,[MAY CONTAIN PERSONALLY IDENTIFIABLE INFORMATION], ,[MAY CONTAIN PERSONALLY IDENTIFIABLE INFORMATION], ,Foster City, ,CA ,[MAY CONTAIN PERSONALLY IDENTIFIABLE INFORMATION], ,Street,Dry,No Unusual Conditions,25, ,Daylight,Y, , , , , , , ,,Passenger Car,Minor,Yes,Entering Traffic,No,Unknown, ,Y,Y, , , , , , , , ,Proceeding Straight,No,Yes,Yes,13, , , , , , , , , ,Y, , , , ,Y, ,Y, , , ,No,, ,No,, ,, ,, ,Yes, ,"A Zoox vehicle (Vehicle 1) in autonomy was traveling westbound on [XXX] in [XXX] when a parallel-parked passenger car (Vehicle 2) abruptly entered the Zoox vehicle's travel lane from a parking space in the right parking lane without yielding or activating a turn signal. Vehicle 2 made contact with the right front side and wheel of the Zoox vehicle, and the Zoox vehicle made contact with the driver's side door and left front tire/wheel well of the passenger car. Both vehicles sustained moderate damage and the Zoox vehicle was towed from the scene. There were no reported injuries at that time and police were not called. Zoox is submitting this updated report to include new information on an unspecified ""soft tissue injury"" claim received on December 3, 2024, from one of the passengers in Vehicle 2.  This update provides complete information to date for this incident.",
30270-9429,1,Waymo LLC,Monthly,11,2024,DEC-2024,SADHW2S13R1, ,N/A,Jaguar,I-Pace, ,2024, ,874470673dd522d,9974, ,None,5th Generation ADS, , ,5th Generation, , ,Version 9, , ,, ,Y,,, ,Y,Yes (specify below),"CA DMV, CA PUC  ",Yes,ADS,Waymo LLC, , ,Y, , , , , ,,NOV-2024, ,NOV-2024,01:57, ,d5467fe65a028e3,[MAY CONTAIN PERSONALLY IDENTIFIABLE INFORMATION], ,[MAY CONTAIN PERSONALLY IDENTIFIABLE INFORMATION], ,[MAY CONTAIN PERSONALLY IDENTIFIABLE INFORMATION], ,San Francisco, ,CA ,[MAY CONTAIN PERSONALLY IDENTIFIABLE INFORMATION], ,Street,Dry,No Unusual Conditions,25, ,Dark - Lighted,Y, , , , , , , ,,Passenger Car,No Injuries Reported,Yes,Proceeding Straight,No,No, , , , , , , ,Y, , , ,Parked,No,No,No Passengers in Vehicle,0, ,Y, , , , , , , , , , , , ,Y, ,Y,Y, , ,No,, ,Yes,, ,, ,, ,Yes, ,"On November [XXX], 2024 at 1:57 AM PT a Waymo Autonomous Vehicle (Waymo AV) operating in San Francisco, California was in a collision involving a passenger car on [XXX] near [XXX].
The Waymo AV was parked at the curb facing southwest on [XXX] when a passenger car traveling southwest on [XXX] passed the Waymo AV. As the passenger car passed the parked Waymo AV, the passenger side of the passenger car made contact with the rear driver side of the Waymo AV. At the time of the impact, the Waymo AVs Level 4 ADS was engaged in autonomous mode. Both vehicles sustained damage.
Waymo is reporting this crash under Request No. 2 of Standing General Order 2021-01. Waymo may supplement or correct its reporting with additional information as it may become available.",