Report ID,Report Version,Reporting Entity,Report Type,Report Month,Report Year,Report Submission Date,VIN,VIN - Unknown,Serial Number,Make,Model,Model - Unknown,Model Year,Model Year - Unknown,Same Vehicle ID,Mileage,Mileage - Unknown,Driver / Operator Type,ADAS/ADS System Version,ADAS/ADS System Version - Unk,ADAS/ADS System Version CBI,ADAS/ADS Hardware Version,ADAS/ADS Hardware Version - Unk,ADAS/ADS Hardware Version CBI,ADAS/ADS Software Version,ADAS/ADS Software Version - Unk,ADAS/ADS Software Version CBI,Other Reporting Entities?,Other Reporting Entities? - Unk,Other Reporting Entities? - NA,Federal Regulatory Exemption?,Other Federal Reg. Exemption,Federal Reg. Exemption - Unk,Federal Reg. Exemption - No,State or Local Permit?,State or Local Permit,ADS Equipped?,Automation System Engaged?,Operating Entity,Operating Entity - Unknown,Source - Complaint/Claim,Source - Telematics,Source - Law Enforcement,Source - Field Report,Source - Testing,Source - Media,Source - Other,Source - Other Text,Incident Date,Incident Date - Unknown,Notice Received Date,Incident Time (24:00),Incident Time - Unknown,Same Incident ID,Latitude,Latitude - Unknown,Longitude,Longitude - Unknown,Address,Address - Unknown,City,City - Unknown,State,Zip Code,Zip Code - Unknown,Roadway Type,Roadway Surface,Roadway Description,Posted Speed Limit (MPH),Posted Speed Limit - Unknown,Lighting,Weather - Clear,Weather - Snow,Weather - Cloudy,Weather - Fog/Smoke,Weather - Rain,Weather - Severe Wind,Weather - Unknown,Weather - Other,Weather - Other Text,Crash With,Highest Injury Severity Alleged,Property Damage?,CP Pre-Crash Movement,CP Any Air Bags Deployed?,CP Was Vehicle Towed?,CP Contact Area - Rear Left,CP Contact Area - Left,CP Contact Area - Front Left,CP Contact Area - Rear,CP Contact Area - Top,CP Contact Area - Front,CP Contact Area - Rear Right,CP Contact Area - Right,CP Contact Area - Front Right,CP Contact Area - Bottom,CP Contact Area - Unknown,SV Pre-Crash Movement,SV Any Air Bags Deployed?,SV Was Vehicle Towed?,SV Were All Passengers Belted?,SV Precrash Speed (MPH),SV Pre-crash Speed - Unknown,SV Contact Area - Rear Left,SV Contact Area - Left,SV Contact Area - Front Left,SV Contact Area - Rear,SV Contact Area - Top,SV Contact Area - Front,SV Contact Area - Rear Right,SV Contact Area - Right,SV Contact Area - Front Right,SV Contact Area - Bottom,SV Contact Area - Unknown,Data Availability - EDR,Data Availability - Police Rpt,Data Availability - Telematics,Data Availability - Complaints,Data Availability - Video,Data Availability - Other,Data Availability - No Data,Data Availability - Unknown,Law Enforcement Investigating?,Investigating Agency,Investigating Agency - Unknown,Rep Ent Or Mfr Investigating?,Investigating Officer Name,Inv. Officer Name - Unknown,Investigating Officer Phone,Inv. Officer Phone - Unknown,Investigating Officer Email,Inv. Officer Email - Unknown,Within ODD?,Within ODD? - CBI,Narrative,Narrative - CBI?
30270-8979,2,Waymo LLC,Update,,,OCT-2024,SADHW2S17R1, ,N/A,Jaguar,I-Pace, ,2024, ,8728edfe6c7deed,20994, ,None,5th Generation ADS, , ,5th Generation, , ,Version 9, , ,, ,Y,,, ,Y,Yes (specify below),"CA PUC, CA DMV",Yes,ADS,Waymo LLC, , ,Y, , , , , ,,OCT-2024, ,OCT-2024,13:57, ,312ced3d6dc57f8,[MAY CONTAIN PERSONALLY IDENTIFIABLE INFORMATION], ,[MAY CONTAIN PERSONALLY IDENTIFIABLE INFORMATION], ,[MAY CONTAIN PERSONALLY IDENTIFIABLE INFORMATION], ,San Francisco, ,CA ,[MAY CONTAIN PERSONALLY IDENTIFIABLE INFORMATION], ,Street,Dry,No Unusual Conditions,25, ,Daylight,Y, , , , , , , ,,Passenger Car,No Injuries Reported,Yes,Passing,No,No, , , , , , ,Y,Y, , , ,Stopped,No,No,Yes,0, ,Y, , , , , , , , , , , , ,Y, ,Y,Y, , ,No,, ,Yes,, ,, ,, ,Yes, ,"This is an update to previously submitted report 30270-8979-1, submitted on October 30, 2024. The previous report indicated that the time of collision was 1:57. The actual time of collision was 13:57. The other contents of the report remain unchanged.
On October [XXX], 2024 at 1:57 PM PT a Waymo Autonomous Vehicle (""Waymo AV"") operating in San Francisco, California was in a collision involving a passenger vehicle on [XXX] at [XXX].
The Waymo AV was traveling eastbound on [XXX] toward the intersection with [XXX], and traveling to the left around a parked truck when a cyclist traveling in the same direction passed the Waymo AV on the left. The Waymo AV detected that contact with the cyclist may have been made and came to a stop, but the cyclist continued without slowing or stopping. The passenger vehicle behind the Waymo AV then attempted to maneuver to the left around the stopped Waymo AV, and the passenger side of the passenger car made contact with the driver side rear corner of the Waymo AV. At the time of the impact, the Waymo AV's Level 4 ADS was engaged in autonomous mode. The passenger vehicle sustained damage.
Waymo is reporting this crash under Request No. 1 of Standing General Order 2021-01 because a vulnerable road user influenced the driving task of a vehicle involved. Waymo may supplement or correct its reporting with additional information as it may become available.",
30270-8979,1,Waymo LLC,1-Day,,,OCT-2024,SADHW2S17R1, ,N/A,Jaguar,I-Pace, ,2024, ,8728edfe6c7deed,20994, ,None,5th Generation ADS, , ,5th Generation, , ,Version 9, , ,, ,Y,,, ,Y,Yes (specify below),"CA PUC, CA DMV",Yes,ADS,Waymo LLC, , ,Y, , , , , ,,OCT-2024, ,OCT-2024,1:57, ,312ced3d6dc57f8,[MAY CONTAIN PERSONALLY IDENTIFIABLE INFORMATION], ,[MAY CONTAIN PERSONALLY IDENTIFIABLE INFORMATION], ,[MAY CONTAIN PERSONALLY IDENTIFIABLE INFORMATION], ,San Francisco, ,CA ,[MAY CONTAIN PERSONALLY IDENTIFIABLE INFORMATION], ,Street,Dry,No Unusual Conditions,25, ,Daylight,Y, , , , , , , ,,Passenger Car,No Injuries Reported,Yes,Passing,No,No, , , , , , ,Y,Y, , , ,Stopped,No,No,Yes,0, ,Y, , , , , , , , , , , , ,Y, ,Y,Y, , ,No,, ,Yes,, ,, ,, ,Yes, ,"On October [XXX], 2024 at 1:57 PM PT a Waymo Autonomous Vehicle (""Waymo AV"") operating in San Francisco, California was in a collision involving a passenger vehicle on [XXX] at [XXX].
The Waymo AV was traveling eastbound on [XXX] toward the intersection with [XXX], and traveling to the left around a parked truck when a cyclist traveling in the same direction passed the Waymo AV on the left. The Waymo AV detected that contact with the cyclist may have been made and came to a stop, but the cyclist continued without slowing or stopping. The passenger vehicle behind the Waymo AV then attempted to maneuver to the left around the stopped Waymo AV, and the passenger side of the passenger car made contact with the driver side rear corner of the Waymo AV. At the time of the impact, the Waymo AV's Level 4 ADS was engaged in autonomous mode. The passenger vehicle sustained damage.
Waymo is reporting this crash under Request No. 1 of Standing General Order 2021-01 because a vulnerable road user influenced the driving task of a vehicle involved. Waymo may supplement or correct its reporting with additional information as it may become available.",
30270-8966,1,Waymo LLC,5-Day,,,OCT-2024,SADHW2S19R1, ,N/A,Jaguar,I-Pace, ,2024, ,19f3ad6d393de82,3075, ,None,5th Generation ADS, , ,5th Generation, , ,Version 9, , ,, ,Y,,, ,Y,Yes (specify below),"CA DMV, CA PUC",Yes,ADS,Waymo LLC, , ,Y, , , , , ,,OCT-2024, ,OCT-2024,23:10, ,acfaefbc0abe2a9,[MAY CONTAIN PERSONALLY IDENTIFIABLE INFORMATION], ,[MAY CONTAIN PERSONALLY IDENTIFIABLE INFORMATION], ,[MAY CONTAIN PERSONALLY IDENTIFIABLE INFORMATION], ,San Francisco, ,CA ,[MAY CONTAIN PERSONALLY IDENTIFIABLE INFORMATION], ,Street,Dry,No Unusual Conditions,35, ,Dark - Lighted,Y, , , , , , , ,,Passenger Car,No Injuries Reported,Yes,Proceeding Straight,No,No, , , , , ,Y, , , , , ,Making Left Turn,No,Yes,Yes,9, , ,Y, , , , , , , , , , , ,Y, ,Y,Y, , ,No,, ,Yes,, ,, ,, ,Yes, ,"On October [XXX], 2024 at 11:10 PM PT a Waymo Autonomous Vehicle (""Waymo AV"") operating in San Francisco, California was in a collision involving a passenger car on [XXX] at [XXX].
The Waymo AV was traveling south on [XXX] when it activated its left turn signal and began to slow, preparing for an unprotected left turn onto [XXX]. As the Waymo AV began the left turn, a passenger car that was previously stopped at the stop sign on [XXX] facing [XXX] proceeded straight into the intersection, and the front of the passenger car made contact with the driver side of the Waymo AV. At the time of the impact, the Waymo AV's Level 4 ADS was engaged in autonomous mode. Both vehicles sustained damage.
Waymo is reporting this crash under Request No. 1 of Standing General Order 2021-01 because a vehicle involved was towed away. Waymo may supplement or correct its reporting with additional information as it may become available.",
30270-8943,1,Waymo LLC,5-Day,,,OCT-2024,SADHW2S13R1, ,N/A,Jaguar,I-Pace, ,2024, ,14aa9e06c039169,26745, ,None,5th Generation ADS, , ,5th Generation, , ,Version 9, , ,, ,Y,,, ,Y,Yes (specify below),"CA DMV, CA PUC",Yes,ADS,Waymo LLC, , ,Y, , , , , ,,OCT-2024, ,OCT-2024,21:59, ,144c52c5ef2a2ee,[MAY CONTAIN PERSONALLY IDENTIFIABLE INFORMATION], ,[MAY CONTAIN PERSONALLY IDENTIFIABLE INFORMATION], ,[MAY CONTAIN PERSONALLY IDENTIFIABLE INFORMATION], ,San Francisco, ,CA ,[MAY CONTAIN PERSONALLY IDENTIFIABLE INFORMATION], ,Intersection,Dry,No Unusual Conditions,25, ,Dark - Lighted,Y, , , , , , , ,,Passenger Car,No Injuries Reported,Yes,Traveling Wrong Way,No,No, , ,Y, , , , , , , , ,Making Right Turn,No,Yes,Yes,4, , , ,Y, , , , , , , , , , ,Y, ,Y,Y, , ,No,, ,Yes,, ,, ,, ,Yes, ,"On October [XXX], 2024 at 9:59 PM PT a Waymo Autonomous Vehicle (Waymo AV) operating in San Francisco, California was in a collision involving a passenger car on [XXX] at [XXX].  
The Waymo AV was traveling north on [XXX] when it made a right turn onto eastbound [XXX]. Immediately after the Waymo AV had completed its right turn onto eastbound [XXX], a passenger car that had crossed over the double solid yellow line and was traveling in the opposite direction, proceeded straight in the same lane the Waymo AV was occupying. The front driver side of the passenger car then made contact with the front driver side of the Waymo AV. At the time of the impact, the Waymo AVs Level 4 ADS was engaged in autonomous mode. Both vehicles sustained damage and the passenger car left the scene. 
Waymo is reporting this crash under Request No. 1 of Standing General Order 2021-01 because a vehicle involved was towed away. Waymo may supplement or correct its reporting with additional information as it may become available.",
30270-8940,2,Waymo LLC,Update,,,OCT-2024,SADHW2S19R1, ,N/A,Jaguar,I-Pace, ,2024, ,a64814bf1ec68ee,18194, ,None,5th Generation ADS, , ,5th Generation, , ,Version 9, , ,, ,Y,,, ,Y,Yes (specify below),"CA DMV, CA PUC",Yes,ADS,Waymo LLC, , ,Y, , , , , ,,OCT-2024, ,OCT-2024,15:58, ,5495e0dccac8dca,[MAY CONTAIN PERSONALLY IDENTIFIABLE INFORMATION], ,[MAY CONTAIN PERSONALLY IDENTIFIABLE INFORMATION], ,[MAY CONTAIN PERSONALLY IDENTIFIABLE INFORMATION], ,San Francisco, ,CA ,[MAY CONTAIN PERSONALLY IDENTIFIABLE INFORMATION], ,Intersection,Dry,No Unusual Conditions,25, ,Daylight,Y, , , , , , , ,,Passenger Car,No Injuries Reported,Yes,Proceeding Straight,No,Yes, , , , , ,Y, , , , , ,Stopped,No,No,Yes,0, , , , ,Y, , , , , , , , , ,Y, ,Y,Y, , ,No,, ,Yes,, ,, ,, ,Yes, ,"Waymo is submitting this updated report to correct the reported ""Crash With"" field from SUV to passenger car. This updated report is being submitted the same day the original report was submitted, October 22, 2024. The remainder of the report and narrative is unchanged.
On October [XXX], 2024 at 3:58 PM PT a Waymo Autonomous Vehicle (""Waymo AV"") operating in San Francisco, California was in a collision involving a passenger car on  [XXX] at [XXX]. 
The Waymo AV was traveling south in the left lane on [XXX] and came to a stop in a queue of traffic for the red traffic light at the intersection with [XXX]. As the Waymo AV approached the intersection and came to a stop, a passenger car which was following behind the Waymo AV at a low rate of speed approached the Waymo AV from behind and partially crossed into the right-hand travel lane. The passenger car continued proceeding slowly forward until the front of the passenger car made contact with the rear of the Waymo AV. After contact occurred, the passenger car remained in contact with the rear of the Waymo AV, and several bystanders approached the passenger car, attempting to communicate with the driver. Once the traffic light turned green, the Waymo AV proceeded through the intersection and pulled over at the curb on the south side of the intersection to avoid obstructing other traffic. While the Waymo AV proceeded through the intersection, the passenger car continued to roll forward into the intersection, and was stopped by several bystanders. Law enforcement communicated to Waymo that the driver of the passenger car was experiencing a medical emergency and was transported from the scene in an ambulance. At the time of the impact, the Waymo AV's Level 4 ADS was engaged in autonomous mode. Both vehicles sustained damage.
Waymo is reporting this crash under Request No. 1 of Standing General Order 2021-01. Waymo may supplement or correct its reporting with additional information as it may become available.",
30531-8905,1,Transdev Alternative Services,Monthly,9,2024,OCT-2024,SADHW2S17M1, ,N/A,Jaguar,I-Pace, ,2021, ,0c7d2b6074c7190,128623, ,In-Vehicle (Commercial / Test),5th Generation ADS, , ,5th Generation ADS, , ,Version 9, , ,Waymo LLC, , ,,, ,Y,Yes (specify below),"CA DMV, CA PUC",Yes,ADS,Waymo LLC, , ,Y, , , , , ,,SEP-2024, ,SEP-2024,13:35, ,1ab108e2dabaab4,[MAY CONTAIN PERSONALLY IDENTIFIABLE INFORMATION], ,[MAY CONTAIN PERSONALLY IDENTIFIABLE INFORMATION], ,[MAY CONTAIN PERSONALLY IDENTIFIABLE INFORMATION], ,San Francisco, ,CA ,[MAY CONTAIN PERSONALLY IDENTIFIABLE INFORMATION], ,Street,Dry,No Unusual Conditions,20, ,Daylight,Y, , , , , , , ,,Passenger Car,No Injuries Reported,Yes,Proceeding Straight,No,No, , , , , ,Y, , , , , ,Stopped,No,No,Yes,0, , , , ,Y, , , , , , , , , ,Y, ,Y,Y, , ,No,, ,Yes,, ,, ,, ,Yes, ,"On September [XXX], 2024 at 1:35 PM PT a Waymo Autonomous Vehicle (""Waymo AV"") operating in San Francisco, California was in a collision involving a passenger car on [XXX] near [XXX].
The Waymo AV was traveling south westbound on [XXX] in the left lane and came to a stop in a queue of traffic.  While the Waymo AV remained stationary, a passenger car approached the Waymo AV from behind and the front bumper of the passenger car made contact with the rear bumper of the Waymo AV.  At the time of the impact, the Waymo AV's Level 4 ADS was engaged in autonomous mode, and a test driver was present in the driver's seating position.  The Waymo AV sustained damage.
Transdev Alternative Services is reporting this crash under Request No. 2 of Standing General Order 2021-01.  Transdev may supplement or correct its reporting with additional information as it may become available.  This is a duplicate of NHTSA report ID 30270-8889-1.",
30531-8903,1,Transdev Alternative Services,Monthly,9,2024,OCT-2024,SADHW2S14M1, ,N/A,Jaguar,I-Pace, ,2021, ,33d60213f3005c0,91956, ,In-Vehicle (Commercial / Test),5th Generation ADS, , ,5th Generation, , ,Version 9, , ,Waymo LLC, , ,,, ,Y,Yes (specify below),"CA DMV, CA PUC",Yes,ADS,Waymo LLC, , ,Y, , , , , ,,SEP-2024, ,SEP-2024,21:15, ,c91c64b514e62f5,[MAY CONTAIN PERSONALLY IDENTIFIABLE INFORMATION], ,[MAY CONTAIN PERSONALLY IDENTIFIABLE INFORMATION], ,[MAY CONTAIN PERSONALLY IDENTIFIABLE INFORMATION], ,San Francisco, ,CA ,[MAY CONTAIN PERSONALLY IDENTIFIABLE INFORMATION], ,Street,Dry,No Unusual Conditions,35, ,Dark - Lighted, , , ,Y, , , , ,,Passenger Car,No Injuries Reported,Yes,Backing,No,No, , , ,Y, , , , , , , ,Stopped,No,No,Yes,0, , , , , , ,Y, , , , , , , ,Y, ,Y,Y, , ,No,, ,Yes,, ,, ,, ,Yes, ,"On September [XXX], 2024 at 9:15 PM PT a Waymo Autonomous Vehicle (""Waymo AV"") operating in San Francisco, California was in a collision involving a passenger car on [XXX] at [XXX].
The Waymo AV was traveling southbound on [XXX] and came to a stop in a queue of traffic for a red light at the intersection with [XXX].  A passenger vehicle in front of the Waymo AV began to roll backwards, and the rear of the passenger car made contact with the front of the stationary Waymo AV.  At the time of the impact, the Waymo AV's Level 4 ADS was engaged in autonomous mode, and a test driver was present (in the driver's seating position).  Both vehicles sustained damage.
Transdev Alternative Services is reporting this crash under Request No. 2 of Standing General Order 2021-01.  Transdev may supplement or correct its reporting with additional information as it may become available.  This is a duplicate of NHTSA report ID 30270-8863-1.",
30270-8870,2,Waymo LLC,Update,,,OCT-2024,SADHW2S14R1, ,N/A,Jaguar,I-Pace, ,2024, ,d6215a1693f2a48,13750, ,None,5th Generation ADS, , ,5th Generation, , ,Version 9, , ,, ,Y,,, ,Y,Yes (specify below),"CA DMV, CA PUC",Yes,ADS,Waymo LLC, , ,Y, , , , , ,,SEP-2024, ,SEP-2024,17:03, ,9661d6d11d94734,[MAY CONTAIN PERSONALLY IDENTIFIABLE INFORMATION], ,[MAY CONTAIN PERSONALLY IDENTIFIABLE INFORMATION], ,[MAY CONTAIN PERSONALLY IDENTIFIABLE INFORMATION], ,San Francisco, ,CA ,[MAY CONTAIN PERSONALLY IDENTIFIABLE INFORMATION], ,Street,Dry,No Unusual Conditions,20, ,Daylight, , ,Y, , , , , ,,Passenger Car,No Injuries Reported,Yes,Proceeding Straight,No,No, , , , , ,Y, , ,Y, , ,Stopped,No,No,Yes,0, ,Y, , ,Y, , , , , , , , , ,Y, ,Y,Y, , ,No,, ,Yes,, ,, ,, ,Yes, ,"Waymo is submitting this updated report to correct an erroneously reported VIN for the Waymo AV. This updated report is being submitted the same day the original report was submitted, on the monthly reporting due date of October 15, 2024. The remainder of the report and narrative is unchanged.
On September [XXX], 2024 at 5:03 PM PT a Waymo Autonomous Vehicle (Waymo AV) operating in San Francisco, California was in a collision involving a passenger car on [XXX] near [XXX]. 
The Waymo AV was stopped in traffic in the rightmost lane of northwestbound [XXX] when a passenger car traveling directly behind the Waymo AV made contact with the rear of the Waymo AV. At the time of the impact, the Waymo AVs Level 4 ADS was engaged in autonomous mode. Both vehicles sustained damage.
Waymo is reporting this crash under Request No. 2 of Standing General Order 2021-01.  Waymo may supplement or correct its reporting with additional information as it may become available.",
30270-8828,2,Waymo LLC,Update,,,OCT-2024,SADHW2S14R1, ,N/A,Jaguar,I-Pace, ,2024, ,e3132dbbe830dd9,7153, ,None,5th Generation ADS, , ,5th Generation, , ,Version 9, , ,, ,Y,,, ,Y,Yes (specify below),"CA DMV, CA PUC",Yes,ADS,Waymo LLC, , ,Y, , , , , ,,SEP-2024, ,SEP-2024,20:51, ,17a0138cad77b88,[MAY CONTAIN PERSONALLY IDENTIFIABLE INFORMATION], ,[MAY CONTAIN PERSONALLY IDENTIFIABLE INFORMATION], ,[MAY CONTAIN PERSONALLY IDENTIFIABLE INFORMATION], ,San Francisco, ,CA ,[MAY CONTAIN PERSONALLY IDENTIFIABLE INFORMATION], ,Intersection,Dry,No Unusual Conditions,20, ,Dark - Lighted,Y, , , , , , , ,,Passenger Car,No Injuries Reported,Yes,Passing,No,No,Y,Y, , , , , , , , , ,Stopped,No,No,Yes,0, , , , , , , , , ,Y, , , , ,Y, ,Y,Y, , ,No,, ,Yes,, ,, ,, ,Yes, ,"Waymo is submitting this updated report to correct an erroneously reported VIN for the Waymo AV. This updated report is being submitted the same day the original report was submitted, on the monthly reporting due date of October 15, 2024. The remainder of the report and narrative is unchanged.
On September [XXX], 2024 at 8:51 PM PT a Waymo Autonomous Vehicle (Waymo AV) operating in San Francisco, California was in a collision involving a passenger car on [XXX] at [XXX]. 
The Waymo AV was traveling southeastbound in the left lane on [XXX]. The Waymo AV came to a stop to yield to oncoming traffic before making a left turn onto northbound [XXX] when a passenger car on the right side of the Waymo AV attempted to pass between the right side of the Waymo AV and a double parked car. The driver side of the passenger car made contact with the passenger side front bumper of the Waymo AV. At the time of the impact, the Waymo AVs Level 4 ADS was engaged in autonomous mode. The Waymo vehicle sustained damage.
Waymo is reporting this crash under Request No. 2 of Standing General Order 2021-01. Waymo may supplement or correct its reporting with additional information as it may become available.",
30270-8869,1,Waymo LLC,Monthly,9,2024,OCT-2024,SADHW2S13R1, ,N/A,Jaguar,I-Pace, ,2024, ,85da1a9c1ddf0cd,13591, ,None,5th Generation ADS, , ,5th Generation, , ,Version 9, , ,, ,Y,,, ,Y,Yes (specify below),"CA DMV, CA PUC	",Yes,ADS,Waymo LLC, , ,Y, , , , , ,,SEP-2024, ,SEP-2024,02:24, ,40b38f5b0665ba7,[MAY CONTAIN PERSONALLY IDENTIFIABLE INFORMATION], ,[MAY CONTAIN PERSONALLY IDENTIFIABLE INFORMATION], ,[MAY CONTAIN PERSONALLY IDENTIFIABLE INFORMATION], ,San Francisco, ,CA ,[MAY CONTAIN PERSONALLY IDENTIFIABLE INFORMATION], ,Street,Dry,No Unusual Conditions,20, ,Dark - Lighted,Y, , , , , , , ,,Passenger Car,No Injuries Reported,Yes,Passing,No,No, , , , , , ,Y,Y, , , ,Stopped,No,No,"No, see Narrative",0, ,Y, , , , , , , , , , , , ,Y, ,Y,Y, , ,No,, ,Yes,, ,, ,, ,Yes, ,"On September [XXX], 2024 at 2:24 AM PT a Waymo Autonomous Vehicle (Waymo AV) operating in San Francisco, California was in a collision involving a passenger car on [XXX] near [XXX].
The Waymo AV was traveling southbound in the rightmost lane of a two-lane, one-way only section of [XXX] when it maneuvered toward the right curb and came to a stop for a passenger drop off. While the Waymo AV was stopped partially in-lane with its hazard lights activated, a passenger car attempting to pass the stopped Waymo AV made contact with the rear driver side of the Waymo AV. The passengers in the vehicle were not belted at the time of impact, likely because the vehicle was at a dropoff location and they were preparing to exit. At the time of the impact, the Waymo AVs Level 4 ADS was engaged in autonomous mode. Both vehicles sustained damage.
Waymo is reporting this crash under Request No. 2 of Standing General Order 2021-01. Waymo may supplement or correct its reporting with additional information as it may become available.",
30270-8889,1,Waymo LLC,Monthly,9,2024,OCT-2024,SADHW2S17M1, ,N/A,Jaguar,I-Pace, ,2021, ,0c7d2b6074c7190,128623, ,In-Vehicle (Commercial / Test),5th Generation ADS, , ,5th Generation, , ,Version 9, , ,Transdev Alternative Services, , ,,, ,Y,Yes (specify below),"CA DMV, CA PUC",Yes,ADS,Waymo LLC, , ,Y, , , , , ,,SEP-2024, ,SEP-2024,13:35, ,1ab108e2dabaab4,[MAY CONTAIN PERSONALLY IDENTIFIABLE INFORMATION], ,[MAY CONTAIN PERSONALLY IDENTIFIABLE INFORMATION], ,[MAY CONTAIN PERSONALLY IDENTIFIABLE INFORMATION], ,San Francisco, ,CA ,[MAY CONTAIN PERSONALLY IDENTIFIABLE INFORMATION], ,Street,Dry,No Unusual Conditions,20, ,Daylight,Y, , , , , , , ,,Passenger Car,No Injuries Reported,Yes,Proceeding Straight,No,No, , , , , ,Y, , , , , ,Stopped,No,No,Yes,0, , , , ,Y, , , , , , , , , ,Y, ,Y,Y, , ,No,, ,Yes,, ,, ,, ,Yes, ,"On September [XXX], 2024 at 1:35 PM PT a Waymo Autonomous Vehicle (Waymo AV) operating in San Francisco, California was in a collision involving a passenger car on [XXX] near [XXX].
The Waymo AV was traveling south westbound on [XXX] in the left lane and came to a stop in a queue of traffic. While the Waymo AV remained stationary, a passenger car approached the Waymo AV from behind and the front bumper of the passenger car made contact with the rear bumper of the Waymo AV. At the time of the impact, the Waymo AVs Level 4 ADS was engaged in autonomous mode, and a test driver was present in the drivers seating position. The Waymo AV sustained damage.
Waymo is reporting this crash under Request No. 2 of Standing General Order 2021-01. Waymo may supplement or correct its reporting with additional information as it may become available.",
30270-8888,1,Waymo LLC,Monthly,9,2024,OCT-2024,SADHW2S13M1, ,N/A,Jaguar,I-Pace, ,2021, ,d15358998623a2a,83549, ,None,5th Generation ADS, , ,5th Generation, , ,Version 9, , ,, ,Y,,, ,Y,Yes (specify below),"CA DMV, CA PUC",Yes,ADS,Waymo LLC, , ,Y, , , , , ,,SEP-2024, ,SEP-2024,10:55, ,f1f769709b16a09,[MAY CONTAIN PERSONALLY IDENTIFIABLE INFORMATION], ,[MAY CONTAIN PERSONALLY IDENTIFIABLE INFORMATION], ,[MAY CONTAIN PERSONALLY IDENTIFIABLE INFORMATION], ,San Francisco, ,CA ,[MAY CONTAIN PERSONALLY IDENTIFIABLE INFORMATION], ,Intersection,Dry,No Unusual Conditions,15, ,Daylight,Y, , , , , , , ,,Passenger Car,No Injuries Reported,Yes,Traveling Wrong Way,No,No, , , , , , , ,Y, , , ,Stopped,No,No,No Passengers in Vehicle,0, ,Y, , , , , , , , , , , , ,Y, ,Y,Y, , ,No,, ,Yes,, ,, ,, ,Yes, ,"On September [XXX], 2024 at 10:55 AM PT a Waymo Autonomous Vehicle (Waymo AV) operating in San Francisco, California was in a collision involving a passenger car on [XXX] at [XXX].
The Waymo AV was stopped at a red light with the left turn signal activated in the northeastbound lane of [XXX] at the intersection with [XXX], preparing to make a left turn onto [XXX]. While the Waymo AV was stationary, a passenger car that had been stopped behind the Waymo AV entered the oncoming lane, maneuvering to the left of the Waymo AV. As the passenger car was passing the stopped Waymo AV, the passenger side of the passenger car made contact with the rear driver side of the Waymo AV. At the time of the impact, the Waymo AVs Level 4 ADS was engaged in autonomous mode. Both vehicles sustained damage.
Waymo is reporting this crash under Request No. 2 of Standing General Order 2021-01. Waymo may supplement or correct its reporting with additional information as it may become available.",
30270-8886,1,Waymo LLC,Monthly,9,2024,OCT-2024,SADHW2S19R1, ,N/A,Jaguar,I-Pace, ,2024, ,7e2a46cbd75e3c2,6370, ,None,5th Generation ADS, , ,5th Generation, , ,Version 9, , ,, ,Y,,, ,Y,Yes (specify below),"CA DMV, CA PUC",Yes,ADS,Waymo LLC, , ,Y, , , , , ,,SEP-2024, ,SEP-2024,14:52, ,30c2487fa6ae1cb,[MAY CONTAIN PERSONALLY IDENTIFIABLE INFORMATION], ,[MAY CONTAIN PERSONALLY IDENTIFIABLE INFORMATION], ,[MAY CONTAIN PERSONALLY IDENTIFIABLE INFORMATION], ,Los Angeles, ,CA ,[MAY CONTAIN PERSONALLY IDENTIFIABLE INFORMATION], ,Intersection,Dry,No Unusual Conditions,35, ,Daylight,Y, , , , , , , ,,Passenger Car,No Injuries Reported,Yes,Lane / Road Departure,No,No, , , , , , , ,Y, , , ,Proceeding Straight,No,No,No Passengers in Vehicle,26, , , ,Y, , , , , , , , , , ,Y, ,Y,Y, , ,No,, ,Yes,, ,, ,, ,Yes, ,"On September [XXX], 2024 at 2:52 PM PT a Waymo Autonomous Vehicle (Waymo AV) operating in Los Angeles, California was in a collision involving a passenger car on [XXX] at [XXX].
The Waymo AV was stopped in traffic for a red light in the leftmost through lane of southeastbound [XXX] at the intersection with [XXX]. When the light turned green, the Waymo AV proceeded into the intersection. Simultaneously, a passenger car traveling in the rightmost dedicated left turn lane (the left adjacent lane to the Waymo AV) proceeded straight into the intersection and partially entered the leftmost through lane ahead of the Waymo AV. The passenger side of the passenger car then made contact with the driver side of the Waymo AV. At the time of the impact, the Waymo AVs Level 4 ADS was engaged in autonomous mode. Both vehicles sustained damage.
Waymo is reporting this crash under Request No. 2 of Standing General Order 2021-01. Waymo may supplement or correct its reporting with additional information as it may become available.",