Report ID,Report Version,Reporting Entity,Report Type,Report Month,Report Year,Report Submission Date,VIN,VIN - Unknown,Serial Number,Make,Model,Model - Unknown,Model Year,Model Year - Unknown,Same Vehicle ID,Mileage,Mileage - Unknown,Driver / Operator Type,ADAS/ADS System Version,ADAS/ADS System Version - Unk,ADAS/ADS System Version CBI,ADAS/ADS Hardware Version,ADAS/ADS Hardware Version - Unk,ADAS/ADS Hardware Version CBI,ADAS/ADS Software Version,ADAS/ADS Software Version - Unk,ADAS/ADS Software Version CBI,Other Reporting Entities?,Other Reporting Entities? - Unk,Other Reporting Entities? - NA,Federal Regulatory Exemption?,Other Federal Reg. Exemption,Federal Reg. Exemption - Unk,Federal Reg. Exemption - No,State or Local Permit?,State or Local Permit,ADS Equipped?,Automation System Engaged?,Operating Entity,Operating Entity - Unknown,Source - Complaint/Claim,Source - Telematics,Source - Law Enforcement,Source - Field Report,Source - Testing,Source - Media,Source - Other,Source - Other Text,Incident Date,Incident Date - Unknown,Notice Received Date,Incident Time (24:00),Incident Time - Unknown,Same Incident ID,Latitude,Latitude - Unknown,Longitude,Longitude - Unknown,Address,Address - Unknown,City,City - Unknown,State,Zip Code,Zip Code - Unknown,Roadway Type,Roadway Surface,Roadway Description,Posted Speed Limit (MPH),Posted Speed Limit - Unknown,Lighting,Weather - Clear,Weather - Snow,Weather - Cloudy,Weather - Fog/Smoke,Weather - Rain,Weather - Severe Wind,Weather - Unknown,Weather - Other,Weather - Other Text,Crash With,Highest Injury Severity Alleged,Property Damage?,CP Pre-Crash Movement,CP Any Air Bags Deployed?,CP Was Vehicle Towed?,CP Contact Area - Rear Left,CP Contact Area - Left,CP Contact Area - Front Left,CP Contact Area - Rear,CP Contact Area - Top,CP Contact Area - Front,CP Contact Area - Rear Right,CP Contact Area - Right,CP Contact Area - Front Right,CP Contact Area - Bottom,CP Contact Area - Unknown,SV Pre-Crash Movement,SV Any Air Bags Deployed?,SV Was Vehicle Towed?,SV Were All Passengers Belted?,SV Precrash Speed (MPH),SV Pre-crash Speed - Unknown,SV Contact Area - Rear Left,SV Contact Area - Left,SV Contact Area - Front Left,SV Contact Area - Rear,SV Contact Area - Top,SV Contact Area - Front,SV Contact Area - Rear Right,SV Contact Area - Right,SV Contact Area - Front Right,SV Contact Area - Bottom,SV Contact Area - Unknown,Data Availability - EDR,Data Availability - Police Rpt,Data Availability - Telematics,Data Availability - Complaints,Data Availability - Video,Data Availability - Other,Data Availability - No Data,Data Availability - Unknown,Law Enforcement Investigating?,Investigating Agency,Investigating Agency - Unknown,Rep Ent Or Mfr Investigating?,Investigating Officer Name,Inv. Officer Name - Unknown,Investigating Officer Phone,Inv. Officer Phone - Unknown,Investigating Officer Email,Inv. Officer Email - Unknown,Within ODD?,Within ODD? - CBI,Narrative,Narrative - CBI?
30270-8387,1,Waymo LLC,Monthly,7,2024,AUG-2024,SADHW2S16R1, ,N/A,Jaguar,I-Pace, ,2024, ,b6ca4978c1fdc38,8190, ,None,5th Generation ADS, , ,5th Generation, , ,Version 9, , ,, ,Y,,, ,Y,Yes (specify below),"CA DMV, CA PUC",Yes,ADS,Waymo LLC, , ,Y, , , , , ,,JUL-2024, ,JUL-2024,14:21, ,c1f6f34ad0dfe4b,[MAY CONTAIN PERSONALLY IDENTIFIABLE INFORMATION], ,[MAY CONTAIN PERSONALLY IDENTIFIABLE INFORMATION], ,[MAY CONTAIN PERSONALLY IDENTIFIABLE INFORMATION], ,San Francisco, ,CA ,[MAY CONTAIN PERSONALLY IDENTIFIABLE INFORMATION], ,Street,Dry,No Unusual Conditions,25, ,Daylight,Y, , , , , , , ,,Passenger Car,No Injuries Reported,Yes,Backing,No,No, , , , , ,Y, , , , , ,Stopped,No,No,No Passengers in Vehicle,0, ,Y, , , , , , , , , , , , ,Y, ,Y,Y, , ,No,, ,Yes,, ,, ,, ,Yes, ,"On July [XXX], 2024 at 2:21 PM PT a Waymo Autonomous Vehicle (""Waymo AV"") operating in San Francisco, CA was in a collision involving a passenger car on [XXX] near [XXX]. 
The Waymo AV was parked at the curb on [XXX] when a passenger car in front of the Waymo AV began to reverse to parallel park. The passenger car's rear driver side corner made contact with the front of the Waymo AV. At the time of the impact, the Waymo's Level 4 ADS was engaged in autonomous mode. The Waymo AV sustained damage.
Waymo is reporting this crash under Request No. 2 of Standing General Order 2021-01. Waymo may supplement or correct its reporting with additional information as it may become available.",
30270-8385,1,Waymo LLC,Monthly,7,2024,AUG-2024,SADHW2S1XM1, ,N/A,Jaguar,I-Pace, ,2021, ,8110795f6daf529,86073, ,None,5th Generation ADS, , ,5th Generation, , ,Version 9, , ,, ,Y,,, ,Y,Yes (specify below),"CA DMV, CA PUC",Yes,ADS,Waymo LLC, , ,Y, , , , , ,,JUL-2024, ,JUL-2024,18:53, ,31a94fb68dac7e0,[MAY CONTAIN PERSONALLY IDENTIFIABLE INFORMATION], ,[MAY CONTAIN PERSONALLY IDENTIFIABLE INFORMATION], ,[MAY CONTAIN PERSONALLY IDENTIFIABLE INFORMATION], ,San Francisco, ,CA ,[MAY CONTAIN PERSONALLY IDENTIFIABLE INFORMATION], ,Intersection,Dry,No Unusual Conditions,25, ,Daylight,Y, , , , , , , ,,Passenger Car,No Injuries Reported,Yes,Passing,No,No, , , , , , ,Y,Y, , , ,Proceeding Straight,No,No,Yes,0, ,Y, , , , , , , , , , , , ,Y, ,Y,Y, , ,No,, ,Yes,, ,, ,, ,Yes, ,"On July [XXX], 2024 at 6:53 PM PT a Waymo Autonomous Vehicle (""Waymo AV"") operating in San Francisco, California was in a collision involving a passenger car on [XXX] at [XXX]. 
The Waymo AV was traveling in the rightmost lane of northbound [XXX] when it slowed to a stop for a red light at the intersection with [XXX]. While the Waymo AV remained stopped, a passenger car that had been parked at the curb of northbound [XXX] unparked and entered the rightmost lane behind the Waymo AV. The passenger car then began to change lanes into the left adjacent lane. As the passenger car was passing the stopped Waymo AV, the passenger side of the passenger car made contact with the rear driver side of the Waymo AV. At the time of the impact, the Waymo AV's Level 4 ADS was engaged in autonomous mode. Both vehicles sustained damage and the passenger car left the scene.
Waymo is reporting this crash under Request No. 2 of Standing General Order 2021-01. Waymo may supplement or correct its reporting with additional information as it may become available.",
30610-8377,1,"Zoox, Inc.",Monthly,7,2024,AUG-2024,5TDDGRFH8KS, ,N/A,Toyota,Highlander, ,2019, ,57bcf49fc2dc14e,27052, ,In-Vehicle (Commercial / Test),311.24.07.13, , ,311.24.07.13, , ,311.24.07.13, , ,, ,Y,,, ,Y,Yes (specify below),CA DMV AVT Permit,Yes,ADS,Zoox, , , , ,Y,Y, , ,,JUL-2024, ,JUL-2024,18:43, ,e2bc89b5e8b7784,[MAY CONTAIN PERSONALLY IDENTIFIABLE INFORMATION], ,[MAY CONTAIN PERSONALLY IDENTIFIABLE INFORMATION], ,[MAY CONTAIN PERSONALLY IDENTIFIABLE INFORMATION], ,San Francisco, ,CA ,[MAY CONTAIN PERSONALLY IDENTIFIABLE INFORMATION], ,Street,Dry,No Unusual Conditions,25, ,Daylight, , ,Y, , , , , ,,Passenger Car,No Injuries Reported,Yes,Entering Traffic,No,No, , ,Y, , , , , , , , ,"Other, see Narrative",No,No,Yes,1, , , , , , , , , ,Y, , , , ,Y, ,Y, , , ,No,, ,No,, ,, ,, ,Yes, ,"A Zoox vehicle (Vehicle 1) in autonomous mode was traveling west on [XXX] in the right turn lane towards [XXX] in San Francisco, California. The Zoox vehicle was driving around some in-lane debris when a passenger car (Vehicle 2), attempting to enter traffic from a parking lot on the right, entered the Zoox vehicle's travel path. The front bumper of the Zoox vehicle on the passenger side made contact with the driver's side fender and front bumper of the passenger car. There were no reported injuries and police were not called. Zoox was later notified of a claim for unspecified damages by the other involved party.",
30610-8374,1,"Zoox, Inc.",Monthly,7,2024,AUG-2024,5TDDGRFH1KS, ,N/A,Toyota,Highlander, ,2019, ,b49f0b6ed06eb12,16733, ,In-Vehicle (Commercial / Test),280.24.07.20, , ,280.24.07.20, , ,280.24.07.20, , ,, ,Y,,, ,Y,Yes (specify below),CA DMV AVT Permit,Yes,ADS,Zoox, , , , ,Y,Y, , ,,JUL-2024, ,JUL-2024,15:25, ,fa872bc0a5be40f,[MAY CONTAIN PERSONALLY IDENTIFIABLE INFORMATION], ,[MAY CONTAIN PERSONALLY IDENTIFIABLE INFORMATION], ,[MAY CONTAIN PERSONALLY IDENTIFIABLE INFORMATION], ,San Francisco, ,CA ,[MAY CONTAIN PERSONALLY IDENTIFIABLE INFORMATION], ,Street,Dry,No Unusual Conditions,25, ,Daylight,Y, , , , , , , ,,Passenger Car,No Injuries Reported,Yes,Changing Lanes,No,No, , ,Y, , , , , , , , ,Stopped,No,No,Yes,0, , , , , , , ,Y, , , , , , ,Y, ,Y, , , ,No,, ,No,, ,, ,, ,Yes, ,"A Zoox vehicle (Vehicle 1) in autonomy was traveling west on [XXX] in the left travel lane, slowing as it approached the intersection with [XXX] in San Francisco. The Zoox vehicle operator disengaged from autonomy and braked further for stopped traffic ahead in the same travel lane. At that time, a Tesla sedan (Vehicle 2) traveling directly behind the Zoox vehicle abruptly attempted a lane change maneuver into the adjacent lane on the right,  side-swiping a BMW sedan (Vehicle 3) that was also westbound on [XXX] in the right lane. Vehicle 2, after making contact with Vehicle 3, veered back to the left lane behind the Zoox vehicle and rear ended the stopped Zoox vehicle. The Zoox vehicle sustained minor damage, while Vehicle 2 and Vehicle 3 appeared to have sustained moderate damage. There were no reported injuries and the police were not called.",
30610-8373,1,"Zoox, Inc.",Monthly,7,2024,AUG-2024,5TDDGRFH1KS, ,N/A,Toyota,Highlander, ,2019, ,592789b65942921,68476, ,In-Vehicle (Commercial / Test),276.24.07.16, , ,276.24.07.16, , ,276.24.07.16, , ,, ,Y,,, ,Y,Yes (specify below),CA DMV AVT Permit,Yes,ADS,Zoox, , , , ,Y,Y, , ,,JUL-2024, ,JUL-2024,17:29, ,2290df8540c1deb,[MAY CONTAIN PERSONALLY IDENTIFIABLE INFORMATION], ,[MAY CONTAIN PERSONALLY IDENTIFIABLE INFORMATION], ,[MAY CONTAIN PERSONALLY IDENTIFIABLE INFORMATION], ,San Francisco, ,CA ,[MAY CONTAIN PERSONALLY IDENTIFIABLE INFORMATION], ,Street,Dry,No Unusual Conditions,25, ,Daylight,Y, , , , , , , ,,Passenger Car,No Injuries Reported,Yes,Proceeding Straight,No,No, , ,Y, , , , , , , , ,Stopped,No,No,Yes,0, , , , , , , ,Y, , , , , , ,Y, ,Y, , , ,No,, ,No,, ,, ,, ,Yes, ,"A Zoox vehicle (Vehicle 1) in autonomous mode was stopped at a stop sign waiting for traffic to clear to make a left turn from northeast bound [XXX] onto [XXX] in San Francisco. A passenger car (Vehicle 2) was stopped directly behind the Zoox vehicle apparently in the process of turning right onto [XXX]. As the Zoox vehicle advanced and then came to a stop as it yielded to cross traffic, the passenger car tried to pass the Zoox vehicle on the right side and contacted the Zoox vehicle. The front bumper on the passenger car and rear bumper on the Zoox vehicle sustained minor damage. There were no reported injuries and the police were not called.",
30270-8316,1,Waymo LLC,5-Day,,,AUG-2024,SADHW2S10M1, ,N/A,Jaguar,I-Pace, ,2021, ,4fb647281cb3ccc,88108, ,None,5th Generation ADS, , ,5th Generation, , ,Version 9, , ,, ,Y,,, ,Y,Yes (specify below),"CA DMV, CA PUC",Yes,ADS,Waymo LLC, , ,Y, , , , , ,,AUG-2024, ,AUG-2024,13:58, ,1a4cbd1d95b3d30,[MAY CONTAIN PERSONALLY IDENTIFIABLE INFORMATION], ,[MAY CONTAIN PERSONALLY IDENTIFIABLE INFORMATION], ,[MAY CONTAIN PERSONALLY IDENTIFIABLE INFORMATION], ,San Francisco, ,CA ,[MAY CONTAIN PERSONALLY IDENTIFIABLE INFORMATION], ,Intersection,Dry,No Unusual Conditions,25, ,Daylight, , ,Y, , , , , ,,Passenger Car,No Injuries Reported,Yes,Lane / Road Departure,No,No, , , , , , ,Y,Y,Y, , ,Stopped,No,No,Yes,0, , , ,Y, , ,Y, , , , , , , ,Y, ,Y,Y, , ,No,, ,Yes,, ,, ,, ,Yes, ,"On August [XXX], 2024 at 1:58 PM PT a Waymo Autonomous Vehicle (""Waymo AV"") operating in San Francisco, California was in a collision involving a passenger car on [XXX] at [XXX]. 
The Waymo AV was traveling westbound on [XXX] and approached the intersection where westbound [XXX] merges with southbound [XXX]. The Waymo AV entered the intersection on a green light but traffic in the intersection slowed to a stop, resulting in a lack of space ahead for the Waymo AV to proceed completely through the intersection. While the Waymo AV was stopped in the intersection, a passenger car traveling in the far left lane of southbound [XXX] proceeded into the intersection, crossed over the center and right lanes of southbound [XXX], heading towards a pedestrianized space area closed to vehicular traffic, and then made contact with the front of the Waymo AV.  At the time of the impact, the Waymo AV's Level 4 ADS was engaged in autonomous mode.  Both vehicles sustained damage.
Waymo is reporting this crash under Request No. 1 of Standing General Order 2021-01 because a vehicle involved was towed away. Waymo may supplement or correct its reporting with additional information as it may become available.",
30270-8278,1,Waymo LLC,5-Day,,,AUG-2024,SADHW2S16M1, ,N/A,Jaguar,I-Pace, ,2021, ,a441b0846fe8fa2,85516, ,None,5th Generation ADS, , ,5th Generation, , ,Version 9, , ,, ,Y,,, ,Y,Yes (specify below),"CA DMV, CA PUC",Yes,ADS,Waymo LLC, , ,Y, , , , , ,,JUL-2024, ,JUL-2024,16:43, ,0d1a06493f0a3fa,[MAY CONTAIN PERSONALLY IDENTIFIABLE INFORMATION], ,[MAY CONTAIN PERSONALLY IDENTIFIABLE INFORMATION], ,[MAY CONTAIN PERSONALLY IDENTIFIABLE INFORMATION], ,San Francisco, ,CA ,[MAY CONTAIN PERSONALLY IDENTIFIABLE INFORMATION], ,Intersection,Dry,No Unusual Conditions,25, ,Daylight,Y, , , , , , , ,,Passenger Car,No Injuries Reported,Yes,Making Right Turn,No,No, , ,Y, , , , , , , , ,Making Left Turn,No,Yes,Yes,8, , , , , , , , , ,Y, , , , ,Y, ,Y,Y, , ,No,, ,Yes,, ,, ,, ,Yes, ,"On July [XXX], 2024 at 4:43 PM PT a Waymo Autonomous Vehicle (Waymo AV) operating in San Francisco, California was in a collision involving a passenger car in the intersection of [XXX] and [XXX].
The Waymo AV was traveling westbound on [XXX] when it activated its left turn signal and came to a complete stop at the four-way stop sign at [XXX] and waited for its turn to proceed with a left turn. As the Waymo AV started its left turn, a passenger car traveling eastbound on [XXX] approached the intersection with its right turn signal activated. The Waymo AV continued to make a left turn through the intersection, and the passenger car began making a right turn onto southbound [XXX] without first stopping at the stop sign. As the Waymo AV was completing its left turn onto southbound [XXX], the passenger car continued making a right turn. The front driver side corner of the passenger car then made contact with the front passenger side corner of the Waymo AV. At the time of the impact, the Waymo AVs Level 4 ADS was engaged in autonomous mode. Both vehicles sustained damage.
Waymo is reporting this crash under Request No. 1 of Standing General Order 2021-01 because a vehicle involved was towed away. Waymo may supplement or correct its reporting with additional information as it may become available.",
30270-8266,1,Waymo LLC,5-Day,,,AUG-2024,SADHW2S1XR1, ,N/A,Jaguar,I-Pace, ,2024, ,7764ec909f37fb8,431, ,None,5th Generation ADS, , ,5th Generation, , ,Version 9, , ,, ,Y,,, ,Y,Yes (specify below),"CA DMV, CA PUC",Yes,ADS,Waymo LLC, , ,Y, , , , , ,,JUL-2024, ,JUL-2024,04:28, ,5c8348bcf998c8b,[MAY CONTAIN PERSONALLY IDENTIFIABLE INFORMATION], ,[MAY CONTAIN PERSONALLY IDENTIFIABLE INFORMATION], ,[MAY CONTAIN PERSONALLY IDENTIFIABLE INFORMATION], ,San Francisco, ,CA ,[MAY CONTAIN PERSONALLY IDENTIFIABLE INFORMATION], ,Street,Dry,No Unusual Conditions,25, ,Dark - Not Lighted,Y, , , , , , , ,,Passenger Car,No Injuries Reported,Yes,Traveling Wrong Way,No,No, , , , , , , ,Y, , , ,Stopped,No,Yes,No Passengers in Vehicle,0, , , , , , , ,Y, , , , , , ,Y, ,Y,Y, , ,No,, ,Yes,, ,, ,, ,Yes, ,"On July [XXX], 2024 at 4:28 AM PT a Waymo Autonomous Vehicle (Waymo AV) operating in San Francisco, California was in a collision involving a passenger car on [XXX] at the [XXX] Exit. 
The Waymo AV was traveling east on [XXX] when it took the one-way onramp exit to [XXX]. As the Waymo AV was traveling through the onramp, a passenger car approached in the oncoming direction, traveling the wrong way on the one-way ramp. The Waymo AV slowed to a stop as it yielded to the oncoming passenger car. While the Waymo AV remained stopped, the passenger car passed the Waymo AV on the right of the Waymo AV. As the passenger car was passing the stopped Waymo AV, the passenger side of the passenger car made contact with the rear passenger side of the Waymo AV. At the time of the impact, the Waymo AVs Level 4 ADS was engaged in autonomous mode. The Waymo AV sustained damage and the passenger car left the scene. 
Waymo is reporting this crash under Request No. 1 of Standing General Order 2021-01 because a vehicle involved was towed away. Waymo may supplement or correct its reporting with additional information as it may become available.",
30531-7965,2,Transdev Alternative Services,Update,,,JUL-2024,SADHW2S10R1, ,N/A,Jaguar,I-Pace, ,2024, ,d502a98b8f0cfcf,164, ,In-Vehicle (Commercial / Test),5th Generation ADS, , ,5th Generation, , ,Version 9, , ,Waymo LLC, , ,,, ,Y,Yes (specify below),"CA DMV, CA PUC",Yes,ADS,Waymo LLC, , ,Y, , , , , ,,MAY-2024, ,MAY-2024,11:45, ,fb946bdabf49687,[MAY CONTAIN PERSONALLY IDENTIFIABLE INFORMATION], ,[MAY CONTAIN PERSONALLY IDENTIFIABLE INFORMATION], ,[MAY CONTAIN PERSONALLY IDENTIFIABLE INFORMATION], ,San Francisco, ,CA ,[MAY CONTAIN PERSONALLY IDENTIFIABLE INFORMATION], ,Highway / Freeway,Dry,No Unusual Conditions,65, ,Daylight, , ,Y, , , , , ,,Passenger Car,Minor,Yes,Proceeding Straight,No,No, , , , , , ,Y, ,Y, , ,Changing Lanes,No,No,Yes,10, , , ,Y, , , , , , , , , , ,Y, ,Y,Y, , ,Yes,California Highway Patrol, ,Yes,[MAY CONTAIN PERSONALLY IDENTIFIABLE INFORMATION], ,[MAY CONTAIN PERSONALLY IDENTIFIABLE INFORMATION], ,,Y,Yes, ,"This report is being submitted as an update to the initial report submitted on June 17, 2024 [REDACTED, MAY CONTAIN CONFIDENTIAL BUSINESS INFORMATION].  Transdev also received notice that passengers in the other involved vehicle alleged minor injuries and is updating this report accordingly. All other content in this report remains unchanged.
On May [XXX], 2024 at 11:45 AM PT a Waymo Autonomous Vehicle (""Waymo AV"") operating in [XXX], California was in a collision involving a passenger car on [XXX] between exits [XXX] and [XXX].
The Waymo AV was traveling north on [XXX] in the rightmost lane in autonomous mode with a test driver seated in the driver's seated position when it approached a slow-moving heavy truck equipped with a truck-mounted light matrix displaying a yellow arrow indicating that traffic should merge to the left.  The Waymo AV slowed down behind the heavy truck and the test driver transitioned the Waymo AV to manual mode.  The test driver stopped the Waymo AV and activated the left turn signal.  Several vehicles passed the Waymo AV on the left side before the test driver manually initiated a left lane change, and the front passenger side of a passenger car which was passing the Waymo AV on the left made contact with the front driver side of the Waymo AV.
This report is a duplicate of report [XXX].",
30531-8162,1,Transdev Alternative Services,Monthly,6,2024,JUL-2024,SADHW2S17M1, ,N/A,Jaguar,I-Pace, ,2021, ,240b17854c3702c,128293, ,In-Vehicle (Commercial / Test),5th Generation ADS, , ,5th Generation, , ,Version 9, , ,Waymo LLC, , ,,, ,Y,Yes (specify below),"CA DMV, CA PUC",Yes,ADS,Waymo LLC, , ,Y, , , , , ,,JUN-2024, ,JUN-2024,16:54, ,7efef5aa622ea74,[MAY CONTAIN PERSONALLY IDENTIFIABLE INFORMATION], ,[MAY CONTAIN PERSONALLY IDENTIFIABLE INFORMATION], ,[MAY CONTAIN PERSONALLY IDENTIFIABLE INFORMATION], ,Marina Del Rey, ,CA ,[MAY CONTAIN PERSONALLY IDENTIFIABLE INFORMATION], ,Intersection,Dry,No Unusual Conditions,35, ,Daylight, , ,Y, , , , , ,,Passenger Car,No Injuries Reported,Yes,Lane / Road Departure,No,No, , , , , , , , ,Y, , ,Making Left Turn,No,No,Yes,13, ,Y, , , , , , , , , , , , ,Y, ,Y,Y, , ,No,, ,Yes,, ,, ,, ,Yes, ,"On June [XXX], 2024 at 4:54 PM PT a Waymo Autonomous Vehicle (""Waymo AV"") operating in [XXX], California was in a collision involving a passenger car on [XXX] at [XXX].  
The Waymo AV was making a left turn from the rightmost dedicated left turn lane on [XXX] into lane two of three lanes in the eastbound direction of [XXX].  A passenger car was also making a left turn from the leftmost dedicated left turn lane (leftmost lane).  The passenger car had made the turn onto [XXX] and was partially in the number 1 lane (leftmost) and partially in the number 2 lane (middle) when the front passenger side of the passenger car made contact with the rear driver side of the Waymo AV, which was traveling in the number 2 lane (middle).  At the time of the impact, the Waymo AV's Level 4 ADS was engaged in autonomous mode, and a test driver was present (in the driver's seating position).  Both vehicles sustained damage.
Transdev Alternative Services is reporting this crash under Request No. 2 of Standing General Order 2021-01.  Transdev may supplement or correct its reporting with additional information as it may become available.  This is a duplicate of report ID#: [XXX].",
30270-8158,1,Waymo LLC,Monthly,6,2024,JUL-2024,SADHW2S15R1, ,N/A,Jaguar,I-Pace, ,2024, ,8b01c33676034f7,5587, ,None,5th Generation ADS, , ,5th Generation, , ,Version 9, , ,, ,Y,,, ,Y,Yes (specify below),"CA DMV, CA PUC						",Yes,ADS,Waymo LLC, , ,Y, , , , , ,,JUN-2024, ,JUN-2024,11:54, ,6631b7a8dd06504,[MAY CONTAIN PERSONALLY IDENTIFIABLE INFORMATION], ,[MAY CONTAIN PERSONALLY IDENTIFIABLE INFORMATION], ,[MAY CONTAIN PERSONALLY IDENTIFIABLE INFORMATION], ,Los Angeles, ,CA ,[MAY CONTAIN PERSONALLY IDENTIFIABLE INFORMATION], ,Intersection,Dry,No Unusual Conditions,25, ,Daylight,Y, , , , , , , ,,Passenger Car,Minor,Yes,Proceeding Straight,No,No, , ,Y, , ,Y, , , , , ,Stopped,No,No,Yes,0, ,Y, , ,Y, , , , , , , , , ,Y, ,Y,Y, , ,No,, ,Yes,, ,, ,, ,Yes, ,"On June [XXX], 2024 at 11:54 AM PT a Waymo Autonomous Vehicle (Waymo AV) operating in [XXX], California was in a collision involving a passenger car on [XXX] at [XXX]. 
The Waymo AV was traveling southwest on [XXX] when it came to a stop at a stop sign at [XXX].  While the Waymo AV remained stopped, a passenger car approached the Waymo AV from behind. The front of the passenger car made contact with the rear of the Waymo AV. At the time of the impact, the Waymo AVs Level 4 ADS was engaged in autonomous mode. Both vehicles sustained damage and the passenger car left the scene. The passenger in the Waymo AV reported a minor injury. 
Waymo is reporting this crash under Request No. 2 of Standing General Order 2021-01. Waymo may supplement or correct its reporting with additional information as it may become available.",
30270-7948,2,Waymo LLC,Update,,,JUL-2024,SADHW2S10R1, ,N/A,Jaguar,I-Pace, ,2024, ,d502a98b8f0cfcf,164, ,In-Vehicle (Commercial / Test),5th Generation ADS, , ,5th Generation, , ,Version 9, , ,Transdev Alternative Services, , ,,, ,Y,Yes (specify below),"CA DMV, CA PUC",Yes,ADS,Waymo LLC, , ,Y, , , , , ,,MAY-2024, ,MAY-2024,11:45, ,fb946bdabf49687,[MAY CONTAIN PERSONALLY IDENTIFIABLE INFORMATION], ,[MAY CONTAIN PERSONALLY IDENTIFIABLE INFORMATION], ,[MAY CONTAIN PERSONALLY IDENTIFIABLE INFORMATION], ,San Francisco, ,CA ,[MAY CONTAIN PERSONALLY IDENTIFIABLE INFORMATION], ,Highway / Freeway,Dry,No Unusual Conditions,65, ,Daylight, , ,Y, , , , , ,,Passenger Car,Minor,Yes,Proceeding Straight,No,No, , , , , , ,Y, ,Y, , ,Changing Lanes,No,No,Yes,10, , , ,Y, , , , , , , , , , ,Y, ,Y,Y, , ,Yes,California Highway Patrol, ,Yes,[MAY CONTAIN PERSONALLY IDENTIFIABLE INFORMATION], ,[MAY CONTAIN PERSONALLY IDENTIFIABLE INFORMATION], ,,Y,Yes, ,"This report is being submitted as an update to the initial report submitted on June 17, 2024 [REDACTED, MAY CONTAIN CONFIDENTIAL BUSINESS INFORMATION]. Waymo also received notice that passengers in the other involved vehicle alleged minor injuries and is updating this report accordingly. All other content in this report remains unchanged.
On May [XXX], 2024 at 11:45 AM PT a Waymo Autonomous Vehicle (Waymo AV) operating in [XXX], California was in a collision involving a passenger car on [XXX] between exits [XXX] and [XXX]. 
The Waymo AV was traveling north on [XXX] in the rightmost lane in autonomous mode with a test driver seated in the drivers seated position when it approached a slow-moving heavy truck equipped with a truck-mounted light matrix displaying a yellow arrow indicating that traffic should merge to the left. The Waymo AV slowed down behind the heavy truck and the test driver transitioned the Waymo AV to manual mode. The test driver stopped the Waymo AV and activated the left turn signal. Several vehicles passed the Waymo AV on the left side before the test driver manually initiated a left lane change, and the front passenger side of a passenger car which was passing the Waymo AV on the left made contact with the front driver side of the Waymo AV. At the time of the impact, the Waymo AVs Level 4 ADS was not engaged and a test driver was operating the Waymo AV in manual mode.  Both vehicles sustained damage.
Waymo is reporting this crash under Request No. 2 of Standing General Order 2021-01.  Waymo may supplement or correct its reporting with additional information as it may become available.",
30270-8139,1,Waymo LLC,Monthly,6,2024,JUL-2024,SADHW2S15M1, ,N/A,Jaguar,I-Pace, ,2021, ,c01ea2068860b0f,127908, ,None,5th Generation ADS, , ,5th Generation, , ,Version 9, , ,, ,Y,,, ,Y,Yes (specify below),"CA DMV, CA PUC						",Yes,ADS,Waymo LLC, , ,Y, , , , , ,,JUN-2024, ,JUN-2024,12:28, ,a44514c80a6c2d2,[MAY CONTAIN PERSONALLY IDENTIFIABLE INFORMATION], ,[MAY CONTAIN PERSONALLY IDENTIFIABLE INFORMATION], ,[MAY CONTAIN PERSONALLY IDENTIFIABLE INFORMATION], ,San Francisco, ,CA ,[MAY CONTAIN PERSONALLY IDENTIFIABLE INFORMATION], ,Intersection,Dry,No Unusual Conditions,25, ,Daylight, , ,Y, , , , , ,,Passenger Car,No Injuries Reported,Yes,Proceeding Straight,No,No,Y, , , , , , , , , , ,Proceeding Straight,No,No,No Passengers in Vehicle,1, , , , , , , , , ,Y, , , , ,Y, ,Y,Y, , ,No,, ,Yes,, ,, ,, ,Yes, ,"On June [XXX], 2024 at 12:28 PM PT a Waymo Autonomous Vehicle (Waymo AV) operating in [XXX], California was in a collision involving a passenger car on [XXX] at [XXX]. 
The Waymo AV was traveling north on [XXX] through the intersection at [XXX] when a passenger car passed the Waymo AV on the right. The passenger car turned to the left in front of the Waymo AV and came to an abrupt stop. The driver side rear corner of the passenger car made contact with the passenger side front corner of the Waymo AV.  At the time of the impact, the Waymo AVs Level 4 ADS was engaged in autonomous mode.  The Waymo AV sustained damage and the passenger car left the scene.
Waymo is reporting this crash under Request No. 2 of Standing General Order 2021-01. Waymo may supplement or correct its reporting with additional information as it may become available.",