Report ID,Report Version,Reporting Entity,Report Type,Report Month,Report Year,Report Submission Date,VIN,VIN - Unknown,Serial Number,Make,Model,Model - Unknown,Model Year,Model Year - Unknown,Same Vehicle ID,Mileage,Mileage - Unknown,Driver / Operator Type,ADAS/ADS System Version,ADAS/ADS System Version - Unk,ADAS/ADS System Version CBI,ADAS/ADS Hardware Version,ADAS/ADS Hardware Version - Unk,ADAS/ADS Hardware Version CBI,ADAS/ADS Software Version,ADAS/ADS Software Version - Unk,ADAS/ADS Software Version CBI,Other Reporting Entities?,Other Reporting Entities? - Unk,Other Reporting Entities? - NA,Federal Regulatory Exemption?,Other Federal Reg. Exemption,Federal Reg. Exemption - Unk,Federal Reg. Exemption - No,State or Local Permit?,State or Local Permit,ADS Equipped?,Automation System Engaged?,Operating Entity,Operating Entity - Unknown,Source - Complaint/Claim,Source - Telematics,Source - Law Enforcement,Source - Field Report,Source - Testing,Source - Media,Source - Other,Source - Other Text,Incident Date,Incident Date - Unknown,Notice Received Date,Incident Time (24:00),Incident Time - Unknown,Same Incident ID,Latitude,Latitude - Unknown,Longitude,Longitude - Unknown,Address,Address - Unknown,City,City - Unknown,State,Zip Code,Zip Code - Unknown,Roadway Type,Roadway Surface,Roadway Description,Posted Speed Limit (MPH),Posted Speed Limit - Unknown,Lighting,Weather - Clear,Weather - Snow,Weather - Cloudy,Weather - Fog/Smoke,Weather - Rain,Weather - Severe Wind,Weather - Unknown,Weather - Other,Weather - Other Text,Crash With,Highest Injury Severity Alleged,Property Damage?,CP Pre-Crash Movement,CP Any Air Bags Deployed?,CP Was Vehicle Towed?,CP Contact Area - Rear Left,CP Contact Area - Left,CP Contact Area - Front Left,CP Contact Area - Rear,CP Contact Area - Top,CP Contact Area - Front,CP Contact Area - Rear Right,CP Contact Area - Right,CP Contact Area - Front Right,CP Contact Area - Bottom,CP Contact Area - Unknown,SV Pre-Crash Movement,SV Any Air Bags Deployed?,SV Was Vehicle Towed?,SV Were All Passengers Belted?,SV Precrash Speed (MPH),SV Pre-crash Speed - Unknown,SV Contact Area - Rear Left,SV Contact Area - Left,SV Contact Area - Front Left,SV Contact Area - Rear,SV Contact Area - Top,SV Contact Area - Front,SV Contact Area - Rear Right,SV Contact Area - Right,SV Contact Area - Front Right,SV Contact Area - Bottom,SV Contact Area - Unknown,Data Availability - EDR,Data Availability - Police Rpt,Data Availability - Telematics,Data Availability - Complaints,Data Availability - Video,Data Availability - Other,Data Availability - No Data,Data Availability - Unknown,Law Enforcement Investigating?,Investigating Agency,Investigating Agency - Unknown,Rep Ent Or Mfr Investigating?,Investigating Officer Name,Inv. Officer Name - Unknown,Investigating Officer Phone,Inv. Officer Phone - Unknown,Investigating Officer Email,Inv. Officer Email - Unknown,Within ODD?,Within ODD? - CBI,Narrative,Narrative - CBI?
30270-7948,1,Waymo LLC,Monthly,5,2024,JUN-2024,SADHW2S10R1, ,N/A,Jaguar,I-Pace, ,2024, ,d502a98b8f0cfcf,164, ,In-Vehicle (Commercial / Test),5th Generation ADS, , ,5th Generation, , ,Version 9, , ,Transdev Alternative Services, , ,,, ,Y,Yes (specify below),"CA DMV, CA PUC",Yes,ADS,Waymo LLC, , ,Y, , , , , ,,MAY-2024, ,MAY-2024,11:45, ,fb946bdabf49687,[MAY CONTAIN PERSONALLY IDENTIFIABLE INFORMATION], ,[MAY CONTAIN PERSONALLY IDENTIFIABLE INFORMATION], ,[MAY CONTAIN PERSONALLY IDENTIFIABLE INFORMATION], ,San Francisco, ,CA ,[MAY CONTAIN PERSONALLY IDENTIFIABLE INFORMATION], ,Highway / Freeway,Dry,No Unusual Conditions,65, ,Daylight, , ,Y, , , , , ,,Passenger Car,No Injuries Reported,Yes,Proceeding Straight,No,No, , , , , , ,Y, ,Y, , ,Changing Lanes,No,No,Yes,10, , , ,Y, , , , , , , , , , ,Y, ,Y,Y, , ,Yes,California Highway Patrol, ,Yes,[MAY CONTAIN PERSONALLY IDENTIFIABLE INFORMATION], ,[MAY CONTAIN PERSONALLY IDENTIFIABLE INFORMATION], ,,Y,Yes, ,"On May [XXX], 2024 at 11:45 AM PT a Waymo Autonomous Vehicle (""Waymo AV"") operating in San Francisco, California was in a collision involving a passenger car on [XXX] between [XXX] and [XXX]. 
The Waymo AV was traveling north on [XXX] in the rightmost lane in autonomous mode with a test driver seated in the drivers seated position when it approached a slow-moving heavy truck equipped with a truck-mounted light matrix displaying a yellow arrow indicating that traffic should merge to the left. The Waymo AV slowed down behind the heavy truck and the test driver transitioned the Waymo AV to manual mode. The test driver stopped the Waymo AV and activated the left turn signal. Several vehicles passed the Waymo AV on the left side before the test driver manually initiated a left lane change, and the front passenger side of a passenger car which was passing the Waymo AV on the left made contact with the front driver side of the Waymo AV. At the time of the impact, the Waymo AV's Level 4 ADS was not engaged and a test driver was operating the Waymo AV in manual mode.  Both vehicles sustained damage.
Waymo is reporting this crash under Request No. 2 of Standing General Order 2021-01.  Waymo may supplement or correct its reporting with additional information as it may become available.",
30792-7917,1,WeRide Corp,Monthly,6,2024,JUN-2024,1N4CZ1CV1PC, ,[MAY CONTAIN PERSONALLY IDENTIFIABLE INFORMATION],Nissan,Leaf, ,2023, ,ceb63bb34dc2166,20829, ,In-Vehicle and Remote (Commercial / Test),5bfe06dadf3ec15d25701c40713fdd98c36b3e20, , ,1.7, , ,5.1, , ,, ,Y,,, ,Y,Yes (specify below),CA DMV AVT Permit,Yes,ADS,WeRide, , , , ,Y,Y, , ,,JUN-2024, ,JUN-2024,10:33, ,b675fcd1cb0dea3,[MAY CONTAIN PERSONALLY IDENTIFIABLE INFORMATION], ,[MAY CONTAIN PERSONALLY IDENTIFIABLE INFORMATION], ,[MAY CONTAIN PERSONALLY IDENTIFIABLE INFORMATION], ,San Jose, ,CA ,[MAY CONTAIN PERSONALLY IDENTIFIABLE INFORMATION], ,Street,Dry,No Unusual Conditions,25, ,Daylight,Y, , , , , , , ,,Passenger Car,No Injuries Reported,No,Proceeding Straight,No,No, , , , , ,Y, , , , , ,Stopped,No,No,Yes,0, , , , ,Y, , , , , , , , , ,Y, ,Y, , , ,No,, ,Yes,, ,, ,, ,Yes, ,"At approximately 10:33am, a WeRide vehicle (car 1) was stopped at a red traffic light on [XXX] about to turn right on [XXX]. At this time a Toyota RAV4 (car 2) approached from behind traveling at a speed of (10mph) and slammed into car 1's rear - causing damages to car 1. Car 1 sustained damages on rear bumper and rear sensors. Both parties pulled over to a safe location to exchange information. Car 2's driver didn't have an up-to-date registration card for the vehicle.",
30270-7855,1,Waymo LLC,1-Day,,,JUN-2024,SADHW2S14R1, ,N/A,Jaguar,I-Pace, ,2024, ,d6215a1693f2a48,748, ,None,5th Generation ADS, , ,5th Generation, , ,Version 9, , ,, ,Y,,, ,Y,Yes (specify below),"CA DMV, CA PUC",Yes,ADS,Waymo LLC, , ,Y, , , , , ,,JUN-2024, ,JUN-2024,01:21, ,937b4d4b37c47c1,[MAY CONTAIN PERSONALLY IDENTIFIABLE INFORMATION], ,[MAY CONTAIN PERSONALLY IDENTIFIABLE INFORMATION], ,[MAY CONTAIN PERSONALLY IDENTIFIABLE INFORMATION], ,San Francisco, ,CA ,[MAY CONTAIN PERSONALLY IDENTIFIABLE INFORMATION], ,Street,Dry,No Unusual Conditions,20, ,Dark - Lighted, , ,Y, , , , , ,,Passenger Car,No Injuries Reported,Yes,Passing,No,No, , , , , , , ,Y, , , ,Stopped,No,No,Yes,0, ,Y, , , , , , , , , , , , ,Y, ,Y,Y, , ,No,, ,Yes,, ,, ,, ,Yes, ,"On June [XXX], 2024 at 1:21 AM PT a Waymo Autonomous Vehicle (""Waymo AV"") operating in San Francisco, California was in a collision involving a passenger car on [XXX] near [XXX]. 
The Waymo AV was traveling east on [XXX] and pulled partially into a curbside parking space to conduct a rider pickup. The riders boarded, and the Waymo AV remained stopped to yield to several pedestrians walking in front of the Waymo AV. While the Waymo AV was still stopped partially in the curbside parking space and partially in the eastbound travel lane, a passenger car traveling east on [XXX] passed to the left of the Waymo AV and the passenger side mirror made contact with the driver side rear corner of the Waymo AV. At the time of the impact, the Waymo AV's Level 4 ADS was engaged in autonomous mode. The Waymo AV sustained damage.
Waymo is reporting this crash under Request No. 1 of Standing General Order 2021-01 because a vulnerable road user influenced the driving task of a vehicle involved. Waymo may supplement or correct its reporting with additional information as it may become available.",
30610-7819,1,"Zoox, Inc.",5-Day,,,JUN-2024,7Z00XVHX5PK, ,N/A,Zoox,sedan, ,2023, ,54348dab214fc94,8136, ,None,B215.23.30, , ,B215.23.30, , ,B215.23.30, , ,, ,Y,,, ,Y,Yes (specify below),CA DMV AVT Permit,Yes,ADS,Zoox, , , , ,Y,Y, , ,,MAY-2024, ,MAY-2024,16:02, ,3979ce2cb9bbf11,[MAY CONTAIN PERSONALLY IDENTIFIABLE INFORMATION], ,[MAY CONTAIN PERSONALLY IDENTIFIABLE INFORMATION], ,[MAY CONTAIN PERSONALLY IDENTIFIABLE INFORMATION], ,Foster City, ,CA ,[MAY CONTAIN PERSONALLY IDENTIFIABLE INFORMATION], ,Street,Dry,No Unusual Conditions,25, ,Daylight,Y, , , , , , , ,,Passenger Car,No Injuries Reported,Yes,Entering Traffic,No,Unknown, ,Y,Y, , , , , , , , ,Proceeding Straight,No,Yes,Yes,13, , , , , , , , , ,Y, , , , ,Y, ,Y, , , ,No,, ,No,, ,, ,, ,Yes, ,"A Zoox vehicle (Vehicle 1) in autonomy was traveling westbound on [XXX] in Foster City when a parallel-parked passenger car (Vehicle 2) abruptly entered the Zoox vehicle's travel lane from a parking space in the right parking lane without yielding or activating a turn signal. Vehicle 2 made contact with the right front side and wheel of the Zoox vehicle, and the Zoox vehicle made contact with the driver side door and left front tire/wheel well of the passenger car. Both vehicles sustained moderate damage and the Zoox vehicle was towed from the scene. There were no injuries and police were not called.",
30270-7793,1,Waymo LLC,5-Day,,,MAY-2024,SADHW2S14M1, ,N/A,Jaguar,I-Pace, ,2021, ,dde7e36bb156c72,75016, ,None,5th Generation ADS, , ,5th Generation, , ,Version 9, , ,, ,Y,,, ,Y,Yes (specify below),"CA DMV, CA PUC",Yes,ADS,Waymo LLC, , ,Y, , , , , ,,MAY-2024, ,MAY-2024,03:02, ,bfa704d30ec76ce,[MAY CONTAIN PERSONALLY IDENTIFIABLE INFORMATION], ,[MAY CONTAIN PERSONALLY IDENTIFIABLE INFORMATION], ,[MAY CONTAIN PERSONALLY IDENTIFIABLE INFORMATION], ,San Francisco, ,CA ,[MAY CONTAIN PERSONALLY IDENTIFIABLE INFORMATION], ,Intersection,Dry,No Unusual Conditions,25, ,Dark - Lighted,Y, , , , , , , ,,Passenger Car,No Injuries Reported,Yes,Proceeding Straight,Yes,Yes, , ,Y, , ,Y, , ,Y, , ,Stopped,No,Yes,No Passengers in Vehicle,0, , ,Y, , , , , , , , , , , ,Y, ,Y,Y, , ,Yes,San Francisco Police Department, ,Yes,[MAY CONTAIN PERSONALLY IDENTIFIABLE INFORMATION], ,,Y,,Y,Yes, ,"On May [XXX], 2024 at 3:02 AM PT a Waymo Autonomous Vehicle (Waymo AV) operating in San Francisco, California was in a collision involving a passenger car on [XXX] at [XXX]. 
The Waymo AV was traveling east on [XXX] and came to a stop at a red light at the intersection with [XXX] to prepare for a left turn. When the light turned green, the Waymo AV proceeded into the intersection. As it did so, a passenger car traveling southbound on [XXX] at a high rate of speed entered the intersection against a red traffic light. The front of the passenger car made contact with the drivers side of the Waymo AV. At the time of the impact, the Waymo AVs Level 4 ADS was engaged in autonomous mode. Both vehicles sustained damage, and the passengers of the passenger car left the scene on foot.         
Waymo is reporting this crash under Request No. 1 of Standing General Order 2021-01 because a vehicle involved was towed away and because of airbag deployment. Waymo may supplement or correct its reporting with additional information as it may become available.",
30270-7681,2,Waymo LLC,10-Day Update,,,MAY-2024,SADHW2S13M1, ,N/A,Jaguar,I-Pace, ,2021, ,960102d7f165699,122747, ,In-Vehicle (Commercial / Test),5th Generation ADS, , ,5th Generation, , ,Version 9, , ,Transdev Alternative Services, , ,,, ,Y,Yes (specify below),"CA DMV, CA PUC",Yes,ADS,Waymo LLC, , ,Y, , , , , ,,MAY-2024, ,MAY-2024,00:58, ,7b74a49eb5027b6,[MAY CONTAIN PERSONALLY IDENTIFIABLE INFORMATION], ,[MAY CONTAIN PERSONALLY IDENTIFIABLE INFORMATION], ,[MAY CONTAIN PERSONALLY IDENTIFIABLE INFORMATION], ,Los Angeles, ,CA ,[MAY CONTAIN PERSONALLY IDENTIFIABLE INFORMATION], ,Highway / Freeway,Dry,No Unusual Conditions,65, ,Dark - Not Lighted, , ,Y, , , , , ,,Passenger Car,Serious,Yes,Proceeding Straight,Yes,Yes, , , , , , , , ,Y, , ,Proceeding Straight,No,Yes,Yes,34, ,Y, , , , , , , , , , , , ,Y, ,Y,Y, , ,Yes,California Highway Patrol, ,Yes,[MAY CONTAIN PERSONALLY IDENTIFIABLE INFORMATION], ,,Y,[MAY CONTAIN PERSONALLY IDENTIFIABLE INFORMATION], ,Yes, ,"Other than an update to Highest Injury Severity Alleged from Unknown to Serious in reflection of notice of an allegation of injury received by Waymo, the content of this report is unchanged from the initial report submitted on May 14, 2024 [REDACTED, MAY CONTAIN CONFIDENTIAL BUSINESS INFORMATION]. 
On May [XXX], 2024 at 12:58 AM PT a Waymo Autonomous Vehicle (""Waymo AV"") operating in Los Angeles, CA was in a collision involving a passenger car on eastbound [XXX] between [XXX] and [XXX]. 
The Waymo AV was traveling with a test driver present behind a box truck in the number 3 lane of eastbound [XXX] near the [XXX] when a passenger car traveling at a high rate of speed approached the Waymo AV from behind. The passenger car partially entered the number 2 lane as the front right corner of the passenger car made contact with the rear left corner of the Waymo AV. The passenger car then made contact with the center median and came to a stop. The Waymo AV was transitioned into manual mode, and the test driver stopped the Waymo AV to the right-hand shoulder. At the time of the impact, the Waymo AV's Level 4 ADS was engaged in autonomous mode, and a test driver was present (in the driver's seating position). Both vehicles sustained damage.
Waymo is reporting this crash under Request No. 1 of Standing General Order 2021-01 because an individual involved was transported from the scene to a hospital for medical treatment, a vehicle involved was towed away, and an airbag deployed. Waymo may supplement or correct its reporting with additional information as it may become available.",
30270-7380,2,Waymo LLC,Update,,,MAY-2024,SADHW2S17R1, ,N/A,Jaguar,I-Pace, ,2024, ,8728edfe6c7deed,3344, ,None,5th Generation ADS, , ,5th Generation, , ,Version 8, , ,, ,Y,,, ,Y,Yes (specify below),"CA DMV, CA PUC",Yes,ADS,Waymo LLC, , ,Y, , , , , ,,MAR-2024, ,MAR-2024,07:18, ,3ef8a06dc504e92,[MAY CONTAIN PERSONALLY IDENTIFIABLE INFORMATION], ,[MAY CONTAIN PERSONALLY IDENTIFIABLE INFORMATION], ,[MAY CONTAIN PERSONALLY IDENTIFIABLE INFORMATION], ,San Francisco, ,CA ,[MAY CONTAIN PERSONALLY IDENTIFIABLE INFORMATION], ,Street,Dry,No Unusual Conditions,25, ,Daylight, , ,Y, , , , , ,,Passenger Car,Minor,Yes,Proceeding Straight,No,Yes, , ,Y, , ,Y, , ,Y, , ,Proceeding Straight,No,Yes,No Passengers in Vehicle,22, ,Y, , ,Y, , ,Y, , , , , , ,Y, ,Y,Y, , ,Yes,San Francisco Police Department, ,Yes,[MAY CONTAIN PERSONALLY IDENTIFIABLE INFORMATION], ,,Y,,Y,Yes, ,"This is an update to previously submitted report 30270-7380-1, which incorrectly indicated under ""Incident Time"" that the collision occurred at 7:38 AM. The collision occurred at 7:18 AM, as was indicated in the narrative. This update also reflects the correct time under ""Incident Time."" The narrative below remains unchanged.
On March [XXX], 2024 at 7:18 AM PT a Waymo Autonomous Vehicle (""Waymo AV"") operating in San Francisco, California was in a collision involving a passenger car on [XXX] at [XXX]. 
The Waymo AV was traveling west on [XXX] after having stopped at the stop sign at [XXX] and was approaching the intersection with [XXX] when a passenger car approached from behind the Waymo AV, ran the stop sign at [XXX], and made contact with the rear of the Waymo AV. The front of the passenger car made continuous contact with the rear of the Waymo AV while both vehicles were still in motion for a short period of time before the passenger car slowed down and separated from the AV. The Waymo AV proceeded through the intersection with [XXX] and came to a stop on [XXX] west of the intersection with [XXX]. The passenger car then accelerated and the front right corner of the passenger car made contact with the rear left corner of the stationary Waymo AV. At the time of the impact, the Waymo AV's Level 4 ADS was engaged in autonomous mode. Both vehicles sustained damage.
Waymo is reporting this crash under Request No. 1 of Standing General Order 2021-01 because a vehicle involved was towed away. Waymo may supplement or correct its reporting with additional information as it may become available.",
30270-7727,1,Waymo LLC,Monthly,4,2024,MAY-2024,SADHW2S13R1, ,N/A,Jaguar,I-Pace, ,2024, ,a8c40b8662504c0,5980, ,None,5th Generation ADS, , ,5th Generation, , ,Version 8, , ,, ,Y,,, ,Y,Yes (specify below),"CA DMV, CA PUC",Yes,ADS,Waymo LLC, , ,Y, , , , , ,,APR-2024, ,APR-2024,18:01, ,3d0d3a054e0997a,[MAY CONTAIN PERSONALLY IDENTIFIABLE INFORMATION], ,[MAY CONTAIN PERSONALLY IDENTIFIABLE INFORMATION], ,[MAY CONTAIN PERSONALLY IDENTIFIABLE INFORMATION], ,San Francisco, ,CA ,[MAY CONTAIN PERSONALLY IDENTIFIABLE INFORMATION], ,Intersection,Dry,No Unusual Conditions,20, ,Daylight,Y, , , , , , , ,,Passenger Car,No Injuries Reported,Yes,Proceeding Straight,No,No, , , , , ,Y, , , , , ,Proceeding Straight,No,No,Yes,1, , , , ,Y, , , , , , , , , ,Y, ,Y,Y, , ,No,, ,Yes,, ,, ,, ,Yes, ,"On April [XXX], 2024 at 6:01 PM PT a Waymo Autonomous Vehicle (Waymo AV) operating in San Francisco, California was in a collision involving a passenger car on [XXX] at [XXX].
The Waymo AV was traveling northbound on [XXX] and slowed as it approached a stop sign at the intersection with [XXX]. A passenger car traveling directly behind the Waymo AV then made contact with the rear of the Waymo AV. At the time of the impact, the Waymo AVs Level 4 ADS was engaged in autonomous mode. The Waymo AV sustained damage and the passenger car left the scene.
Waymo is reporting this crash under Request No. 2 of Standing General Order 2021-01. Waymo may supplement or correct its reporting with additional information as it may become available.",
30270-7726,1,Waymo LLC,Monthly,4,2024,MAY-2024,SADHW2S12R1, ,N/A,Jaguar,I-Pace, ,2024, ,658c7c13f13b1e7,8087, ,None,5th Generation ADS, , ,5th Generation, , ,Version 8, , ,, ,Y,,, ,Y,Yes (specify below),"CA DMV, CA PUC",Yes,ADS,Waymo LLC, , ,Y, , , , , ,,APR-2024, ,APR-2024,19:08, ,8894cbcbca3e974,[MAY CONTAIN PERSONALLY IDENTIFIABLE INFORMATION], ,[MAY CONTAIN PERSONALLY IDENTIFIABLE INFORMATION], ,[MAY CONTAIN PERSONALLY IDENTIFIABLE INFORMATION], ,San Francisco, ,CA ,[MAY CONTAIN PERSONALLY IDENTIFIABLE INFORMATION], ,Intersection,Dry,No Unusual Conditions,20, ,Daylight,Y, , , , , , , ,,Passenger Car,No Injuries Reported,Yes,Proceeding Straight,No,No, , ,Y, , , , , , , , ,Stopped,No,No,No Passengers in Vehicle,0, , , , ,Y, , , , , , , , , ,Y, ,Y,Y, , ,No,, ,Yes,, ,, ,, ,Yes, ,"On April [XXX], 2024 at 7:08 PM PT a Waymo Autonomous Vehicle (Waymo AV) operating in San Francisco, California was in a collision involving a passenger car on [XXX] at [XXX]. 
The Waymo AV was stopped in traffic for a red light on southbound [XXX]. The driver of a passenger car traveling directly behind the Waymo AV began to exit their vehicle, and as they did so with the door open, the passenger car started to proceed straight and made contact with the rear of the Waymo AV. At the time of the impact, the Waymo AVs Level 4 ADS was engaged in autonomous mode. The Waymo AV sustained damage and the passenger car left the scene.
Waymo is reporting this crash under Request No. 2 of Standing General Order 2021-01. Waymo may supplement or correct its reporting with additional information as it may become available.",
30270-7719,2,Waymo LLC,Update,,,MAY-2024,SADHW2S18M1, ,N/A,Jaguar,I-Pace, ,2021, ,3f5fcc5eb933007,88123, ,None,5th Generation ADS, , ,5th Generation, , ,Version 8, , ,, ,Y,,, ,Y,Yes (specify below),"CA DMV, CA PUC",Yes,ADS,Waymo LLC, , ,Y, , , , , ,,APR-2024, ,APR-2024,12:26, ,ea0749fade5c167,[MAY CONTAIN PERSONALLY IDENTIFIABLE INFORMATION], ,[MAY CONTAIN PERSONALLY IDENTIFIABLE INFORMATION], ,[MAY CONTAIN PERSONALLY IDENTIFIABLE INFORMATION], ,San Francisco, ,CA ,[MAY CONTAIN PERSONALLY IDENTIFIABLE INFORMATION], ,Intersection,Dry,No Unusual Conditions,25, ,Daylight,Y, , , , , , , ,,Passenger Car,No Injuries Reported,Yes,Proceeding Straight,No,No, , , , , ,Y, , , , , ,Stopped,No,No,Yes,0, , , , ,Y, , , , , , , , , ,Y, ,Y,Y, , ,No,, ,Yes,, ,, ,, ,Yes, ,"This report is mean to correct monthly report 30270-7719-1 (submitted 05/15/2024), which erroneously marked the ""Incident Date"" and ""Notice Received Date"" as 05/06/2024 when the correct date for both fields is 04/[XXX]/2024.
On April [XXX], 2024 at 12:26 PM PT a Waymo Autonomous Vehicle (Waymo AV) operating in San Francisco, California was in a collision involving a passenger car on [XXX] at [XXX]. 
The Waymo AV was traveling southbound on [XXX] at the intersection with [XXX]. As the Waymo AV approached the intersection, it slowed to a stop with its left turn signal activated before the intersection, preparing to make an unprotected left turn onto eastbound [XXX]. While the Waymo AV was yielding to traffic in the intersection, a passenger car traveling directly behind the Waymo AV made contact with the rear of the Waymo AV. At the time of the impact, the Waymo AVs Level 4 ADS was engaged in autonomous mode. The Waymo AV sustained damage.
Waymo is reporting this crash under Request No. 2 of Standing General Order 2021-01. Waymo may supplement or correct its reporting with additional information as it may become available.",
30270-7722,1,Waymo LLC,Monthly,4,2024,MAY-2024,SADHW2S18M1, ,N/A,Jaguar,I-Pace, ,2021, ,8d2c8e1b95ad195,29249, ,None,5th Generation ADS, , ,5th Generation, , ,Version 8, , ,, ,Y,,, ,Y,Yes (specify below),"CA DMV, CA PUC",Yes,ADS,Waymo LLC, , ,Y, , , , , ,,APR-2024, ,APR-2024,14:11, ,a673fcc54f6f312,[MAY CONTAIN PERSONALLY IDENTIFIABLE INFORMATION], ,[MAY CONTAIN PERSONALLY IDENTIFIABLE INFORMATION], ,[MAY CONTAIN PERSONALLY IDENTIFIABLE INFORMATION], ,San Francisco, ,CA ,[MAY CONTAIN PERSONALLY IDENTIFIABLE INFORMATION], ,Street,Dry,No Unusual Conditions,15, ,Daylight, , ,Y, , , , , ,,Passenger Car,Minor,Yes,Passing,No,No, , , , , , ,Y,Y, , , ,Stopped,No,No,Yes,0, ,Y, , , , , , , , , , , , ,Y, ,Y,Y, , ,Unknown,,Y,Yes,,Y,,Y,,Y,Yes, ,"On April [XXX], 2024 at 2:11 PM PT a Waymo Autonomous Vehicle (Waymo AV) operating in San Francisco, California was in a collision involving a passenger car on [XXX] at [XXX]. 
The Waymo AV was stopped at a stop sign on eastbound [XXX] at the intersection with [XXX] yielding to other traffic as it prepared for a right turn with its right turn signal activated. As a passenger car passed the Waymo on the left side, the rear passenger door and rear right corner of the passenger car made contact with the rear driver side corner of the stopped Waymo AV. At the time of the impact, the Waymo AVs Level 4 ADS was engaged in autonomous mode. Both vehicles sustained damage and Waymo later received an allegation of minor injury.
Waymo is reporting this crash under Request No. 2 of Standing General Order 2021-01. Waymo may supplement or correct its reporting with additional information as it may become available.",
30270-7719,1,Waymo LLC,Monthly,4,2024,MAY-2024,SADHW2S18M1, ,N/A,Jaguar,I-Pace, ,2021, ,3f5fcc5eb933007,88123, ,None,5th Generation ADS, , ,5th Generation, , ,Version 8, , ,, ,Y,,, ,Y,Yes (specify below),"CA DMV, CA PUC",Yes,ADS,Waymo LLC, , ,Y, , , , , ,,MAY-2024, ,MAY-2024,12:26, ,404f2f2fb4fc257,[MAY CONTAIN PERSONALLY IDENTIFIABLE INFORMATION], ,[MAY CONTAIN PERSONALLY IDENTIFIABLE INFORMATION], ,[MAY CONTAIN PERSONALLY IDENTIFIABLE INFORMATION], ,San Francisco, ,CA ,[MAY CONTAIN PERSONALLY IDENTIFIABLE INFORMATION], ,Intersection,Dry,No Unusual Conditions,25, ,Daylight,Y, , , , , , , ,,Passenger Car,No Injuries Reported,Yes,Proceeding Straight,No,No, , , , , ,Y, , , , , ,Stopped,No,No,Yes,0, , , , ,Y, , , , , , , , , ,Y, ,Y,Y, , ,No,, ,Yes,, ,, ,, ,Yes, ,"On April [XXX], 2024 at 12:26 PM PT a Waymo Autonomous Vehicle (Waymo AV) operating in San Francisco, California was in a collision involving a passenger car on [XXX] at [XXX]. 
The Waymo AV was traveling southbound on [XXX] at the intersection with [XXX]. As the Waymo AV approached the intersection, it slowed to a stop with its left turn signal activated before the intersection, preparing to make an unprotected left turn onto eastbound [XXX]. While the Waymo AV was yielding to traffic in the intersection, a passenger car traveling directly behind the Waymo AV made contact with the rear of the Waymo AV. At the time of the impact, the Waymo AVs Level 4 ADS was engaged in autonomous mode. The Waymo AV sustained damage.
Waymo is reporting this crash under Request No. 2 of Standing General Order 2021-01. Waymo may supplement or correct its reporting with additional information as it may become available.",
30531-7696,1,Transdev Alternative Services,1-Day,,,MAY-2024,SADHW2S13M1, ,N/A,Jaguar,I-Pace, ,2021, ,960102d7f165699,122747, ,In-Vehicle (Commercial / Test),5th Generation ADS, , ,5th Generation, , ,Version 9, , ,Waymo LLC, , ,,, ,Y,Yes (specify below),"CA DMV, CA PUC",Yes,ADS,Waymo LLC, , ,Y, , , , , ,,MAY-2024, ,MAY-2024,00:58, ,7b74a49eb5027b6,[MAY CONTAIN PERSONALLY IDENTIFIABLE INFORMATION], ,[MAY CONTAIN PERSONALLY IDENTIFIABLE INFORMATION], ,[MAY CONTAIN PERSONALLY IDENTIFIABLE INFORMATION], ,Los Angeles, ,CA ,[MAY CONTAIN PERSONALLY IDENTIFIABLE INFORMATION], ,Highway / Freeway,Dry,No Unusual Conditions,65, ,Dark - Not Lighted, , ,Y, , , , , ,,Passenger Car,Unknown,Yes,Proceeding Straight,Yes,Yes, , , , , , , , ,Y, , ,Proceeding Straight,No,Yes,Yes,34, ,Y, , , , , , , , , , , , ,Y, ,Y,Y, , ,Yes,California Highway Patrol, ,Yes,[MAY CONTAIN PERSONALLY IDENTIFIABLE INFORMATION], ,,Y,[MAY CONTAIN PERSONALLY IDENTIFIABLE INFORMATION], ,Yes, ,"On May [XXX], 2024 at 12:58 AM PT a Waymo Autonomous Vehicle (""Waymo AV"") operating in Los Angeles, CA was in a collision involving a passenger car on eastbound [XXX] between [XXX] and [XXX].
The Waymo AV was traveling with a test driver present behind a box truck in the number 3 lane of eastbound [XXX] near the [XXX] when a passenger car traveling at a high rate of speed approached the Waymo AV from behind.  The passenger car partially entered the number 2 lane as the front right corner of the passenger car made contact with the rear left corner of the Waymo AV.  The passenger car then made contact with the center median and came to a stop.  The Waymo AV was transitioned into manual mode, and the test driver stopped the Waymo AV to the right-hand shoulder. At the time of the impact, the Waymo AV's Level 4 ADS was engaged in autonomous mode, and a test driver was present (in the driver's seating position).  Both vehicles sustained damage.
This is a duplicate of report ID 30270-7681-1.",