Report ID,Report Version,Reporting Entity,Report Type,Report Month,Report Year,Report Submission Date,VIN,VIN - Unknown,Serial Number,Make,Model,Model - Unknown,Model Year,Model Year - Unknown,Same Vehicle ID,Mileage,Mileage - Unknown,Driver / Operator Type,ADAS/ADS System Version,ADAS/ADS System Version - Unk,ADAS/ADS System Version CBI,ADAS/ADS Hardware Version,ADAS/ADS Hardware Version - Unk,ADAS/ADS Hardware Version CBI,ADAS/ADS Software Version,ADAS/ADS Software Version - Unk,ADAS/ADS Software Version CBI,Other Reporting Entities?,Other Reporting Entities? - Unk,Other Reporting Entities? - NA,Federal Regulatory Exemption?,Other Federal Reg. Exemption,Federal Reg. Exemption - Unk,Federal Reg. Exemption - No,State or Local Permit?,State or Local Permit,ADS Equipped?,Automation System Engaged?,Operating Entity,Operating Entity - Unknown,Source - Complaint/Claim,Source - Telematics,Source - Law Enforcement,Source - Field Report,Source - Testing,Source - Media,Source - Other,Source - Other Text,Incident Date,Incident Date - Unknown,Notice Received Date,Incident Time (24:00),Incident Time - Unknown,Same Incident ID,Latitude,Latitude - Unknown,Longitude,Longitude - Unknown,Address,Address - Unknown,City,City - Unknown,State,Zip Code,Zip Code - Unknown,Roadway Type,Roadway Surface,Roadway Description,Posted Speed Limit (MPH),Posted Speed Limit - Unknown,Lighting,Weather - Clear,Weather - Snow,Weather - Cloudy,Weather - Fog/Smoke,Weather - Rain,Weather - Severe Wind,Weather - Unknown,Weather - Other,Weather - Other Text,Crash With,Highest Injury Severity Alleged,Property Damage?,CP Pre-Crash Movement,CP Any Air Bags Deployed?,CP Was Vehicle Towed?,CP Contact Area - Rear Left,CP Contact Area - Left,CP Contact Area - Front Left,CP Contact Area - Rear,CP Contact Area - Top,CP Contact Area - Front,CP Contact Area - Rear Right,CP Contact Area - Right,CP Contact Area - Front Right,CP Contact Area - Bottom,CP Contact Area - Unknown,SV Pre-Crash Movement,SV Any Air Bags Deployed?,SV Was Vehicle Towed?,SV Were All Passengers Belted?,SV Precrash Speed (MPH),SV Pre-crash Speed - Unknown,SV Contact Area - Rear Left,SV Contact Area - Left,SV Contact Area - Front Left,SV Contact Area - Rear,SV Contact Area - Top,SV Contact Area - Front,SV Contact Area - Rear Right,SV Contact Area - Right,SV Contact Area - Front Right,SV Contact Area - Bottom,SV Contact Area - Unknown,Data Availability - EDR,Data Availability - Police Rpt,Data Availability - Telematics,Data Availability - Complaints,Data Availability - Video,Data Availability - Other,Data Availability - No Data,Data Availability - Unknown,Law Enforcement Investigating?,Investigating Agency,Investigating Agency - Unknown,Rep Ent Or Mfr Investigating?,Investigating Officer Name,Inv. Officer Name - Unknown,Investigating Officer Phone,Inv. Officer Phone - Unknown,Investigating Officer Email,Inv. Officer Email - Unknown,Within ODD?,Within ODD? - CBI,Narrative,Narrative - CBI?
30270-3628,1,Waymo LLC,Monthly,7,2022,AUG-2022,SADHW2S1XM1, ,N/A,Jaguar,I-Pace, ,2021, ,b5c25ec17ea8588,23628, ,In-Vehicle (Commercial / Test),5th Generation ADS, , ,, , ,, , ,, , ,,, , ,,,Yes,ADS,Waymo LLC, , ,Y, , , , , ,,JUL-2022, ,JUL-2022,06:54, ,77b0e0470ca0a8a,[MAY CONTAIN PERSONALLY IDENTIFIABLE INFORMATION], ,[MAY CONTAIN PERSONALLY IDENTIFIABLE INFORMATION], ,[MAY CONTAIN PERSONALLY IDENTIFIABLE INFORMATION], ,San Francisco, ,CA ,[MAY CONTAIN PERSONALLY IDENTIFIABLE INFORMATION], ,Intersection,Dry,No Unusual Conditions,30, ,Daylight,Y, , , , , , , ,,Passenger Car,Minor,Yes,Proceeding Straight,No,No, , ,Y, , ,Y, , ,Y, , ,Stopped,No,No,Yes,0, , , , ,Y, , ,Y, , , , , , ,Y, ,Y,Y, , ,No,, ,Yes,, ,, ,, ,Yes, ,"On July [XXX], 2022 at 6:54 AM PST a Waymo Autonomous Vehicle (Waymo AV) operating in San Francisco, California was in a collision involving a passenger car on the [XXX] at [XXX]. 
The Waymo AV was stopped in the dedicated left turn lane facing north on the [XXX], awaiting a green signal for a protected left turn onto [XXX]. The signal for traffic proceeding north on the [XXX] turned green, and traffic in adjacent lanes began moving. The left turn arrow signal for the dedicated turn lane occupied by the Waymo AV remained red. The passenger car that had been stopped directly behind the Waymo AV began moving forward. The front of the passenger car made contact with the rear of the Waymo AV, immediately after which the passenger car left the scene.
At the time of the impact, the Waymo AVs Level 4 ADS was engaged in autonomous mode, and a test driver was present (in the drivers seating position). The Waymo AV sustained minor damage and the Waymo AV test driver reported lower back pain.
Waymo is reporting this crash under Request No. 2 of Standing General Order 2021-01. Waymo may supplement or correct its reporting with additional information as it may become available. This report was submitted from the Eastern time zone on the required date.",
30610-3508,1,"Zoox, Inc.",Monthly,7,2022,AUG-2022,5TDDCRFHXGS, ,N/A,Toyota,Highlander, ,2016, ,39dfd67295f44eb,41402, ,In-Vehicle (Commercial / Test),10.22.22.07, , ,, , ,, , ,, , ,,, , ,,,Yes,ADS,Zoox, , , , , ,Y, , ,,JUL-2022, ,JUL-2022,14:30, ,6cbdeb64bd4bc64,[MAY CONTAIN PERSONALLY IDENTIFIABLE INFORMATION], ,[MAY CONTAIN PERSONALLY IDENTIFIABLE INFORMATION], ,[MAY CONTAIN PERSONALLY IDENTIFIABLE INFORMATION], ,San Francisco, ,CA ,[MAY CONTAIN PERSONALLY IDENTIFIABLE INFORMATION], ,Intersection,Dry,No Unusual Conditions,25, ,Daylight,Y, , , , , , , ,,Passenger Car,Unknown,Yes,Making Left Turn,Unknown,Unknown, , ,Y, , , , , , , , ,Proceeding Straight,No,No,Yes,1, , , , ,Y, , , , , , , , , ,Y, ,Y, , , ,No,, ,No,, ,, ,, ,Yes, ,"A Zoox vehicle in autonomy was proceeding straight on [XXX] in San Francisco, Ca when a passenger vehicle turning left from [XXX] on to [XXX] struck the rear of the Zoox vehicle damaging the sensors. There were no injuries and the police were not called.",
30531-3446,1,Transdev Alternative Services,Monthly,6,2022,JUL-2022,SADHW2S19M1, ,N/A,Jaguar,I-Pace, ,2021, ,1f1e378b74b2187,24352, ,In-Vehicle (Commercial / Test),5th Generation ADS, , ,, , ,, , ,, , ,,, , ,,,Yes,ADS,Waymo LLC, , ,Y, , , , , ,,JUN-2022, ,JUN-2022,10:07, ,e6e94b9e10d5c39,[MAY CONTAIN PERSONALLY IDENTIFIABLE INFORMATION], ,[MAY CONTAIN PERSONALLY IDENTIFIABLE INFORMATION], ,[MAY CONTAIN PERSONALLY IDENTIFIABLE INFORMATION], ,San Francisco, ,CA ,[MAY CONTAIN PERSONALLY IDENTIFIABLE INFORMATION], ,Street,Wet,No Unusual Conditions,25, ,Daylight, , , , ,Y, , , ,,Passenger Car,No Injuries Reported,Yes,Backing,No,No,Y, , , , , , , , , , ,Stopped,No,No,Yes,0, , , , , , ,Y, , , , , , , ,Y, ,Y,Y, , ,No,, ,Yes,, ,, ,, ,Yes, ,"On June [XXX], 2022 at 10:07 AM PST a Waymo Autonomous Vehicle (Waymo AV) operating in San Francisco, California was in a collision involving a passenger vehicle on [XXX] and [XXX].
The Waymo AV was stopped in autonomous mode behind stopped traffic facing east on [XXX]. The passenger vehicle ahead of the Waymo AV transitioned into reverse and began to accelerate, making contact with the front sensor of the Waymo AV. At the time of the impact, the Waymo AVs Level 4 ADS was engaged in autonomous mode, and a test driver was present (in the drivers seating position). Both vehicles sustained minor damage.
Transdev Alternative Services is reporting this crash under Request No. 2 of Standing General Order 2021-01. Transdev may supplement or correct its reporting with additional information as it may become available. This report is a duplicate of WaymoLLC-[XXX]",
30270-3437,1,Waymo LLC,Monthly,6,2022,JUL-2022,SADHW2S19M1, ,N/A,Jaguar,I-Pace, ,2021, ,1f1e378b74b2187,24352, ,In-Vehicle (Commercial / Test),5th Generation ADS, , ,, , ,, , ,, , ,,, , ,,,Yes,ADS,Waymo LLC, , ,Y, , , , , ,,JUN-2022, ,JUN-2022,10:07, ,e6e94b9e10d5c39,[MAY CONTAIN PERSONALLY IDENTIFIABLE INFORMATION], ,[MAY CONTAIN PERSONALLY IDENTIFIABLE INFORMATION], ,[MAY CONTAIN PERSONALLY IDENTIFIABLE INFORMATION], ,San Francisco, ,CA ,[MAY CONTAIN PERSONALLY IDENTIFIABLE INFORMATION], ,Street,Wet,No Unusual Conditions,25, ,Daylight, , , , ,Y, , , ,,Passenger Car,No Injuries Reported,Yes,Backing,No,No,Y, , , , , , , , , , ,Stopped,No,No,Yes,0, , , , , , ,Y, , , , , , , ,Y, ,Y,Y, , ,No,, ,Yes,, ,, ,, ,Yes, ,"On June [XXX], 2022 at 10:07 AM PST a Waymo Autonomous Vehicle (Waymo AV) operating in San Francisco, California was in a collision involving a passenger vehicle on [XXX] and [XXX].
The Waymo AV was stopped in autonomous mode behind stopped traffic facing east on [XXX]. The passenger vehicle ahead of the Waymo AV transitioned into reverse and began to accelerate, making contact with the front sensor of the Waymo AV. At the time of the impact, the Waymo AVs Level 4 ADS was engaged in autonomous mode, and a test driver was present (in the drivers seating position). Both vehicles sustained minor damage.
Waymo is reporting this crash under Request No. 2 of Standing General Order 2021-01. Waymo may supplement or correct its reporting with additional information as it may become available. This report was submitted from the Eastern time zone on the required date.",
30270-3323,2,Waymo LLC,10-Day Update,,,JUL-2022,SADHW2S15M1, ,N/A,Jaguar,I-Pace, ,2021, ,e801f0c281cadd6,23192, ,In-Vehicle (Commercial / Test),5th Generation ADS, , ,, , ,, , ,, , ,,, , ,,,Yes,ADS,Waymo LLC, , ,Y, , , , , ,,JUL-2022, ,JUL-2022,15:26, ,0899b0a38f084ba,[MAY CONTAIN PERSONALLY IDENTIFIABLE INFORMATION], ,[MAY CONTAIN PERSONALLY IDENTIFIABLE INFORMATION], ,[MAY CONTAIN PERSONALLY IDENTIFIABLE INFORMATION], ,San Francisco, ,CA ,[MAY CONTAIN PERSONALLY IDENTIFIABLE INFORMATION], ,Intersection,Dry,No Unusual Conditions,25, ,Daylight,Y, , , , , , , ,,Passenger Car,No Injuries Reported,Yes,Proceeding Straight,No,No, , ,Y, , ,Y, , ,Y, , ,Proceeding Straight,No,Yes,Yes,3, , , , ,Y, , ,Y, , , , , , ,Y, ,Y,Y, , ,No,, ,Yes,, ,, ,, ,Yes, ,"The content of this report is unchanged from the initial report submitted on July [XXX], 2022 [REDACTED, MAY CONTAIN CONFIDENTIAL BUSINESS INFORMATION]. 
On July [XXX], 2022 at 3:26 PM PST a Waymo Autonomous Vehicle (Waymo AV) operating in San Francisco, CA was in a collision involving a passenger vehicle on [XXX] at [XXX]. 
The Waymo AV was traveling westbound on [XXX] when it detected a siren from a nearby emergency vehicle. As the Waymo AV slowed, a passenger vehicle made contact with the rear of the Waymo AV. At the time of the impact, the Waymo AVs Level 4 ADS was engaged in autonomous mode, and a test driver was present (in the drivers seating position). Both vehicles sustained damage.
Waymo is reporting this crash under Request No. 1 of Standing General Order 2021-01 because a vehicle involved was towed away. Waymo may supplement or correct its reporting with additional information as it may become available. This report was submitted from the Eastern time zone on the required date.",
30590-3431,1,Apple Inc.,Monthly,6,2022,JUL-2022,2T2BGMCAXGC, ,N/A,Lexus,RX 450h, ,2016, ,f2b11b05513e165,39990, ,In-Vehicle (Commercial / Test),"[REDACTED, MAY CONTAIN CONFIDENTIAL BUSINESS INFORMATION]", ,Y,, , ,, , ,, , ,,, , ,,,Yes,ADS,Apple Inc., , , , , ,Y, , ,,JUN-2022, ,JUN-2022,15:15, ,3c16270cbee19db,[MAY CONTAIN PERSONALLY IDENTIFIABLE INFORMATION], ,[MAY CONTAIN PERSONALLY IDENTIFIABLE INFORMATION], ,[MAY CONTAIN PERSONALLY IDENTIFIABLE INFORMATION], ,Mountain View, ,CA ,[MAY CONTAIN PERSONALLY IDENTIFIABLE INFORMATION], ,Intersection,Dry,No Unusual Conditions,25, ,Daylight,Y, , , , , , , ,,Passenger Car,No Injuries Reported,Yes,Making Right Turn,No,No, , , , , ,Y, , , , , ,Making Right Turn,No,No,Yes,0, , , , ,Y, , , , , , , , , ,Y, ,Y,Y, , ,No,, ,Yes,, ,, ,, ,Yes, ,"Subject vehicle was on a testing mission in Mountain View, CA.  The vehicle was traveling North-bound on [XXX] operated by the vehicle's Level 4 Automated Driving System and supervised by a safety driver in the driver's designated seating position, and with a safety operator in the front passenger seating position.  Subject vehicle approached a red light to make a right turn East-bound onto [XXX].  The safety operator suggested that the safety driver disengage the ADS and make the turn in manual mode because the vehicle was hesitant in approaching the intersection. The safety driver disengaged the ADS, and, approximately 250ms later, subject vehicle was lightly struck from behind by a white Mazda3.  Having seen debris on the roadway, the driver and operator believed they had run over a rock and did not realize they were hit by the vehicle. After concluding the mission, the driver and operator found damage to a sensor during an inspection.  A subsequent review of video led to discovery of the crash.  No injuries were reported, and law enforcement was not called to the scene.  
In addition to telematics and video, we also have photographs of the vehicle's damaged sensor.",
30610-3320,1,"Zoox, Inc.",Monthly,7,2022,JUL-2022,5TDDCRFH1GS, ,N/A,Toyota,Highlander, ,2016, ,01adc56fe1fe783,91060, ,In-Vehicle (Commercial / Test),105.2022.06.28, , ,, , ,, , ,, , ,,, , ,,,Yes,ADS,Zoox Inc., , ,Y, ,Y,Y, , ,,JUN-2022, ,JUN-2022,14:36, ,898ecff58636c86,[MAY CONTAIN PERSONALLY IDENTIFIABLE INFORMATION], ,[MAY CONTAIN PERSONALLY IDENTIFIABLE INFORMATION], ,[MAY CONTAIN PERSONALLY IDENTIFIABLE INFORMATION], ,San Francisco, ,CA ,[MAY CONTAIN PERSONALLY IDENTIFIABLE INFORMATION], ,Street,Dry,No Unusual Conditions,25, ,Daylight,Y, , , , , , , ,,Passenger Car,No Injuries Reported,Yes,Stopped,No,No, , , , , , , ,Y, , , ,Proceeding Straight,No,No,Yes,25, , ,Y, , , , , , , , , , , ,Y, ,Y, , , ,No,, ,No,, ,, ,, ,Yes, ,"A Zoox vehicle in manual mode was proceeding straight and in its lane on [XXX] in San Francisco, when an occupant of a parallel parked car abruptly opened a rear door into the side of the Zoox vehicle, causing minor damage to both vehicles. The Zoox vehicle had disengaged for unrelated traffic within 30 seconds of the contact. There were no injuries and the police were not called.",
30270-3323,1,Waymo LLC,1-Day,,,JUL-2022,SADHW2S15M1, ,N/A,Jaguar,I-Pace, ,2021, ,e801f0c281cadd6,23192, ,In-Vehicle (Commercial / Test),5th Generation ADS, , ,, , ,, , ,, , ,,, , ,,,Yes,ADS,Waymo LLC, , ,Y, , , , , ,,JUL-2022, ,JUL-2022,15:26, ,0899b0a38f084ba,[MAY CONTAIN PERSONALLY IDENTIFIABLE INFORMATION], ,[MAY CONTAIN PERSONALLY IDENTIFIABLE INFORMATION], ,[MAY CONTAIN PERSONALLY IDENTIFIABLE INFORMATION], ,San Francisco, ,CA ,[MAY CONTAIN PERSONALLY IDENTIFIABLE INFORMATION], ,Intersection,Dry,No Unusual Conditions,25, ,Daylight,Y, , , , , , , ,,Passenger Car,No Injuries Reported,Yes,Proceeding Straight,No,No, , ,Y, , ,Y, , ,Y, , ,Proceeding Straight,No,Yes,Yes,3, , , , ,Y, , ,Y, , , , , , ,Y, ,Y,Y, , ,No,, ,Yes,, ,, ,, ,Yes, ," On July [XXX], 2022 at 3:26 PM PST a Waymo Autonomous Vehicle (Waymo AV) operating in San Francisco, CA was in a collision involving a passenger vehicle on [XXX]at [XXX]. 
The Waymo AV was traveling westbound on [XXX] 
 when it detected a siren from a nearby emergency vehicle. As the Waymo AV slowed, a passenger vehicle made contact with the rear of the Waymo AV. At the time of the impact, the Waymo AVs Level 4 ADS was engaged in autonomous mode, and a test driver was present (in the drivers seating position). Both vehicles sustained damage.
Waymo is reporting this crash under Request No. 1 of Standing General Order 2021-01 because a vehicle involved was towed away. Waymo may supplement or correct its reporting with additional information as it may become available. This report was submitted from the Eastern time zone on the required date.",
30531-3227,1,Transdev Alternative Services,Monthly,5,2021,JUN-2022,SADHW2S1XM1, ,N/A,Jaguar,I-Pace, ,2021, ,4c109ee6f767a49,14770, ,In-Vehicle and Remote (Commercial / Test),5th Generation ADS, , ,, , ,, , ,, , ,,, , ,,,Yes,ADS,Waymo LLC, , ,Y, , , , , ,,MAY-2022, ,MAY-2022,13:26, ,922887c7b03509c,[MAY CONTAIN PERSONALLY IDENTIFIABLE INFORMATION], ,[MAY CONTAIN PERSONALLY IDENTIFIABLE INFORMATION], ,[MAY CONTAIN PERSONALLY IDENTIFIABLE INFORMATION], ,San Francisco, ,CA ,[MAY CONTAIN PERSONALLY IDENTIFIABLE INFORMATION], ,Intersection,Dry,No Unusual Conditions,25, ,Daylight,Y, , , , , , , ,,Passenger Car,No Injuries Reported,Yes,Proceeding Straight,No,No, , , , , , , , ,Y, , ,Making Left Turn,No,No,Yes,1, , , , ,Y, , , , , , , , , ,Y, ,Y,Y, , ,No,, ,Yes,, ,, ,, ,Yes, ,"On May [XXX], 2022 at 1:26 PM PST a Waymo Autonomous Vehicle (""Waymo AV"") operating in San Francisco, California was in a collision involving a passenger car on [XXX] at [XXX]. The Waymo AV was proceeding south on [XXX] in autonomous mode, and preparing to make a left turn onto [XXX]. As the Waymo AV entered the intersection, it slowed to yield to northbound traffic on [XXX]. A passenger car approached from behind and made contact with the rear of the Waymo AV. At the time of the impact, the Waymo AV's Level 4 ADS was engaged in autonomous mode, and a test driver was present (in the driver's seating position). Both vehicles sustained minor damage. Transdev Alternative Services is reporting this crash under Request No. 2 of Standing General Order 2021-01. Transdev may supplement or correct its reporting with additional information as it may become available. This report is a duplicate to WaymoLLC-2022[XXX]-0 (rev.20220615[XXX])",
30270-3221,1,Waymo LLC,Monthly,5,2022,JUN-2022,SADHW2S1XM1, ,N/A,Jaguar,I-Pace, ,2021, ,4c109ee6f767a49,14770, ,In-Vehicle (Commercial / Test),5th Generation ADS, , ,, , ,, , ,, , ,,, , ,,,Yes,ADS,Waymo LLC, , ,Y, , , , , ,,MAY-2022, ,MAY-2022,13:26, ,922887c7b03509c,[MAY CONTAIN PERSONALLY IDENTIFIABLE INFORMATION], ,[MAY CONTAIN PERSONALLY IDENTIFIABLE INFORMATION], ,[MAY CONTAIN PERSONALLY IDENTIFIABLE INFORMATION], ,San Francisco, ,CA ,[MAY CONTAIN PERSONALLY IDENTIFIABLE INFORMATION], ,Intersection,Dry,No Unusual Conditions,25, ,Daylight,Y, , , , , , , ,,Passenger Car,No Injuries Reported,Yes,Proceeding Straight,No,No, , , , , , , , ,Y, , ,Making Left Turn,No,No,Yes,1, , , , ,Y, , , , , , , , , ,Y, ,Y,Y, , ,No,, ,Yes,, ,, ,, ,Yes, ," On May [XXX], 2022 at 1:26 PM PST a Waymo Autonomous Vehicle (Waymo AV) operating in San Francisco, California was in a collision involving a passenger car on [XXX] at [XXX].
The Waymo AV was proceeding south on [XXX] at [XXX].
, [XXX] in autonomous mode, and preparing to make a left turn onto [XXX]. As the Waymo AV entered the intersection, it slowed to yield to northbound traffic on [XXX]. A passenger car approached from behind and made contact with the rear of the Waymo AV. At the time of the impact, the Waymo AVs Level 4 ADS was engaged in autonomous mode, and a test driver was present (in the drivers seating position). Both vehicles sustained minor damage.
Waymo is reporting this crash under Request No. 2 of Standing General Order 2021-01. Waymo may supplement or correct its reporting with additional information as it may become available. This report was submitted from the Pacific time zone on the required date.",
30711-3157,1,Pony.ai,Monthly,6,2022,JUN-2022,KM8K23AG2MU, ,N/A,Hyundai,Kona EV, ,2021, ,c27390a5d6cc6fa,19429, ,In-Vehicle (Commercial / Test),L4, , ,, , ,, , ,, , ,,, , ,,,Yes,ADS,Pony.ai, , , , ,Y, , , ,,MAY-2022, ,MAY-2022,15:00, ,ae16b7a8038ba70,[MAY CONTAIN PERSONALLY IDENTIFIABLE INFORMATION], ,[MAY CONTAIN PERSONALLY IDENTIFIABLE INFORMATION], ,[MAY CONTAIN PERSONALLY IDENTIFIABLE INFORMATION], ,Irvine, ,CA ,[MAY CONTAIN PERSONALLY IDENTIFIABLE INFORMATION], ,Street,Dry,No Unusual Conditions,,Y,Daylight,Y, , , , , , , ,,Passenger Car,No Injuries Reported,Yes,Backing,No,No, , , , , , ,Y, , , , ,Proceeding Straight,No,No,Yes,4, , , , , , , , , , , ,Y, , ,Y, ,Y, , , ,No,, ,Yes,, ,, ,, ,Yes, ,"On May [XXX], 2022, while operating in autonomous mode with a safety operator in the driver's seat, a Pony.ai Autonomous Vehicle was proceeding straight at a low speed when a passenger vehicle reversed into the side of the Pony.ai vehicle. The Pony.ai vehicle did not suffer damage. There were no injuries, the police were not called to the scene, and the Pony.ai vehicle was driven back to Pony.ai's Irvine-area facility. Please note that the ""UNK"" checkbox was selected for the Pony.ai vehicle in the grid as there is no option to select ""no damage"" for the subject vehicle. The only minor damage in the incident was to the passenger vehicle.",
540-3085,2,"General Motors, LLC",10-Day Update,,,JUN-2022,5G21A6P05N4, ,N/A,Cruise,AV, ,2022, ,67055320714abc5,697, ,Remote (Commercial / Test),,Y, ,, , ,, , ,, , ,,, , ,,,Yes,ADS,Cruise LLC, , ,Y, ,Y, , , ,,JUN-2022, ,JUN-2022,23:00, ,07df46993d3d218,[MAY CONTAIN PERSONALLY IDENTIFIABLE INFORMATION], ,[MAY CONTAIN PERSONALLY IDENTIFIABLE INFORMATION], ,[MAY CONTAIN PERSONALLY IDENTIFIABLE INFORMATION], ,San Francisco, ,CA ,[MAY CONTAIN PERSONALLY IDENTIFIABLE INFORMATION], ,Intersection,Dry,No Unusual Conditions,25, ,Dark - Lighted,Y, , , , , , , ,,Passenger Car,Minor,Yes,Proceeding Straight,Yes,Yes, , , , , ,Y, ,Y,Y, , ,Making Left Turn,No,Yes,Yes,0, ,Y, , ,Y, , ,Y,Y, , , ,Y,Y,Y, ,Y,Y, , ,Yes,San Francisco Police Depertment, ,Yes,[MAY CONTAIN PERSONALLY IDENTIFIABLE INFORMATION], ,,Y,,Y,Yes, ,"On June [XXX], 2022 GM Cruise Holdings LLC (""Cruise"") filed an update to an Incident Report (the ""Report"") under the Standing General Order 2021-01 dated June 29, 2021 (the ""Order""). General Motors LLC (GM) manufactured the Cruise-operated motor vehicle involved in the incident summarized in the Incident Report. Because GM is also a Reporting Entity under the Order, GM is submitting a duplicate of the redacted public copy of the Report. GM has selected ""Unknown"" in the ""ADS version"" and ""ODD time"" fields solely to avoid a second submission of nonpublic Cruise CBI GM is in possession of Cruise's responses to these fields, and incorporates Cruise's responses into this submission by reference. GM's submission is based on facts supplied to GM by Cruise. GM has not investigated the alleged incident and currently believes, based on a reasonable inquiry, that it has no independent knowledge of the facts in the Report. (Reference file: 30412-3084-2)",
30610-3158,1,"Zoox, Inc.",Monthly,5,2022,JUN-2022,5TDDCRFR7GS, ,N/A,Toyota,Highlander, ,2016, ,faa7fd344bfdae8,81606, ,In-Vehicle (Commercial / Test),51.22.05.20, , ,, , ,, , ,, , ,,, , ,,,Yes,ADS,Zoox, , , , , ,Y, , ,,MAY-2022, ,MAY-2022,13:30, ,33e8d4e5afdbbd8,[MAY CONTAIN PERSONALLY IDENTIFIABLE INFORMATION], ,[MAY CONTAIN PERSONALLY IDENTIFIABLE INFORMATION], ,[MAY CONTAIN PERSONALLY IDENTIFIABLE INFORMATION], ,San Francisco, ,CA ,[MAY CONTAIN PERSONALLY IDENTIFIABLE INFORMATION], ,Street,Dry,No Unusual Conditions,25, ,Daylight,Y, , , , , , , ,,Passenger Car,Unknown,Unknown,Proceeding Straight,Unknown,Unknown, , , , , ,Y, , , , , ,Stopped,No,No,Yes,25, , , , ,Y, , , , , , , ,Y, ,Y, ,Y, , , ,No,, ,No,, ,, ,, ,Yes, ," A Zoox vehicle in autonomous mode was stopped on [XXX] facing [XXX] facing [XXX], when a passenger vehicle from behind made contact with its rear sensors at low speed. The police were not called and there were no injuries.",
30412-3084,2,Cruise LLC,10-Day Update,,,JUN-2022,5G21A6P05N4, ,N/A,Cruise,AV, ,2022, ,67055320714abc5,697, ,Remote (Commercial / Test),"[REDACTED, MAY CONTAIN CONFIDENTIAL BUSINESS INFORMATION]", ,Y,, , ,, , ,, , ,,, , ,,,Yes,ADS,Cruise LLC, , ,Y, ,Y, , , ,,JUN-2022, ,JUN-2022,23:00, ,07df46993d3d218,[MAY CONTAIN PERSONALLY IDENTIFIABLE INFORMATION], ,[MAY CONTAIN PERSONALLY IDENTIFIABLE INFORMATION], ,[MAY CONTAIN PERSONALLY IDENTIFIABLE INFORMATION], ,San Francisco, ,CA ,[MAY CONTAIN PERSONALLY IDENTIFIABLE INFORMATION], ,Intersection,Dry,No Unusual Conditions,25, ,Dark - Lighted,Y, , , , , , , ,,Passenger Car,Minor,Yes,Proceeding Straight,Yes,Yes, , , , , ,Y, ,Y,Y, , ,Making Left Turn,No,Yes,Yes,0, ,Y, , ,Y, , ,Y,Y, , , ,Y,Y,Y, ,Y,Y, , ,Yes,San Francisco Police Department, ,Yes,[MAY CONTAIN PERSONALLY IDENTIFIABLE INFORMATION], ,,Y,,Y,"[REDACTED, MAY CONTAIN CONFIDENTIAL BUSINESS INFORMATION]",Y,"A Cruise autonomous vehicle (""Cruise AV"") operating in driverless autonomous mode, was traveling eastbound on [XXX] toward the intersection with [XXX]. As it approached the intersection, the Cruise AV entered the left hand turn lane, turned the left turn signal on, and initiated a left turn on a green light onto [XXX]. At the same time, a Toyota Prius traveling westbound in the rightmost bus and turn lane of [XXX] approached the intersection in the right turn lane. The Toyota Prius was traveling approximately 40 mph in a 25 mph speed zone. The Cruise AV came to a stop before fully completing its turn onto [XXX] due to the oncoming Toyota Prius, and the Toyota Prius entered the intersection traveling straight from the turn lane instead of turning. Shortly thereafter, the Toyota Prius made contact with the rear passenger side of the Cruise AV. The impact caused damage to the right rear door, panel, and wheel of the Cruise AV. Police and Emergency Medical Services were called to the scene, and a police report was filed. The Cruise AV was towed from the scene. Occupants of both vehicles received medical treatment for allegedly minor injuries. [REDACTED CONFIDENTIAL BUSINESS INFORMATION]",Y
540-2512,2,"General Motors, LLC",Update,2,2022,JUN-2022,5G21A6P05L4, ,N/A,Cruise,AV, ,2020, ,4ede896caa0dd6e,32234, ,Remote (Commercial / Test),,Y, ,, , ,, , ,, , ,,, , ,,,Yes,ADS,Cruise LLC, , ,Y, , , , , ,,FEB-2022, ,FEB-2022,00:48, ,027edaee5964dad,[MAY CONTAIN PERSONALLY IDENTIFIABLE INFORMATION], ,[MAY CONTAIN PERSONALLY IDENTIFIABLE INFORMATION], ,[MAY CONTAIN PERSONALLY IDENTIFIABLE INFORMATION], ,San Francisco, ,CA ,[MAY CONTAIN PERSONALLY IDENTIFIABLE INFORMATION], ,Intersection,Dry,No Unusual Conditions,25, ,Dark - Lighted,Y, , , , , , , ,,Passenger Car,No Injuries Reported,Yes,Making Left Turn,No,No, ,Y,Y, , , , , , , , ,Proceeding Straight,No,No,No Passengers in Vehicle,13, , , , , , ,Y, , ,Y, , ,Y,Y,Y, ,Y,Y, , ,Yes,San Francisco Police Department, ,Yes,[MAY CONTAIN PERSONALLY IDENTIFIABLE INFORMATION], ,,Y,,Y,"Unknown, see Narrative", ,"On June [XXX], 2022, GM Cruise Holdings LLC (""Cruise"") filed an update to an Incident Report (the ""Report"") under the Standing General Order 2021-01 dated June 29, 2021 (the ""Order"").  General Motors LLC (""GM"") manufactured the Cruise-operated motor vehicle involved in the incident summarized in the Incident Report. Because GM is also a Reporting Entity under the Order, GM is submitting a duplicate of the redacted public copy of the Report. GM has selected ""Unknown"" in the ""ADS version"" and ""ODD time"" fields solely to avoid a second submission of nonpublic Cruise CBI GM is in possession of Cruise""s responses to these fields, and incorporates Cruise""s responses into this submission by reference. GM's submission is based on facts supplied to GM by Cruise. GM has not investigated the alleged incident and currently believes, based on a reasonable inquiry, that it has no independent knowledge of the facts in the Report. (Reference file: Cruise Report ID 30412-2476-2)",
540-3123,1,"General Motors, LLC",Monthly,5,2022,JUN-2022,5G21A6P03L4, ,N/A,Cruise,AV, ,2020, ,c8b988b72ff1d9f,32821, ,In-Vehicle and Remote (Commercial / Test),,Y, ,, , ,, , ,, , ,,, , ,,,Yes,ADS,Cruise LLC, , ,Y, ,Y,Y, , ,,MAY-2022, ,MAY-2022,4:37, ,6b298fec78911d4,[MAY CONTAIN PERSONALLY IDENTIFIABLE INFORMATION], ,[MAY CONTAIN PERSONALLY IDENTIFIABLE INFORMATION], ,[MAY CONTAIN PERSONALLY IDENTIFIABLE INFORMATION], ,San Francisco, ,CA ,[MAY CONTAIN PERSONALLY IDENTIFIABLE INFORMATION], ,Intersection,Dry,No Unusual Conditions,25, ,Dark - Lighted,Y, , , , , , , ,,Passenger Car,Minor,Yes,Proceeding Straight,No,No, , ,Y, , ,Y, , , , , ,Stopped,No,No,Yes,0, , , , ,Y, , ,Y, , , , ,Y, ,Y, ,Y,Y, , ,No,, ,Yes,, ,, ,, ,"Unknown, see Narrative", ,"On June [XXX], 2022, GM Cruise Holdings LLC (""Cruise"") filed an Incident Report (the ""Report"") under the Standing General Order 2021-01 dated June 29, 2021 (the ""Order"").General Motors LLC (GM) manufactured the Cruise-operated motor vehicle involved in the incident summarized in the Incident Report. Because GM is also a Reporting Entity under the Order, GM is submitting a duplicate of the redacted public copy of the Report. GM has selected ""Unknown"" in the ""ADS version"" and ""ODD time"" fields solely to avoid a second submission of nonpublic Cruise CBI GM is in possession of Cruise's responses to these fields, and incorporates Cruise's responses into this submission by reference. GM's submission is based on facts supplied to GM by Cruise. GM has not investigated the alleged incident and currently believes, based on a reasonable inquiry, that it has no independent knowledge of the facts in the Report. (Reference file: 30412-3073-1)
",