Report ID,Report Version,Reporting Entity,Report Type,Report Month,Report Year,Report Submission Date,VIN,VIN - Unknown,Serial Number,Make,Model,Model - Unknown,Model Year,Model Year - Unknown,Same Vehicle ID,Mileage,Mileage - Unknown,Driver / Operator Type,ADAS/ADS System Version,ADAS/ADS System Version - Unk,ADAS/ADS System Version CBI,ADAS/ADS Hardware Version,ADAS/ADS Hardware Version - Unk,ADAS/ADS Hardware Version CBI,ADAS/ADS Software Version,ADAS/ADS Software Version - Unk,ADAS/ADS Software Version CBI,Other Reporting Entities?,Other Reporting Entities? - Unk,Other Reporting Entities? - NA,Federal Regulatory Exemption?,Other Federal Reg. Exemption,Federal Reg. Exemption - Unk,Federal Reg. Exemption - No,State or Local Permit?,State or Local Permit,ADS Equipped?,Automation System Engaged?,Operating Entity,Operating Entity - Unknown,Source - Complaint/Claim,Source - Telematics,Source - Law Enforcement,Source - Field Report,Source - Testing,Source - Media,Source - Other,Source - Other Text,Incident Date,Incident Date - Unknown,Notice Received Date,Incident Time (24:00),Incident Time - Unknown,Same Incident ID,Latitude,Latitude - Unknown,Longitude,Longitude - Unknown,Address,Address - Unknown,City,City - Unknown,State,Zip Code,Zip Code - Unknown,Roadway Type,Roadway Surface,Roadway Description,Posted Speed Limit (MPH),Posted Speed Limit - Unknown,Lighting,Weather - Clear,Weather - Snow,Weather - Cloudy,Weather - Fog/Smoke,Weather - Rain,Weather - Severe Wind,Weather - Unknown,Weather - Other,Weather - Other Text,Crash With,Highest Injury Severity Alleged,Property Damage?,CP Pre-Crash Movement,CP Any Air Bags Deployed?,CP Was Vehicle Towed?,CP Contact Area - Rear Left,CP Contact Area - Left,CP Contact Area - Front Left,CP Contact Area - Rear,CP Contact Area - Top,CP Contact Area - Front,CP Contact Area - Rear Right,CP Contact Area - Right,CP Contact Area - Front Right,CP Contact Area - Bottom,CP Contact Area - Unknown,SV Pre-Crash Movement,SV Any Air Bags Deployed?,SV Was Vehicle Towed?,SV Were All Passengers Belted?,SV Precrash Speed (MPH),SV Pre-crash Speed - Unknown,SV Contact Area - Rear Left,SV Contact Area - Left,SV Contact Area - Front Left,SV Contact Area - Rear,SV Contact Area - Top,SV Contact Area - Front,SV Contact Area - Rear Right,SV Contact Area - Right,SV Contact Area - Front Right,SV Contact Area - Bottom,SV Contact Area - Unknown,Data Availability - EDR,Data Availability - Police Rpt,Data Availability - Telematics,Data Availability - Complaints,Data Availability - Video,Data Availability - Other,Data Availability - No Data,Data Availability - Unknown,Law Enforcement Investigating?,Investigating Agency,Investigating Agency - Unknown,Rep Ent Or Mfr Investigating?,Investigating Officer Name,Inv. Officer Name - Unknown,Investigating Officer Phone,Inv. Officer Phone - Unknown,Investigating Officer Email,Inv. Officer Email - Unknown,Within ODD?,Within ODD? - CBI,Narrative,Narrative - CBI?
30270-2149,1,Waymo LLC,Monthly,12,2021,JAN-2022,SADHW2S11M1, ,N/A,Jaguar,I-Pace, ,2021, ,5b2fd709cf91a79,14451, ,In-Vehicle (Commercial / Test),5th Generation ADS, , ,, , ,, , ,, , ,,, , ,,,Yes,ADS,Waymo LLC, , ,Y, , , , , ,,DEC-2021, ,DEC-2021,12:23, ,a0c5ba77c698760,[MAY CONTAIN PERSONALLY IDENTIFIABLE INFORMATION], ,[MAY CONTAIN PERSONALLY IDENTIFIABLE INFORMATION], ,[MAY CONTAIN PERSONALLY IDENTIFIABLE INFORMATION], ,San Francisco, ,CA ,[MAY CONTAIN PERSONALLY IDENTIFIABLE INFORMATION], ,Intersection,Dry,No Unusual Conditions,25, ,Daylight, , ,Y, , , , , ,,Passenger Car,No Injuries Reported,Yes,Backing,No,No,Y, , , , , , , , , , ,Stopped,No,No,Yes,0, , , , , , , ,Y, , , , , , ,Y, ,Y,Y, , ,No,, ,Yes,, ,, ,, ,Yes, ,"On December [XXX], 2021 at 12:23 PM PST a Waymo Autonomous Vehicle ('Waymo AV') operating in San Francisco, CA was in a collision involving a passenger vehicle on [XXX] at [XXX] and [XXX].
As the Waymo AV approached the intersection of [XXX] and [XXX], it stopped behind traffic at a red light. After the Waymo AV was fully stopped, a passenger vehicle reversed out of a parking spot perpendicular to the Waymo AV and made contact with the passenger side rear corner of the Waymo AV. At the time of the impact, the Waymo AV's Level 4 ADS was engaged in autonomous mode, and a test driver was present in the driver's seating position. Both vehicles sustained minor damage to their rear bumpers.",
540-2103,1,"General Motors, LLC",Monthly,12,2021,JAN-2022,5G21A6P00L4, ,N/A,Cruise,AV, ,2020, ,6b5824d035605b2,30000, ,In-Vehicle and Remote (Commercial / Test),,Y, ,, , ,, , ,, , ,,, , ,,,Yes,ADS,Cruise LLC, , , , , ,Y, , ,,NOV-2021, ,DEC-2021,7:44, ,bcd5c7d623b0294,[MAY CONTAIN PERSONALLY IDENTIFIABLE INFORMATION], ,[MAY CONTAIN PERSONALLY IDENTIFIABLE INFORMATION], ,[MAY CONTAIN PERSONALLY IDENTIFIABLE INFORMATION], ,San Francisco, ,CA ,[MAY CONTAIN PERSONALLY IDENTIFIABLE INFORMATION], ,Street,Dry,No Unusual Conditions,25, ,Daylight,Y, , , , , , , ,,Passenger Car,Minor,No,Proceeding Straight,No,No, , , , , ,Y, , , , , ,Stopped,No,No,Yes,0, , , , ,Y, , , , , , , ,Y, ,Y, ,Y,Y, , ,No,, ,Yes,, ,, ,, ,"Unknown, see Narrative", ,"On January [XXX], 2022, GM Cruise Holdings LLC ('Cruise') filed an Incident Report (the 'Report') under the Standing General Order 2021-01 dated June 29, 2021 (the 'Order').  General Motors LLC ('GM') manufactured the Cruise-operated motor vehicle involved in the alleged incident summarized in the Incident Report.  Because GM is also a Reporting Entity under the Order, GM is submitting a duplicate of the redacted public copy of the Report.  GM has selected 'Unknown' in the 'ADS version' and 'ODD time' fields solely to avoid a second submission of nonpublic Cruise CBI; GM is in possession of Cruise's responses to these fields, and incorporates Cruise's responses into this submission by reference.  GM's submission is based on facts supplied to GM by Cruise.  GM has not investigated the alleged incident and currently believes, based on a reasonable inquiry, that it has no independent knowledge of the facts in the Report.  (Reference file: (30412-2020-1)",
540-2101,1,"General Motors, LLC",Monthly,12,2021,JAN-2022,5G21A6P06L4, ,N/A,Cruise,AV, ,2020, ,a41dcc6c4454525,30905, ,In-Vehicle and Remote (Commercial / Test),,Y, ,, , ,, , ,, , ,,, , ,,,Yes,ADS,Cruise LLC, , , , , ,Y, , ,,DEC-2021, ,DEC-2021,17:22, ,0785569a15960a6,[MAY CONTAIN PERSONALLY IDENTIFIABLE INFORMATION], ,[MAY CONTAIN PERSONALLY IDENTIFIABLE INFORMATION], ,[MAY CONTAIN PERSONALLY IDENTIFIABLE INFORMATION], ,San Francisco, ,CA ,[MAY CONTAIN PERSONALLY IDENTIFIABLE INFORMATION], ,Street,Dry,No Unusual Conditions,25, ,Dark - Lighted,Y, , , , , , , ,,Passenger Car,No Injuries Reported,Yes,Making Right Turn,No,No, , ,Y, , , , , , , , ,Stopped,No,No,Yes,0, , , , , , , ,Y, , , , ,Y, ,Y, ,Y,Y, , ,No,, ,Yes,, ,, ,, ,"Unknown, see Narrative", ,"On January [XXX], 2022, GM Cruise Holdings LLC ('Cruise') filed an Incident Report (the 'Report') under the Standing General Order 2021-01 dated June 29, 2021 (the 'Order').  General Motors LLC ('GM') manufactured the Cruise-operated motor vehicle involved in the alleged incident summarized in the Incident Report.  Because GM is also a Reporting Entity under the Order, GM is submitting a duplicate of the redacted public copy of the Report.  GM has selected 'Unknown' in the 'ADS version' and 'ODD time' fields solely to avoid a second submission of nonpublic Cruise CBI; GM is in possession of Cruise's responses to these fields, and incorporates Cruise's responses into this submission by reference.  GM's submission is based on facts supplied to GM by Cruise.  GM has not investigated the alleged incident and currently believes, based on a reasonable inquiry, that it has no independent knowledge of the facts in the Report.  (Reference file: (30412-2019-1)",
540-2078,1,"General Motors, LLC",Monthly,12,2021,JAN-2022,5G21A6P08L4, ,N/A,Cruise,AV, ,2020, ,54ce296ece6c13b,31843, ,In-Vehicle (Commercial / Test),,Y, ,, , ,, , ,, , ,,, , ,,,Yes,ADS,Cruise LLC, , , , , ,Y, , ,,DEC-2021, ,DEC-2021,18:41, ,c7b2b7547ace394,[MAY CONTAIN PERSONALLY IDENTIFIABLE INFORMATION], ,[MAY CONTAIN PERSONALLY IDENTIFIABLE INFORMATION], ,[MAY CONTAIN PERSONALLY IDENTIFIABLE INFORMATION], ,San Francisco, ,CA ,[MAY CONTAIN PERSONALLY IDENTIFIABLE INFORMATION], ,Street,Wet,No Unusual Conditions,25, ,Dark - Lighted, , , , ,Y, , , ,,Passenger Car,No Injuries Reported,Yes,Entering Traffic,No,No, , , , , , , , ,Y, , ,Proceeding Straight,No,No,Yes,3, , , ,Y, , , , , , , , ,Y, ,Y, ,Y,Y, , ,No,, ,Yes,, ,, ,, ,"Unknown, see Narrative", ,"On January [XXX], 2022, GM Cruise Holdings LLC ('Cruise') filed an Incident Report (the 'Report') under the Standing General Order 2021-01 dated June 29, 2021 (the 'Order').  General Motors LLC ('GM') manufactured the Cruise-operated motor vehicle involved in the alleged incident summarized in the Incident Report.  Because GM is also a Reporting Entity under the Order, GM is submitting a duplicate of the redacted public copy of the Report.  GM has selected 'Unknown' in the 'ADS version' and 'ODD time' fields solely to avoid a second submission of nonpublic Cruise CBI; GM is in possession of Cruise's responses to these fields, and incorporates Cruise's responses into this submission by reference.  GM's submission is based on facts supplied to GM by Cruise.  GM has not investigated the alleged incident and currently believes, based on a reasonable inquiry, that it has no independent knowledge of the facts in the Report.  (Reference file: 30412-2017-1)",
30412-2020,1,Cruise LLC,Monthly,12,2021,JAN-2022,5G21A6P00L4, ,N/A,Cruise,AV, ,2020, ,6b5824d035605b2,30000, ,In-Vehicle and Remote (Commercial / Test),"[REDACTED, MAY CONTAIN CONFIDENTIAL BUSINESS INFORMATION]", ,Y,, , ,, , ,, , ,,, , ,,,Yes,ADS,Cruise LLC, ,Y, , , , , , ,,NOV-2021, ,DEC-2021,7:44, ,bcd5c7d623b0294,[MAY CONTAIN PERSONALLY IDENTIFIABLE INFORMATION], ,[MAY CONTAIN PERSONALLY IDENTIFIABLE INFORMATION], ,[MAY CONTAIN PERSONALLY IDENTIFIABLE INFORMATION], ,San Francisco, ,CA ,[MAY CONTAIN PERSONALLY IDENTIFIABLE INFORMATION], ,Street,Dry,No Unusual Conditions,25, ,Daylight,Y, , , , , , , ,,Passenger Car,Minor,No,Proceeding Straight,No,No, , , , , ,Y, , , , , ,Stopped,No,No,Yes,0, , , , ,Y, , , , , , , ,Y, ,Y, ,Y,Y, , ,No,, ,Yes,, ,, ,, ,"[REDACTED, MAY CONTAIN CONFIDENTIAL BUSINESS INFORMATION]",Y,"A Cruise autonomous vehicle (""Cruise AV""), operating in supervised autonomous mode, was at a complete stop in response to a stop sign on westbound [XXX] at the intersection with [XXX]. Another vehicle approaching from the rear made contact with the Cruise AV's rear bumper. There were no injuries and police were not called. The Cruise AV test operator later mentioned neck pain. [REDACTED CONFIDENTIAL BUSINESS INFORMATION]",Y
30412-2019,1,Cruise LLC,Monthly,12,2021,JAN-2022,5G21A6P06L4, ,N/A,Cruise,AV, ,2020, ,a41dcc6c4454525,30905, ,In-Vehicle and Remote (Commercial / Test),"[REDACTED, MAY CONTAIN CONFIDENTIAL BUSINESS INFORMATION]", ,Y,, , ,, , ,, , ,,, , ,,,Yes,ADS,Cruise LLC, , , , , ,Y, , ,,DEC-2021, ,DEC-2021,17:22, ,0785569a15960a6,[MAY CONTAIN PERSONALLY IDENTIFIABLE INFORMATION], ,[MAY CONTAIN PERSONALLY IDENTIFIABLE INFORMATION], ,[MAY CONTAIN PERSONALLY IDENTIFIABLE INFORMATION], ,San Francisco, ,CA ,[MAY CONTAIN PERSONALLY IDENTIFIABLE INFORMATION], ,Street,Dry,No Unusual Conditions,25, ,Dark - Lighted,Y, , , , , , , ,,Passenger Car,No Injuries Reported,Yes,Making Right Turn,No,No, , ,Y, , , , , , , , ,Stopped,No,No,Yes,0, , , , , , , ,Y, , , , ,Y, ,Y, ,Y,Y, , ,No,, ,Yes,, ,, ,, ,"[REDACTED, MAY CONTAIN CONFIDENTIAL BUSINESS INFORMATION]",Y,"A Cruise autonomous vehicle (""Cruise AV""), operating in supervised autonomous mode, was at a complete stop in response to a red light on southbound [XXX] at the intersection with [XXX]. Another vehicle approaching from the rear made contact with the Cruise AV's rear bumper, damaging the rear right bumper. The driver of the other vehicle left the scene without exchanging information. There were no injuries and police were not called. [REDACTED CONFIDENTIAL BUSINESS INFORMATION]",Y
30412-2017,1,Cruise LLC,Monthly,12,2021,JAN-2022,5G21A6P08L4, ,N/A,Cruise,AV, ,2020, ,54ce296ece6c13b,31843, ,In-Vehicle and Remote (Commercial / Test),"[REDACTED, MAY CONTAIN CONFIDENTIAL BUSINESS INFORMATION]", ,Y,, , ,, , ,, , ,,, , ,,,Yes,ADS,Cruise LLC, , , , , ,Y, , ,,DEC-2021, ,DEC-2021,18:41, ,c7b2b7547ace394,[MAY CONTAIN PERSONALLY IDENTIFIABLE INFORMATION], ,[MAY CONTAIN PERSONALLY IDENTIFIABLE INFORMATION], ,[MAY CONTAIN PERSONALLY IDENTIFIABLE INFORMATION], ,San Francisco, ,CA ,[MAY CONTAIN PERSONALLY IDENTIFIABLE INFORMATION], ,Street,Wet,No Unusual Conditions,25, ,Dark - Lighted, , , , ,Y, , , ,,Passenger Car,No Injuries Reported,Yes,Entering Traffic,No,No, , , , , , , , ,Y, , ,Proceeding Straight,No,No,Yes,3, , , ,Y, , , , , , , , ,Y, ,Y, ,Y,Y, , ,No,, ,Yes,, ,, ,, ,"[REDACTED, MAY CONTAIN CONFIDENTIAL BUSINESS INFORMATION]",Y,"A Cruise autonomous vehicle (""Cruise AV""), operating in supervised autonomous mode, was traveling eastbound on [XXX] in the leftmost lane between [XXX] and [XXX]. A Toyota Sienna traveling southbound on [XXX] made an unprotected left turn to merge onto eastbound [XXX]. The Cruise AV braked prior to the Cruise AV operator disengaging the Cruise AV from autonomous mode. The Cruise AV operator continued to brake but, shortly thereafter, the Toyota Sienna made contact with the Cruise AV, damaging the front left fender of the Cruise AV. Police were not called to the scene and no injuries were reported. [REDACTED CONFIDENTIAL BUSINESS INFORMATION]",Y
30270-1983,1,Waymo LLC,1-Day,,,DEC-2021,SADHW2S18M1, ,N/A,Jaguar,I-Pace, ,2021, ,c076b8ec8eaf73f,17989, ,In-Vehicle (Commercial / Test),5th Generation ADS, , ,, , ,, , ,, , ,,, , ,,,Yes,ADS,Waymo LLC, , ,Y, , , , , ,,DEC-2021, ,DEC-2021,10:30, ,59513ab6ced8ed3,[MAY CONTAIN PERSONALLY IDENTIFIABLE INFORMATION], ,[MAY CONTAIN PERSONALLY IDENTIFIABLE INFORMATION], ,[MAY CONTAIN PERSONALLY IDENTIFIABLE INFORMATION], ,San Francisco, ,CA ,[MAY CONTAIN PERSONALLY IDENTIFIABLE INFORMATION], ,Intersection,Dry,No Unusual Conditions,30, ,Daylight,Y, , , , , , , ,,Passenger Car,No Injuries Reported,Yes,Backing,No,No,Y, , , , , , , , , , ,Stopped,No,No,Yes,0, , , , , , , ,Y, , , , , , ,Y, ,Y,Y, , ,No,, ,Yes,, ,, ,, ,Yes, ,"Other than a correction made to the ""Lighting"" field, the content of this report is unchanged from the initial report submitted on December [XXX], 2021 [Report ID # 30270-1949-1].
On December [XXX], 2021 at 10:30 AM PST a Waymo Autonomous Vehicle ('Waymo AV') operating in San Francisco, CA was in a collision involving a passenger vehicle at [XXX] and [XXX].
At the time of the impact, the Waymo AV's Level 4 ADS was engaged in autonomous mode, and a test driver was present (in the driver's seating position). The Waymo AV was stopped facing southwest on [XXX] while yielding to pedestrians in a crosswalk when a passenger vehicle reversed at a low speed from an adjacent driveway into the right rear bumper of the Waymo AV. Both vehicles sustained minor damage.
Waymo is reporting this crash under Request No. 1 of Standing General Order 2021-01 because the Waymo AV was stopped to yield to pedestrians at the time of impact. Waymo may supplement or correct its reporting with additional information as it may become available. This report was submitted from the Pacific time zone on the required date.",
30531-1984,2,Transdev Alternative Services,10-Day Update,,,DEC-2021,SADHW2S18M1, ,N/A,Jaguar,I-Pace, ,2021, ,c076b8ec8eaf73f,17989, ,In-Vehicle (Commercial / Test),,Y, ,, , ,, , ,, , ,,, , ,,,Yes,ADAS,Waymo LLC., , , , ,Y, , , ,,DEC-2021, ,DEC-2021,10:30, ,59513ab6ced8ed3,,Y,,Y,[MAY CONTAIN PERSONALLY IDENTIFIABLE INFORMATION], ,San Francisco, ,CA ,[MAY CONTAIN PERSONALLY IDENTIFIABLE INFORMATION], ,Intersection,Dry,No Unusual Conditions,30, ,Dark - Lighted,Y, , , , , , , ,,Passenger Car,No Injuries Reported,Yes,Backing,No,No,Y, , , , , , , , , , ,Stopped,No,No,Yes,0, , , , , , , ,Y, , , , , , , , ,Y,Y, , ,No,, ,Yes,, ,, ,, ,Yes, ,"On December [XXX], 2021 at 10:30 AM PST a Waymo Autonomous Vehicle ('Waymo AV') operating in San Francisco, CA was in a collision involving a passenger vehicle at [XXX] and [XXX].
At the time of the impact, the Waymo AV's Level 4 ADS was engaged in autonomous mode, and a test driver was present (in the driver's seating position). The Waymo AV was stopped facing southwest on [XXX] while yielding to pedestrians in a crosswalk when a passenger vehicle reversed at a low speed from an adjacent driveway into the right rear bumper of the Waymo AV. Both vehicles sustained minor damage.
Transdev Alternative Services is reporting this crash under Request No. 1 of Standing General Order 2021-01 because the Waymo AV was stopped to yield to pedestrians at the time of impact. Transdev may supplement or correct its reporting with additional information as it may become available. This report is a duplicate to Waymo's already submitted report WaymoLLC-202112[XXX]-0 (rev.20211[XXX]0182019).
There are no additional updates to this 10 day report.",
30531-1984,1,Transdev Alternative Services,1-Day,,,DEC-2021,SADHW2S18M1, ,N/A,Jaguar,I-Pace, ,2021, ,c076b8ec8eaf73f,17989, ,In-Vehicle (Commercial / Test),,Y, ,, , ,, , ,, , ,,, , ,,,Yes,ADAS,Waymo LLC., , , , ,Y, , , ,,DEC-2021, ,DEC-2021,10:30, ,59513ab6ced8ed3,,Y,,Y,[MAY CONTAIN PERSONALLY IDENTIFIABLE INFORMATION], ,San Francisco, ,CA ,[MAY CONTAIN PERSONALLY IDENTIFIABLE INFORMATION], ,Intersection,Dry,No Unusual Conditions,30, ,Dark - Lighted,Y, , , , , , , ,,Passenger Car,No Injuries Reported,Yes,Backing,No,No,Y, , , , , , , , , , ,Stopped,No,No,Yes,0, , , , , , , ,Y, , , , , , , , ,Y,Y, , ,No,, ,Yes,, ,, ,, ,Yes, ,"On December [XXX], 2021 at 10:30 AM PST a Waymo Autonomous Vehicle ('Waymo AV') operating in San Francisco, CA was in a collision involving a passenger vehicle at [XXX] and [XXX].
At the time of the impact, the Waymo AV's Level 4 ADS was engaged in autonomous mode, and a test driver was present (in the driver's seating position). The Waymo AV was stopped facing southwest on [XXX] while yielding to pedestrians in a crosswalk when a passenger vehicle reversed at a low speed from an adjacent driveway into the right rear bumper of the Waymo AV. Both vehicles sustained minor damage.
Transdev Alternative Services is reporting this crash under Request No. 1 of Standing General Order 2021-01 because the Waymo AV was stopped to yield to pedestrians at the time of impact. Transdev may supplement or correct its reporting with additional information as it may become available. This report is a duplicate to Waymo's already submitted report WaymoLLC-202112[XXX]-0 (rev.202112[XXX]182019).",
30270-1949,1,Waymo LLC,1-Day,,,DEC-2021,SADHW2S18M1, ,N/A,Jaguar,I-Pace, ,2021, ,c076b8ec8eaf73f,17989, ,In-Vehicle (Commercial / Test),5th Generation ADS, , ,, , ,, , ,, , ,,, , ,,,Yes,ADS,Waymo LLC, , ,Y, , , , , ,,DEC-2021, ,DEC-2021,10:30, ,59513ab6ced8ed3,[MAY CONTAIN PERSONALLY IDENTIFIABLE INFORMATION], ,[MAY CONTAIN PERSONALLY IDENTIFIABLE INFORMATION], ,[MAY CONTAIN PERSONALLY IDENTIFIABLE INFORMATION], ,San Francisco, ,CA ,[MAY CONTAIN PERSONALLY IDENTIFIABLE INFORMATION], ,Intersection,Dry,No Unusual Conditions,30, ,Daylight,Y, , , , , , , ,,Passenger Car,No Injuries Reported,Yes,Backing,No,No,Y, , , , , , , , , , ,Stopped,No,No,Yes,0, , , , , , , ,Y, , , , , , ,Y, ,Y,Y, , ,No,, ,Yes,, ,, ,, ,Yes, ,"On December [XXX], 2021 at 10:30 AM PST a Waymo Autonomous Vehicle ('Waymo AV') operating in San Francisco, CA was in a collision involving a passenger vehicle at [XXX] and [XXX].
At the time of the impact, the Waymo AV's Level 4 ADS was engaged in autonomous mode, and a test driver was present (in the driver's seating position). The Waymo AV was stopped facing southwest on [XXX] while yielding to pedestrians in a crosswalk when a passenger vehicle reversed at a low speed from an adjacent driveway into the right rear bumper of the Waymo AV. Both vehicles sustained minor damage.
Waymo is reporting this crash under Request No. 1 of Standing General Order 2021-01 because the Waymo AV was stopped to yield to pedestrians at the time of impact. Waymo may supplement or correct its reporting with additional information as it may become available. This report was submitted from the Pacific time zone on the required date.",
30531-1943,1,Transdev Alternative Services,Monthly,11,2021,DEC-2021,SADHW2S16M1, ,N/A,Jaguar,I-Pace, ,2021, ,0f2b5c50f367aad,9742, ,In-Vehicle (Commercial / Test),,Y, ,, , ,, , ,, , ,,, , ,,,Yes,ADS,Waymo LLC., , , , ,Y, , , ,,NOV-2021, ,NOV-2021,01:50, ,03d5dd9340f2d40,,Y,,Y,[MAY CONTAIN PERSONALLY IDENTIFIABLE INFORMATION], ,San Francisco, ,CA ,[MAY CONTAIN PERSONALLY IDENTIFIABLE INFORMATION], ,Intersection,Dry,No Unusual Conditions,25, ,Dark - Lighted,Y, , , , , , , ,,Passenger Car,No Injuries Reported,Yes,Proceeding Straight,No,No, ,Y, , , , , , , , , ,Stopped,No,No,Yes,0, , ,Y,Y, , , , , , , , , , , , ,Y,Y, , ,No,, ,Yes,, ,, ,, ,Yes, ,"On November [XXX], 2021 at 1:50 AM PST a Waymo Autonomous Vehicle ('Waymo AV') operating in San Francisco, CA was in a collision involving a passenger vehicle at [XXX] at [XXX]. 
The Waymo AV was traveling westbound on [XXX] when it yielded to an oncoming passenger vehicle. As the passenger vehicle passed the stopped Waymo AV, its driver side rearview mirror made contact with a Waymo AV sensor. At the time of the impact, the Waymo AV's Level 4 ADS was engaged in autonomous mode, and a test driver was present (in the driver's seating position). The Waymo sustained minor damage and the passenger vehicle sustained minor damage.
Transdev Alternative Services is reporting this crash under Request No. 2 of Standing General Order 2021-01. Transdev may supplement or correct its reporting with additional information as it may become available. This report is a duplicate to Waymo LLC report WaymoLLC-2021/11/[XXX]-0 (rev.202112[XXX]182013).",
30531-1942,1,Transdev Alternative Services,Monthly,11,2021,DEC-2021,SADHW2S19M1, ,N/A,Jaguar,I-Pace, ,2021, ,4edb4192b29d35b,11749, ,In-Vehicle (Commercial / Test),,Y, ,, , ,, , ,, , ,,, , ,,,Yes,ADS,Waymo LLC., , , , ,Y, , , ,,NOV-2021, ,NOV-2021,13:23, ,837ba2955e69b46,,Y,,Y,[MAY CONTAIN PERSONALLY IDENTIFIABLE INFORMATION], ,San Francisco, ,CA ,[MAY CONTAIN PERSONALLY IDENTIFIABLE INFORMATION], ,Intersection,Dry,No Unusual Conditions,25, ,Daylight,Y, , , , , , , ,,Passenger Car,No Injuries Reported,Yes,Proceeding Straight,No,No, , , , , ,Y, , , , , ,Stopped,No,No,Yes,0, ,Y, , ,Y, , , , , , , , , , , ,Y,Y, , ,No,, ,Yes,, ,, ,, ,Yes, ,"On November [XXX], 2021 at 1:23 PM PST a Waymo Autonomous Vehicle ('Waymo AV') operating in San Francisco, CA was in a collision involving a passenger vehicle at [XXX] at [XXX]. 
The Waymo AV was stopped at a red light on [XXX] at [XXX]. When the traffic light turned green, the passenger vehicle behind the Waymo AV struck the rear of the Waymo AV. At the time of the impact, the Waymo AV's Level 4 ADS was engaged in autonomous mode, and a test driver was present (in the driver's seating position). The Waymo AV sustained minor damage, and the trailing passenger vehicle sustained minor damage. 
Transdev Alternative Services is reporting this crash under Request No. 2 of Standing General Order 2021-01. Transdev may supplement or correct its reporting with additional information as it may become available. This is a duplicate report for Waymo LLC WaymoLLC-202111[XXX]-0 (rev.202112[XXX]182557).",
30270-1921,1,Waymo LLC,Monthly,11,2021,DEC-2021,SADHW2S19M1, ,N/A,Jaguar,I-Pace, ,2021, ,4edb4192b29d35b,11749, ,In-Vehicle (Commercial / Test),5th Generation ADS, , ,, , ,, , ,, , ,,, , ,,,Yes,ADS,Waymo LLC, , ,Y, , , , , ,,NOV-2021, ,NOV-2021,13:23, ,837ba2955e69b46,[MAY CONTAIN PERSONALLY IDENTIFIABLE INFORMATION], ,[MAY CONTAIN PERSONALLY IDENTIFIABLE INFORMATION], ,[MAY CONTAIN PERSONALLY IDENTIFIABLE INFORMATION], ,San Francisco, ,CA ,[MAY CONTAIN PERSONALLY IDENTIFIABLE INFORMATION], ,Intersection,Dry,No Unusual Conditions,25, ,Daylight,Y, , , , , , , ,,Passenger Car,No Injuries Reported,Yes,Proceeding Straight,No,No, , , , , ,Y, , , , , ,Stopped,No,No,Yes,0, ,Y, , ,Y, , , , , , , , , ,Y, ,Y,Y, , ,No,, ,Yes,, ,, ,, ,Yes, ,"On November [XXX], 2021 at 1:23 PM PST a Waymo Autonomous Vehicle ('Waymo AV') operating in San Francisco, CA was in a collision involving a passenger vehicle at [XXX] at [XXX]. 
The Waymo AV was stopped at a red light on [XXX] at [XXX]. When the traffic light turned green, the passenger vehicle behind the Waymo AV struck the rear of the Waymo AV. At the time of the impact, the Waymo AV's Level 4 ADS was engaged in autonomous mode, and a test driver was present (in the driver's seating position). The Waymo AV sustained minor damage, and the trailing passenger vehicle sustained minor damage. 
Waymo is reporting this crash under Request No. 2 of Standing General Order 2021-01. Waymo may supplement or correct its reporting with additional information as it may become available. This report was submitted from the Pacific time zone on the required date.",
30270-1920,1,Waymo LLC,Monthly,11,2021,DEC-2021,SADHW2S16M1, ,N/A,Jaguar,I-Pace, ,2021, ,0f2b5c50f367aad,9742, ,In-Vehicle (Commercial / Test),5th Generation ADS, , ,, , ,, , ,, , ,,, , ,,,Yes,ADS,Waymo LLC, , ,Y, , , , , ,,NOV-2021, ,NOV-2021,01:50, ,03d5dd9340f2d40,[MAY CONTAIN PERSONALLY IDENTIFIABLE INFORMATION], ,[MAY CONTAIN PERSONALLY IDENTIFIABLE INFORMATION], ,[MAY CONTAIN PERSONALLY IDENTIFIABLE INFORMATION], ,San Francisco, ,CA ,[MAY CONTAIN PERSONALLY IDENTIFIABLE INFORMATION], ,Intersection,Dry,No Unusual Conditions,25, ,Dark - Lighted,Y, , , , , , , ,,Passenger Car,No Injuries Reported,Yes,Proceeding Straight,No,No, ,Y, , , , , , , , , ,Stopped,No,No,Yes,0, , ,Y,Y, , , , , , , , , , ,Y, ,Y,Y, , ,No,, ,Yes,, ,, ,, ,Yes, ,"On November [XXX], 2021 at 1:50 AM PST a Waymo Autonomous Vehicle ('Waymo AV') operating in San Francisco, CA was in a collision involving a passenger vehicle at [XXX] at [XXX]. 
The Waymo AV was traveling westbound on [XXX] when it yielded to an oncoming passenger vehicle. As the passenger vehicle passed the stopped Waymo AV, its driver side rearview mirror made contact with a Waymo AV sensor. At the time of the impact, the Waymo AV's Level 4 ADS was engaged in autonomous mode, and a test driver was present (in the driver's seating position). The Waymo sustained minor damage and the passenger vehicle sustained minor damage.
Waymo is reporting this crash under Request No. 2 of Standing General Order 2021-01. Waymo may supplement or correct its reporting with additional information as it may become available. This report was submitted from the Pacific time zone on the required date.",