Report ID,Report Version,Reporting Entity,Report Type,Report Month,Report Year,Report Submission Date,VIN,VIN - Unknown,Serial Number,Make,Model,Model - Unknown,Model Year,Model Year - Unknown,Same Vehicle ID,Mileage,Mileage - Unknown,Driver / Operator Type,ADAS/ADS System Version,ADAS/ADS System Version - Unk,ADAS/ADS System Version CBI,ADAS/ADS Hardware Version,ADAS/ADS Hardware Version - Unk,ADAS/ADS Hardware Version CBI,ADAS/ADS Software Version,ADAS/ADS Software Version - Unk,ADAS/ADS Software Version CBI,Other Reporting Entities?,Other Reporting Entities? - Unk,Other Reporting Entities? - NA,Federal Regulatory Exemption?,Other Federal Reg. Exemption,Federal Reg. Exemption - Unk,Federal Reg. Exemption - No,State or Local Permit?,State or Local Permit,ADS Equipped?,Automation System Engaged?,Operating Entity,Operating Entity - Unknown,Source - Complaint/Claim,Source - Telematics,Source - Law Enforcement,Source - Field Report,Source - Testing,Source - Media,Source - Other,Source - Other Text,Incident Date,Incident Date - Unknown,Notice Received Date,Incident Time (24:00),Incident Time - Unknown,Same Incident ID,Latitude,Latitude - Unknown,Longitude,Longitude - Unknown,Address,Address - Unknown,City,City - Unknown,State,Zip Code,Zip Code - Unknown,Roadway Type,Roadway Surface,Roadway Description,Posted Speed Limit (MPH),Posted Speed Limit - Unknown,Lighting,Weather - Clear,Weather - Snow,Weather - Cloudy,Weather - Fog/Smoke,Weather - Rain,Weather - Severe Wind,Weather - Unknown,Weather - Other,Weather - Other Text,Crash With,Highest Injury Severity Alleged,Property Damage?,CP Pre-Crash Movement,CP Any Air Bags Deployed?,CP Was Vehicle Towed?,CP Contact Area - Rear Left,CP Contact Area - Left,CP Contact Area - Front Left,CP Contact Area - Rear,CP Contact Area - Top,CP Contact Area - Front,CP Contact Area - Rear Right,CP Contact Area - Right,CP Contact Area - Front Right,CP Contact Area - Bottom,CP Contact Area - Unknown,SV Pre-Crash Movement,SV Any Air Bags Deployed?,SV Was Vehicle Towed?,SV Were All Passengers Belted?,SV Precrash Speed (MPH),SV Pre-crash Speed - Unknown,SV Contact Area - Rear Left,SV Contact Area - Left,SV Contact Area - Front Left,SV Contact Area - Rear,SV Contact Area - Top,SV Contact Area - Front,SV Contact Area - Rear Right,SV Contact Area - Right,SV Contact Area - Front Right,SV Contact Area - Bottom,SV Contact Area - Unknown,Data Availability - EDR,Data Availability - Police Rpt,Data Availability - Telematics,Data Availability - Complaints,Data Availability - Video,Data Availability - Other,Data Availability - No Data,Data Availability - Unknown,Law Enforcement Investigating?,Investigating Agency,Investigating Agency - Unknown,Rep Ent Or Mfr Investigating?,Investigating Officer Name,Inv. Officer Name - Unknown,Investigating Officer Phone,Inv. Officer Phone - Unknown,Investigating Officer Email,Inv. Officer Email - Unknown,Within ODD?,Within ODD? - CBI,Narrative,Narrative - CBI?
30270-1747,1,Waymo LLC,1-Day,,,NOV-2021,SADHW2S17M1, ,N/A,Jaguar,I-Pace, ,2021, ,c7cd0871d60a651,10606, ,In-Vehicle (Commercial / Test),5th Generation ADS, , ,, , ,, , ,, , ,,, , ,,,Yes,ADS,Waymo LLC, , ,Y, , , , , ,,NOV-2021, ,NOV-2021,16:28, ,b4618f349040cbb,[MAY CONTAIN PERSONALLY IDENTIFIABLE INFORMATION], ,[MAY CONTAIN PERSONALLY IDENTIFIABLE INFORMATION], ,[MAY CONTAIN PERSONALLY IDENTIFIABLE INFORMATION], ,San Francisco, ,CA ,[MAY CONTAIN PERSONALLY IDENTIFIABLE INFORMATION], ,Intersection,Dry,No Unusual Conditions,25, ,Daylight, , ,Y, , , , , ,,Passenger Car,No Injuries Reported,Yes,Proceeding Straight,No,Unknown, , , , , ,Y, , ,Y, , ,Stopped,No,No,Yes,0, ,Y, , ,Y, , , , , , , , , ,Y, ,Y,Y, , ,No,, ,Yes,, ,, ,, ,Yes, ,"Other than the addition of the zip code in which the incident occurred and the status of the ""Law Enforcement Investigating?"" field, the content of this report is unchanged from the initial report submitted on November [XXX], 2021 [Report ID # 30270-1613-1]. 
On November [XXX], 2021 at 4:28 PM PDT a Waymo Autonomous Vehicle (""Waymo AV"") operating in San Francisco, California was in a collision involving a passenger vehicle on [XXX] at [XXX]. 
The Waymo AV was traveling in autonomous mode southbound on [XXX] when it activated its right turn signal and prepared to make a right turn onto [XXX]. The Waymo AV stopped to yield to a pedestrian who was in the adjacent crosswalk on [XXX]. A passenger vehicle behind the Waymo AV struck the rear of the Waymo AV. The Waymo AV sustained minor damage to its rear bumper, and the trailing passenger vehicle sustained minor damage to its front bumper. 
Waymo is reporting this crash under Request No. 1 of Standing General Order 2021-01 because the Waymo AV was stopped for a pedestrian when the impact occurred. Waymo may supplement or correct its reporting with additional information as it may become available. This report was submitted from the Pacific time zone on the required date.",
30531-1618,2,Transdev Alternative Services,10-Day Update,,,NOV-2021,SADHW2S17M1, ,N/A,Jaguar,I-Pace, ,2021, ,c7cd0871d60a651,10606, ,In-Vehicle (Commercial / Test),,Y, ,, , ,, , ,, , ,,, , ,,,Yes,ADS,Waymo LLC., , , , ,Y, , , ,,NOV-2021, ,NOV-2021,16:28, ,b4618f349040cbb,,Y,,Y,[MAY CONTAIN PERSONALLY IDENTIFIABLE INFORMATION], ,San Francisco, ,CA ,[MAY CONTAIN PERSONALLY IDENTIFIABLE INFORMATION], ,Intersection,Dry,No Unusual Conditions,25, ,Daylight, , ,Y, , , , , ,,Passenger Car,No Injuries Reported,Yes,Proceeding Straight,No,Unknown, , , , , ,Y, , ,Y, , ,Stopped,No,No,Yes,0, ,Y, , ,Y, , , , , , , , , , , ,Y,Y, , ,Unknown,San Francisco PD, ,Yes,,Y,,Y,,Y,Yes, ,"***Updates***
Other than the addition of the zip code in which the incident occurred and the status of the ""Law Enforcement Investigating?"" field, the content of this report is unchanged from the initial report submitted on November [XXX], 2021 [Report ID # 30531-1618-2]. ""
On November [XXX], 2021 at 4:28 PM PDT a Waymo Autonomous Vehicle ('Waymo AV') operating in San Francisco, California was in a collision involving a passenger vehicle on [XXX] at [XXX]. 
The Waymo AV was traveling in autonomous mode southbound on [XXX] when it activated its right turn signal and prepared to make a right turn onto [XXX]. The Waymo AV stopped to yield to a pedestrian who was in the adjacent crosswalk on [XXX]. A passenger vehicle behind the Waymo AV struck the rear of the Waymo AV. The Waymo AV sustained minor damage to its rear bumper, and the trailing passenger vehicle sustained minor damage to its front bumper. 
Transdev Alternative Services is reporting this crash under Request No. 1 of Standing General Order 2021-01 because the Waymo AV was stopped for a pedestrian when the impact occurred. Transdev may supplement or correct its reporting with additional information as it may become available.",
30531-1744,1,Transdev Alternative Services,Monthly,10,2021,NOV-2021,SADHW2S1XM1, ,N/A,Jaguar,I-Pace, ,2021, ,3f5f631b7210b62,13485, ,In-Vehicle (Commercial / Test),,Y, ,, , ,, , ,, , ,,, , ,,,Yes,ADS,Waymo LLC, , , , ,Y, , , ,,OCT-2021, ,OCT-2021,12:33, ,31698dec0f30d7d,,Y,,Y,[MAY CONTAIN PERSONALLY IDENTIFIABLE INFORMATION], ,San Francisco, ,CA ,[MAY CONTAIN PERSONALLY IDENTIFIABLE INFORMATION], ,Intersection,Dry,No Unusual Conditions,25, ,Daylight,Y, , , , , , , ,,Passenger Car,No Injuries Reported,Yes,Proceeding Straight,No,No,Y,Y, , , , , , , , , ,Changing Lanes,No,No,Yes,7, , , , , , , , , ,Y, , , , , , ,Y,Y, , ,No,, ,Yes,, ,, ,, ,Yes, ,"On October [XXX], 2021 at 12:33 PM PDT a Waymo Autonomous Vehicle ('Waymo AV') operating in San Francisco, CA was in a collision involving a passenger car on [XXX] between [XXX] and [XXX]. 
While in manual mode and stopped behind traffic waiting to make an unprotected left turn from [XXX] onto [XXX], the Waymo AV test driver attempted to make a right lane change to proceed around its stopped lead vehicle, and made contact with a passenger vehicle traveling in the right adjacent lane. At the time of the impact, the Waymo AV's Level 4 ADS was not engaged and a test driver was operating the Waymo AV in manual mode. The Waymo AV sustained minor damage to its front passenger side bumper corner and sensor hardware, and the passenger vehicle sustained moderate scraping and denting on the driver's side rear passenger door.  
Transdev Alternative Services is reporting this crash under Request No. 2 of Standing General Order 2021-01. Transdev may supplement or correct its reporting with additional information as it may become available.",
30531-1742,1,Transdev Alternative Services,Monthly,10,2021,NOV-2021,SADHW2S14M1, ,N/A,Jaguar,I-Pace, ,2021, ,4e6dc7156efb5a6,13541, ,In-Vehicle (Commercial / Test),,Y, ,, , ,, , ,, , ,,, , ,,,Yes,ADS,Waymo LLC, , , , ,Y, , , ,,OCT-2021, ,NOV-2021,18:39, ,488a8ae4eedfb82,,Y,,Y,[MAY CONTAIN PERSONALLY IDENTIFIABLE INFORMATION], ,San Francisco, ,CA ,[MAY CONTAIN PERSONALLY IDENTIFIABLE INFORMATION], ,Street,Dry,No Unusual Conditions,25, ,Dawn / Dusk,Y, , , , , , , ,,Passenger Car,No Injuries Reported,Yes,Backing,No,Unknown,Y, , , , , , , , , , ,Stopped,No,No,Yes,0, , , , , , , , , ,Y, , , , , , ,Y,Y, , ,No,, ,Yes,, ,, ,, ,Yes, ,"On October [XXX], 2021 at 6:39 PM PDT a Waymo Autonomous Vehicle (""Waymo AV"") operating in San Francisco, California was in a collision involving a passenger vehicle at [XXX] at [XXX]. While traveling northwest on [XXX] in autonomous mode, the Waymo AV navigated around a double-parked vehicle stopped in the right lane. After re-entering the right lane, the Waymo AV came to a complete stop behind a second passenger vehicle, at which time the driver of the Waymo AV (in the driver's seating position) transitioned into manual mode. The second passenger vehicle reversed into the Waymo AV, making contact with its front bumper. At the time of the impact, the Waymo AV's Level 4 ADS was not engaged in autonomous mode. Both vehicles sustained minor bumper damage. 
Transdev Alternative Services is reporting this crash under Request No. 2 of Standing General Order 2021-01. Transdev may supplement or correct its reporting with additional information as it may become available.",
30270-1728,1,Waymo LLC,Monthly,10,2021,NOV-2021,SADHW2S1XM1, ,N/A,Jaguar,I-Pace, ,2021, ,3f5f631b7210b62,13485, ,In-Vehicle (Commercial / Test),5th Generation ADS, , ,, , ,, , ,, , ,,, , ,,,Yes,ADS,Waymo LLC, , ,Y, , , , , ,,OCT-2021, ,OCT-2021,12:33, ,31698dec0f30d7d,[MAY CONTAIN PERSONALLY IDENTIFIABLE INFORMATION], ,[MAY CONTAIN PERSONALLY IDENTIFIABLE INFORMATION], ,[MAY CONTAIN PERSONALLY IDENTIFIABLE INFORMATION], ,San Francisco, ,CA ,[MAY CONTAIN PERSONALLY IDENTIFIABLE INFORMATION], ,Intersection,Dry,No Unusual Conditions,25, ,Daylight,Y, , , , , , , ,,Passenger Car,No Injuries Reported,Yes,Proceeding Straight,No,No,Y,Y, , , , , , , , , ,Changing Lanes,No,No,Yes,7, , , , , , , , , ,Y, , , , ,Y, ,Y,Y, , ,No,, ,Yes,, ,, ,, ,Yes, ,"On October [XXX], 2021 at 12:33 PM PDT a Waymo Autonomous Vehicle ('Waymo AV') operating in San Francisco, CA was in a collision involving a passenger car on [XXX] between [XXX] and [XXX]. 
While in manual mode and stopped behind traffic waiting to make an unprotected left turn from [XXX] onto [XXX], the Waymo AV test driver attempted to make a right lane change to proceed around its stopped lead vehicle, and made contact with a passenger vehicle traveling in the right adjacent lane. At the time of the impact, the Waymo AV's Level 4 ADS was not engaged and a test driver was operating the Waymo AV in manual mode. The Waymo AV sustained minor damage to its front passenger side bumper corner and sensor hardware, and the passenger vehicle sustained moderate scraping and denting on the driver's side rear passenger door.  
Waymo is reporting this crash under Request No. 2 of Standing General Order 2021-01. Waymo may supplement or correct its reporting with additional information as it may become available. This report was submitted from the Pacific time zone on the required date.",
30270-1727,1,Waymo LLC,Monthly,10,2021,NOV-2021,SADHW2S14M1, ,N/A,Jaguar,I-Pace, ,2021, ,4e6dc7156efb5a6,13541, ,In-Vehicle (Commercial / Test),5th Generation ADS, , ,, , ,, , ,, , ,,, , ,,,Yes,ADS,Waymo LLC, , ,Y, , , , , ,,OCT-2021, ,OCT-2021,18:39, ,488a8ae4eedfb82,[MAY CONTAIN PERSONALLY IDENTIFIABLE INFORMATION], ,[MAY CONTAIN PERSONALLY IDENTIFIABLE INFORMATION], ,[MAY CONTAIN PERSONALLY IDENTIFIABLE INFORMATION], ,San Francisco, ,CA ,[MAY CONTAIN PERSONALLY IDENTIFIABLE INFORMATION], ,Street,Dry,No Unusual Conditions,25, ,Dawn / Dusk,Y, , , , , , , ,,Passenger Car,No Injuries Reported,Yes,Backing,No,Unknown,Y, , , , , , , , , , ,Stopped,No,No,Yes,0, , , , , , , , , ,Y, , , , ,Y, ,Y,Y, , ,No,, ,Yes,, ,, ,, ,Yes, ,"On October [XXX], 2021 at 6:39 PM PDT a Waymo Autonomous Vehicle ('Waymo AV') operating in San Francisco, California was in a collision involving a passenger vehicle at [XXX] at [XXX]. While traveling northwest on [XXX] in autonomous mode, the Waymo AV navigated around a double-parked vehicle stopped in the right lane. After re-entering the right lane, the Waymo AV came to a complete stop behind a second passenger vehicle, at which time the driver of the Waymo AV (in the driver's seating position) transitioned into manual mode. The second passenger vehicle reversed into the Waymo AV, making contact with its front bumper. At the time of the impact, the Waymo AV's Level 4 ADS was not engaged in autonomous mode. Both vehicles sustained minor bumper damage. 
Waymo is reporting this crash under Request No. 2 of Standing General Order 2021-01. Waymo may supplement or correct its reporting with additional information as it may become available. This report was submitted from the Pacific time zone on the required date.",
30792-1699,1,WeRide Corp,Monthly,11,2021,NOV-2021,1N4AZ1CP3KC, ,N/A,Nissan,Leaf SL, ,2019, ,efc5d61366657a2,9645, ,In-Vehicle (Commercial / Test),Level 4, , ,, , ,, , ,, , ,,, , ,,,Yes,ADS,Weride Corp, , ,Y, , ,Y, , ,,NOV-2021, ,NOV-2021,15:27, ,2926e5994b7c3a5,[MAY CONTAIN PERSONALLY IDENTIFIABLE INFORMATION], ,[MAY CONTAIN PERSONALLY IDENTIFIABLE INFORMATION], ,[MAY CONTAIN PERSONALLY IDENTIFIABLE INFORMATION], ,San Jose, ,CA ,[MAY CONTAIN PERSONALLY IDENTIFIABLE INFORMATION], ,Highway / Freeway,Dry,No Unusual Conditions,45, ,Daylight,Y, , , , , , , ,,Passenger Car,No Injuries Reported,No,Proceeding Straight,No,No, , , , , ,Y, , , , , ,Stopped,No,No,Yes,0, , , , ,Y, , , , , , , , , ,Y, ,Y, , , ,No,, ,Yes,, ,, ,, ,Yes, ,"At 3:27 PM on 11/[XXX]/2021, a driver from Weride was operating one of our L4 autonomous vehicles in autonomous mode on the on-ramp to [XXX] from [XXX] in North San Jose.  Our car was in the queue of traffic waiting for the metering light.   While our car was stationary (0 MPH), the other car involved accelerated slightly to about 5 MPH, which resulted in a minor rear end collision.  Our driver disengaged as a precautionary measure and pulled over to the shoulder with the other party.  There were no injuries and information was exchanged.  Since damage to [XXX] car was minimal, it was driven back to the office in manual mode.",
30412-1674,1,Cruise LLC,1-Day,,,NOV-2021,5G21A6P02L4, ,N/A,Chevrolet,Bolt, ,2020, ,6e2c6e07710c76b,32552, ,In-Vehicle and Remote (Commercial / Test),"[REDACTED, MAY CONTAIN CONFIDENTIAL BUSINESS INFORMATION]", ,Y,, , ,, , ,, , ,,, , ,,,Yes,ADS,Cruise, , , , , ,Y, , ,,NOV-2021, ,NOV-2021,16:49, ,62c34a263ca5455,[MAY CONTAIN PERSONALLY IDENTIFIABLE INFORMATION], ,[MAY CONTAIN PERSONALLY IDENTIFIABLE INFORMATION], ,[MAY CONTAIN PERSONALLY IDENTIFIABLE INFORMATION], ,San Francisco, ,CA ,[MAY CONTAIN PERSONALLY IDENTIFIABLE INFORMATION], ,Intersection,Dry,No Unusual Conditions,25, ,Daylight,Y, , , , , , , ,,Passenger Car,No Injuries Reported,Yes,Making Left Turn,No,No, , ,Y, , , , , , , , ,Proceeding Straight,No,Yes,Yes,5, , , , , , , , , ,Y, , ,Y, ,Y, ,Y,Y, , ,No,, ,Yes,, ,, ,, ,"[REDACTED, MAY CONTAIN CONFIDENTIAL BUSINESS INFORMATION]",Y,"A Cruise autonomous vehicle (Cruise AV), operating in supervised autonomous mode, was traveling westbound on [XXX] between [XXX] and [XXX]. The Cruise AV was traveling 5 mph upon coming to the intersection with [XXX] on a green light. As the Cruise AV entered the intersection, a 2014 Audi made a prohibited left turn from the rightmost westbound lane on [XXX]. The Cruise AV operator disengaged the Cruise AV from autonomous mode but, shortly thereafter, the 2014 Audi made contact with the Cruise AV, damaging the front right of the Cruise AV and the front left bumper of the 2014 Audi. Police were not called to the scene and no injuries were reported. [REDACTED CONFIDENTIAL BUSINESS INFORMATION]",Y
30531-1618,1,Transdev Alternative Services,1-Day,,,NOV-2021,SADHW2S17M1, ,N/A,Jaguar,I-Pace, ,2021, ,c7cd0871d60a651,10606, ,In-Vehicle (Commercial / Test),,Y, ,, , ,, , ,, , ,,, , ,,,Yes,ADS,Waymo LLC., , , , ,Y, , , ,,NOV-2021, ,NOV-2021,16:28, ,b4618f349040cbb,,Y,,Y,[MAY CONTAIN PERSONALLY IDENTIFIABLE INFORMATION], ,San Francisco, ,CA ,,Y,Intersection,Dry,No Unusual Conditions,25, ,Daylight, , ,Y, , , , , ,,Passenger Car,No Injuries Reported,Yes,Proceeding Straight,No,Unknown, , , , , ,Y, , ,Y, , ,Stopped,No,No,Yes,0, ,Y, , ,Y, , , , , , , , , , , ,Y,Y, , ,Unknown,San Francisco PD, ,Yes,,Y,,Y,,Y,Yes, ,"On November [XXX], 2021 at 4:28 PM PDT a Waymo Autonomous Vehicle ('Waymo AV') operating in San Francisco, California was in a collision involving a passenger vehicle on [XXX] at [XXX]. 
The Waymo AV was traveling in autonomous mode southbound on [XXX] when it activated its right turn signal and prepared to make a right turn onto [XXX]. The Waymo AV stopped to yield to a pedestrian who was in the adjacent crosswalk on [XXX]. A passenger vehicle behind the Waymo AV struck the rear of the Waymo AV. The Waymo AV sustained minor damage to its rear bumper, and the trailing passenger vehicle sustained minor damage to its front bumper. 
Transdev Alternative Services is reporting this crash under Request No. 1 of Standing General Order 2021-01 because the Waymo AV was stopped for a pedestrian when the impact occurred. Transdev may supplement or correct its reporting with additional information as it may become available.",
30270-1613,1,Waymo LLC,1-Day,,,NOV-2021,SADHW2S17M1, ,N/A,Jaguar,I-Pace, ,2021, ,c7cd0871d60a651,10606, ,In-Vehicle (Commercial / Test),5th Generation ADS, , ,, , ,, , ,, , ,,, , ,,,Yes,ADS,Waymo LLC, , ,Y, , , , , ,,NOV-2021, ,NOV-2021,16:28, ,b4618f349040cbb,[MAY CONTAIN PERSONALLY IDENTIFIABLE INFORMATION], ,[MAY CONTAIN PERSONALLY IDENTIFIABLE INFORMATION], ,[MAY CONTAIN PERSONALLY IDENTIFIABLE INFORMATION], ,San Francisco, ,CA ,,Y,Intersection,Dry,No Unusual Conditions,25, ,Daylight, , ,Y, , , , , ,,Passenger Car,No Injuries Reported,Yes,Proceeding Straight,No,Unknown, , , , , ,Y, , ,Y, , ,Stopped,No,No,Yes,0, ,Y, , ,Y, , , , , , , , , ,Y, ,Y,Y, , ,Unknown,San Francisco Police Department, ,Yes,,Y,,Y,,Y,Yes, ,"On November [XXX], 2021 at 4:28 PM PDT a Waymo Autonomous Vehicle ('Waymo AV') operating in San Francisco, California was in a collision involving a passenger vehicle on [XXX] at [XXX]. 
The Waymo AV was traveling in autonomous mode southbound on [XXX] when it activated its right turn signal and prepared to make a right turn onto [XXX]. The Waymo AV stopped to yield to a pedestrian who was in the adjacent crosswalk on [XXX]. A passenger vehicle behind the Waymo AV struck the rear of the Waymo AV. The Waymo AV sustained minor damage to its rear bumper, and the trailing passenger vehicle sustained minor damage to its front bumper. 
Waymo is reporting this crash under Request No. 1 of Standing General Order 2021-01 because the Waymo AV was stopped for a pedestrian when the impact occurred. Waymo may supplement or correct its reporting with additional information as it may become available. This report was submitted from the Pacific time zone on the required date.",
30531-1507,1,Transdev Alternative Services,Monthly,9,2021,OCT-2021,SADHWDS16M1, ,[MAY CONTAIN PERSONALLY IDENTIFIABLE INFORMATION],Jaguar,I-Pace, ,2021, ,6e2a7f46ce25f9a,8379, ,In-Vehicle (Commercial / Test),,Y, ,, , ,, , ,, , ,,, , ,,,Yes,ADS,Waymo LLC., , , , ,Y, , , ,,SEP-2021, ,SEP-2021,11:39, ,0d0ae62c0bf671d,,Y,,Y,[MAY CONTAIN PERSONALLY IDENTIFIABLE INFORMATION], ,San Francisco, ,CA ,[MAY CONTAIN PERSONALLY IDENTIFIABLE INFORMATION], ,Street,Dry,No Unusual Conditions,25, ,Daylight,Y, , , , , , , ,,Passenger Car,No Injuries Reported,Yes,Backing,No,No,Y, , , , , , , , , , ,Stopped,No,No,Yes,0, , , , , , , ,Y, , , , , , , , ,Y,Y, , ,No,, ,Yes,, ,, ,, ,Yes, ,See Waymo report WaymoLLC-202109[XXX]-0 (rev.202110[XXX]153149) for Narrative details.,
30531-1505,1,Transdev Alternative Services,Monthly,9,2021,OCT-2021,SADHW2S13M1, ,N/A,Jaguar,I-Pace, ,2021, ,69f9ac55561d6ff,11571, ,In-Vehicle (Commercial / Test),,Y, ,, , ,, , ,, , ,,, , ,,,Yes,ADS,Waymo LLC., , , , ,Y, , , ,,SEP-2021, ,SEP-2021,12:33, ,0cb307e3099fa7e,,Y,,Y,[MAY CONTAIN PERSONALLY IDENTIFIABLE INFORMATION], ,San Francisco, ,CA ,[MAY CONTAIN PERSONALLY IDENTIFIABLE INFORMATION], ,Intersection,Dry,No Unusual Conditions,25, ,Daylight,Y, , , , , , , ,,Passenger Car,No Injuries Reported,Yes,Making Right Turn,Unknown,Unknown, , , , , , , , , , ,Y,Stopped,No,No,Yes,0, , , ,Y, , , , , , , , , , , , ,Y,Y, , ,No,, ,Yes,, ,, ,, ,Yes, ,"On September [XXX], 2021 at 12:33 PM PDT a Waymo Autonomous Vehicle ('Waymo AV') operating in San Francisco, California was in a collision involving a passenger vehicle at [XXX] and [XXX]. 
The Waymo AV was waiting to turn right onto [XXX] in autonomous mode when the driver (in the driver's seating position) transitioned to manual mode. A passenger vehicle was in the process of completing a right turn from [XXX] onto [XXX] and made contact with the front left fender of the stopped Waymo AV, before proceeding straight through the narrow roadway. At the time of the impact the Waymo AV's Level 4 ADS was not engaged and a test driver was operating the Waymo AV in manual mode. The Waymo AV sustained minor damage to the fender. The other vehicle left the scene without exchanging information. 
Transdev Alternative Services is reporting this duplicate crash report under Request No. 2 of Standing General Order 2021-01. Transdev will supplement or correct its reporting with additional information as it may become available.",
30531-1504,1,Transdev Alternative Services,Monthly,9,2021,OCT-2021,SADHW2S18M1, ,N/A,Jaguar,I-Pace, ,2021, ,d5bf40bdf0b1c10,2684, ,In-Vehicle (Commercial / Test),,Y, ,, , ,, , ,, , ,,, , ,,,Yes,ADS,Waymo LLC., , , , ,Y, , , ,,SEP-2021, ,SEP-2021,17:14, ,a2f72a0435b1c3e,,Y,,Y,[MAY CONTAIN PERSONALLY IDENTIFIABLE INFORMATION], ,Sann Francisco, ,CA ,[MAY CONTAIN PERSONALLY IDENTIFIABLE INFORMATION], ,Intersection,Dry,No Unusual Conditions,25, ,Daylight,Y, , , , , , , ,,Passenger Car,No Injuries Reported,Yes,Traveling Wrong Way,Unknown,Unknown, , , , , , , , , , ,Y,Making Left Turn,No,No,Yes,8, , , ,Y, , , , , , , , , , , , ,Y,Y, , ,No,, ,Yes,, ,, ,, ,Yes, ,"On September [XXX], 2021 at 5:14 PM PDT a Waymo Autonomous Vehicle ('Waymo AV') operating in San Francisco, California was in a collision involving a passenger vehicle at [XXX] and [XXX]. 
While making a left turn from [XXX] onto [XXX] in manual mode, the Waymo AV was struck by a passenger vehicle attempting to pass the Waymo AV on the left side using the oncoming traffic lane. At the time of the impact the Waymo AV's Level 4 ADS was not engaged and a test driver (in the driver's seating position) was operating the Waymo AV in manual mode. The Waymo AV sustained minor damage to the left front fender. The other vehicle left the scene without exchanging information.
Transdev Alternative Services is reporting this duplicate crash report under Request No. 2 of Standing General Order 2021-01. Transdev will supplement or correct its reporting with additional information as it may become available.",
30531-1503,1,Transdev Alternative Services,Monthly,9,2021,OCT-2021,SADHW2S10M1, ,N/A,Jaguar,I-Pace, ,2021, ,93f83a6c71b9de2,2055, ,In-Vehicle (Commercial / Test),,Y, ,, , ,, , ,, , ,,, , ,,,Yes,ADS,Waymo LLC., , , , ,Y, , , ,,SEP-2021, ,SEP-2021,01:56, ,1dacdcc3d3d698e,,Y,,Y,[MAY CONTAIN PERSONALLY IDENTIFIABLE INFORMATION], ,San Francisco, ,CA ,[MAY CONTAIN PERSONALLY IDENTIFIABLE INFORMATION], ,Street,Dry,No Unusual Conditions,25, ,Dark - Not Lighted,Y, , , , , , , ,,Passenger Car,No Injuries Reported,Yes,Parked,No,No, , , , , , ,Y, , , , ,Backing,No,No,Yes,2, , , , , , , ,Y, , , , , , , , ,Y,Y, , ,No,, ,Yes,, ,, ,, ,Yes, ,"On September [XXX], 2021 at 1:56 AM PDT, a Waymo Autonomous Vehicle (""Waymo AV"") operating in San Francisco was in a collision involving an unoccupied parked passenger vehicle at the north end of [XXX] (a dead-end road). 
While performing a multipoint turn in autonomous mode, the Waymo AV was reversing at approximately 2 MPH when it made contact with the rear tail light of an unoccupied parked passenger vehicle. The Waymo AV was operating with a test driver present (in the driver's seating position), and at the time of the impact, the Waymo AV's Level 4 ADS was engaged in autonomous mode. The contact caused a small break in the tail light cover of the parked vehicle and minor damage to the rear bumper of the Waymo AV.
Transdev Alternative Services is reporting this duplicate crash report under Request No. 2 of Standing General Order 2021-01. Transdev will supplement or correct its reporting with additional information as it may become available.",
30270-1500,1,Waymo LLC,Monthly,9,2021,OCT-2021,SADHW2S16M1, ,N/A,Jaguar,I-Pace, ,2021, ,127631507705ca2,8379, ,In-Vehicle (Commercial / Test),5th Generation ADS, , ,, , ,, , ,, , ,,, , ,,,Yes,ADS,Waymo LLC, , ,Y, , , , , ,,SEP-2021, ,SEP-2021,11:39, ,0d0ae62c0bf671d,[MAY CONTAIN PERSONALLY IDENTIFIABLE INFORMATION], ,[MAY CONTAIN PERSONALLY IDENTIFIABLE INFORMATION], ,[MAY CONTAIN PERSONALLY IDENTIFIABLE INFORMATION], ,San Francisco, ,CA ,[MAY CONTAIN PERSONALLY IDENTIFIABLE INFORMATION], ,Street,Dry,No Unusual Conditions,25, ,Daylight,Y, , , , , , , ,,Passenger Car,No Injuries Reported,Yes,Backing,No,No,Y, , , , , , , , , , ,Stopped,No,No,Yes,0, , , , , , , ,Y, , , , , , ,Y, ,Y,Y, , ,No,, ,Yes,, ,, ,, ,Yes, ,"On September [XXX], 2021 at 11:39 AM PDT a Waymo Autonomous Vehicle ('Waymo AV') operating in San Francisco, California was in a collision involving a passenger vehicle on the 400 block of [XXX].
While in autonomous mode, the Waymo AV was stopped behind a double-parked passenger vehicle in the right-hand lane of traffic with slow-moving (same directional) traffic to its left. The driver of the Waymo AV (in the driver's seating position) transitioned the vehicle to manual mode and initiated a lane change into the congested left-hand lane. Before the driver of the Waymo AV could complete this maneuver, the passenger vehicle in front of the Waymo AV shifted into reverse and proceeded to make contact with the rear right sensor of the Waymo AV. At the time of the impact the Waymo AV's Level 4 ADS was not engaged and a test driver was operating the Waymo AV in manual mode. Both vehicles sustained minor damage. 
Waymo is reporting this crash under Request No. 2 of Standing General Order 2021-01. Waymo will supplement or correct its reporting with additional information as it may become available. This report was submitted from the Pacific time zone on the required date.",